Date,fx_JPUS,fx_USEU,fx_USUK
1971-01-04,357.73,,2.3938
1971-01-05,357.81,,2.3949
1971-01-06,357.86,,2.3967
1971-01-07,357.87,,2.3963
1971-01-08,357.82,,2.3972
1971-01-11,357.95,,2.3992
1971-01-12,358.06,,2.4001
1971-01-13,358.44,,2.4021
1971-01-14,358.4,,2.4071
1971-01-15,358.4,,2.4057
1971-01-18,358.29,,2.4052
1971-01-19,358.35,,2.4081
1971-01-20,358.4,,2.408
1971-01-21,358.27,,2.4092
1971-01-22,357.9,,2.4103
1971-01-25,357.73,,2.4147
1971-01-26,357.78,,2.416
1971-01-27,357.79,,2.4161
1971-01-28,357.83,,2.4169
1971-01-29,357.72,,2.4174
1971-02-01,357.67,,2.4184
1971-02-02,357.55,,2.4181
1971-02-03,357.54,,2.4184
1971-02-04,357.51,,2.4167
1971-02-05,357.53,,2.4147
1971-02-08,357.49,,2.4182
1971-02-09,357.5,,2.4151
1971-02-10,357.5,,2.4159
1971-02-11,357.5,,2.4158
1971-02-12,,,
1971-02-15,,,
1971-02-16,357.53,,2.4193
1971-02-17,357.53,,2.4193
1971-02-18,357.53,,2.4191
1971-02-19,357.56,,2.419
1971-02-22,357.6,,2.4192
1971-02-23,357.55,,2.4193
1971-02-24,357.6,,2.4193
1971-02-25,357.56,,2.4177
1971-02-26,357.56,,2.416
1971-03-01,357.63,,2.4162
1971-03-02,357.56,,2.4184
1971-03-03,357.49,,2.4193
1971-03-04,357.45,,2.4179
1971-03-05,357.59,,2.4183
1971-03-08,357.55,,2.4192
1971-03-09,357.46,,2.4188
1971-03-10,357.59,,2.4192
1971-03-11,357.56,,2.4188
1971-03-12,357.58,,2.4193
1971-03-15,357.54,,2.4193
1971-03-16,357.49,,2.4183
1971-03-17,357.53,,2.4194
1971-03-18,357.56,,2.419
1971-03-19,357.56,,2.419
1971-03-22,357.44,,2.4193
1971-03-23,357.53,,2.4193
1971-03-24,357.53,,2.4194
1971-03-25,357.47,,2.4185
1971-03-26,357.47,,2.4188
1971-03-29,357.44,,2.4194
1971-03-30,357.49,,2.4181
1971-03-31,357.42,,2.4168
1971-04-01,357.49,,2.4147
1971-04-02,357.53,,2.4125
1971-04-05,357.5,,2.4161
1971-04-06,357.46,,2.4189
1971-04-07,357.55,,2.417
1971-04-08,357.55,,2.4167
1971-04-09,357.5,,2.4167
1971-04-12,357.5,,2.4169
1971-04-13,357.62,,2.4167
1971-04-14,357.58,,2.418
1971-04-15,357.5,,2.4187
1971-04-16,357.54,,2.4186
1971-04-19,357.49,,2.4193
1971-04-20,357.49,,2.4193
1971-04-21,357.49,,2.4196
1971-04-22,357.49,,2.4187
1971-04-23,357.49,,2.4189
1971-04-26,357.5,,2.4188
1971-04-27,357.49,,2.419
1971-04-28,357.5,,2.4195
1971-04-29,357.41,,2.4192
1971-04-30,357.4,,2.4193
1971-05-03,357.41,,2.4189
1971-05-04,357.4,,2.4185
1971-05-05,357.4,,2.4194
1971-05-06,357.41,,2.4185
1971-05-07,357.41,,2.4188
1971-05-10,357.14,,2.4173
1971-05-11,357.44,,2.417
1971-05-12,357.53,,2.4183
1971-05-13,357.49,,2.4183
1971-05-14,357.49,,2.4186
1971-05-17,357.4,,2.4193
1971-05-18,357.44,,2.419
1971-05-19,357.4,,2.4194
1971-05-20,357.46,,2.4193
1971-05-21,357.4,,2.4194
1971-05-24,357.4,,2.4194
1971-05-25,357.4,,2.419
1971-05-26,357.44,,2.4194
1971-05-27,357.4,,2.4187
1971-05-28,357.4,,2.4178
1971-05-31,,,
1971-06-01,357.46,,2.4162
1971-06-02,357.4,,2.417
1971-06-03,357.46,,2.4188
1971-06-04,357.4,,2.419
1971-06-07,357.4,,2.4192
1971-06-08,357.4,,2.4188
1971-06-09,357.4,,2.4194
1971-06-10,357.4,,2.4193
1971-06-11,357.4,,2.4194
1971-06-14,357.4,,2.4186
1971-06-15,357.46,,2.4187
1971-06-16,357.46,,2.4193
1971-06-17,357.46,,2.4189
1971-06-18,357.4,,2.4191
1971-06-21,357.4,,2.4191
1971-06-22,357.4,,2.419
1971-06-23,357.4,,2.4195
1971-06-24,357.4,,2.4191
1971-06-25,357.4,,2.4191
1971-06-28,357.37,,2.4185
1971-06-29,357.39,,2.419
1971-06-30,357.4,,2.4196
1971-07-01,357.4,,2.419
1971-07-02,357.4,,2.419
1971-07-05,,,
1971-07-06,357.45,,2.4181
1971-07-07,357.46,,2.4187
1971-07-08,357.46,,2.4185
1971-07-09,357.4,,2.4183
1971-07-12,357.41,,2.4182
1971-07-13,357.44,,2.418
1971-07-14,357.4,,2.4187
1971-07-15,357.4,,2.4187
1971-07-16,357.4,,2.4189
1971-07-19,357.39,,2.4183
1971-07-20,357.39,,2.4182
1971-07-21,357.4,,2.4191
1971-07-22,357.37,,2.4188
1971-07-23,357.36,,2.419
1971-07-26,357.4,,2.418
1971-07-27,357.37,,2.4178
1971-07-28,357.4,,2.4185
1971-07-29,357.4,,2.4184
1971-07-30,357.39,,2.4184
1971-08-02,357.41,,2.4175
1971-08-03,357.37,,2.417
1971-08-04,357.37,,2.4193
1971-08-05,357.37,,2.4183
1971-08-06,357.37,,2.4185
1971-08-09,357.35,,2.4192
1971-08-10,357.39,,2.4187
1971-08-11,357.35,,2.4197
1971-08-12,357.4,,2.4196
1971-08-13,357.35,,2.4195
1971-08-16,,,
1971-08-17,,,
1971-08-18,,,
1971-08-19,,,
1971-08-20,,,
1971-08-23,,,2.435
1971-08-24,,,2.4447
1971-08-25,,,2.4589
1971-08-26,,,2.4723
1971-08-27,,,2.4693
1971-08-30,,,2.4677
1971-08-31,339.85,,2.4535
1971-09-01,341.01,,2.4541
1971-09-02,338.98,,2.4576
1971-09-03,340.14,,2.459
1971-09-06,,,
1971-09-07,339.79,,2.4583
1971-09-08,339.39,,2.4584
1971-09-09,339.07,,2.4587
1971-09-10,338.81,,2.4592
1971-09-13,338.98,,2.4602
1971-09-14,338.24,,2.467
1971-09-15,338.41,,2.4709
1971-09-16,337.84,,2.471
1971-09-17,337.95,,2.472
1971-09-20,337.27,,2.4743
1971-09-21,337.34,,2.4733
1971-09-22,337.44,,2.474
1971-09-23,337.27,,2.4805
1971-09-24,336.98,,2.4825
1971-09-27,336.25,,2.4803
1971-09-28,336.36,,2.4782
1971-09-29,335.57,,2.4838
1971-09-30,335.35,,2.4847
1971-10-01,333.39,,2.4892
1971-10-04,333.17,,2.4889
1971-10-05,333.14,,2.4894
1971-10-06,332.65,,2.4882
1971-10-07,332.61,,2.4894
1971-10-08,332.37,,2.4802
1971-10-11,,,
1971-10-12,330.52,,2.4895
1971-10-13,331.4,,2.4891
1971-10-14,330.85,,2.4806
1971-10-15,330.58,,2.4889
1971-10-18,329.6,,2.4894
1971-10-19,330.85,,2.4893
1971-10-20,331.07,,2.4912
1971-10-21,330.79,,2.4921
1971-10-22,330.36,,2.4927
1971-10-25,,,
1971-10-26,329.0,,2.494
1971-10-27,329.54,,2.4945
1971-10-28,329.71,,2.4938
1971-10-29,329.5,,2.4914
1971-11-01,329.45,,2.4927
1971-11-02,,,
1971-11-03,329.5,,2.493
1971-11-04,330.87,,2.4928
1971-11-05,329.16,,2.4936
1971-11-08,329.22,,2.4931
1971-11-09,329.16,,2.4926
1971-11-10,329.11,,2.4925
1971-11-11,329.11,,2.4934
1971-11-12,329.49,,2.4937
1971-11-15,328.73,,2.493
1971-11-16,328.62,,2.4929
1971-11-17,328.8,,2.4938
1971-11-18,328.68,,2.4935
1971-11-19,328.4,,2.4938
1971-11-22,328.41,,2.4937
1971-11-23,328.19,,2.4939
1971-11-24,328.04,,2.4935
1971-11-25,,,
1971-11-26,327.6,,2.4937
1971-11-29,327.06,,2.4938
1971-11-30,327.44,,2.4937
1971-12-01,327.6,,2.4939
1971-12-02,326.0,,2.493
1971-12-03,325.1,,2.4985
1971-12-06,326.53,,2.4978
1971-12-07,323.62,,2.5011
1971-12-08,323.5,,2.5079
1971-12-09,323.52,,2.5175
1971-12-10,323.1,,2.5182
1971-12-13,322.79,,2.519
1971-12-14,322.58,,2.5189
1971-12-15,321.54,,2.5192
1971-12-16,320.0,,2.5197
1971-12-17,320.36,,2.5292
1971-12-20,,,
1971-12-21,314.98,,2.5537
1971-12-22,314.96,,2.5538
1971-12-23,315.01,,2.5485
1971-12-24,315.21,,2.5477
1971-12-27,314.96,,2.5482
1971-12-28,315.01,,2.5473
1971-12-29,315.21,,2.5474
1971-12-30,315.01,,2.5536
1971-12-31,315.01,,2.552
1972-01-03,314.86,,2.552
1972-01-04,314.96,,2.5505
1972-01-05,314.86,,2.551
1972-01-06,312.01,,2.5502
1972-01-07,312.5,,2.5502
1972-01-10,312.99,,2.5498
1972-01-11,314.47,,2.549
1972-01-12,313.48,,2.5504
1972-01-13,313.97,,2.5541
1972-01-14,312.99,,2.572
1972-01-17,313.38,,2.585
1972-01-18,312.89,,2.58
1972-01-19,312.79,,2.5801
1972-01-20,312.01,,2.5815
1972-01-21,312.3,,2.5824
1972-01-24,312.21,,2.5873
1972-01-25,311.82,,2.5903
1972-01-26,311.53,,2.5894
1972-01-27,310.08,,2.5903
1972-01-28,310.46,,2.5914
1972-01-31,310.56,,2.5937
1972-02-01,310.37,,2.5998
1972-02-02,308.55,,2.6067
1972-02-03,309.12,,2.6046
1972-02-04,308.64,,2.6
1972-02-07,308.17,,2.6029
1972-02-08,307.69,,2.6037
1972-02-09,304.79,,2.605
1972-02-10,304.69,,2.6059
1972-02-11,304.69,,2.6055
1972-02-14,304.23,,2.5952
1972-02-15,304.14,,2.5937
1972-02-16,303.95,,2.6045
1972-02-17,303.95,,2.605
1972-02-18,303.49,,2.6055
1972-02-21,,,
1972-02-22,302.85,,2.605
1972-02-23,302.48,,2.6062
1972-02-24,302.11,,2.607
1972-02-25,302.48,,2.6054
1972-02-28,303.95,,2.6057
1972-02-29,303.4,,2.6059
1972-03-01,303.21,,2.6058
1972-03-02,303.03,,2.6058
1972-03-03,302.66,,2.6077
1972-03-06,302.75,,2.6112
1972-03-07,302.3,,2.6213
1972-03-08,302.02,,2.6257
1972-03-09,301.66,,2.644
1972-03-10,301.93,,2.6409
1972-03-13,302.3,,2.6387
1972-03-14,302.21,,2.629
1972-03-15,302.11,,2.621
1972-03-16,302.02,,2.62
1972-03-17,302.11,,2.61
1972-03-20,302.3,,2.6105
1972-03-21,302.11,,2.6175
1972-03-22,302.11,,2.6168
1972-03-23,301.93,,2.6096
1972-03-24,302.3,,2.6065
1972-03-27,302.57,,2.6107
1972-03-28,302.85,,2.615
1972-03-29,303.77,,2.616
1972-03-30,303.77,,2.6152
1972-03-31,304.32,,2.6163
1972-04-03,304.14,,2.616
1972-04-04,304.97,,2.6128
1972-04-05,305.16,,2.612
1972-04-06,304.88,,2.6093
1972-04-07,303.21,,2.6088
1972-04-10,302.11,,2.6082
1972-04-11,302.3,,2.6115
1972-04-12,302.43,,2.6125
1972-04-13,302.57,,2.6102
1972-04-14,302.94,,2.6086
1972-04-17,302.57,,2.6082
1972-04-18,302.39,,2.6068
1972-04-19,302.94,,2.6068
1972-04-20,303.03,,2.6093
1972-04-21,303.21,,2.6084
1972-04-24,305.16,,2.6099
1972-04-25,304.32,,2.6111
1972-04-26,303.77,,2.611
1972-04-27,304.23,,2.6116
1972-04-28,304.88,,2.611
1972-05-01,304.41,,2.611
1972-05-02,304.23,,2.6108
1972-05-03,304.32,,2.6115
1972-05-04,304.23,,2.6112
1972-05-05,304.32,,2.6105
1972-05-08,305.06,,2.6107
1972-05-09,304.97,,2.6139
1972-05-10,303.77,,2.6152
1972-05-11,303.58,,2.6128
1972-05-12,303.86,,2.613
1972-05-15,304.32,,2.6122
1972-05-16,304.41,,2.6113
1972-05-17,304.51,,2.6136
1972-05-18,304.6,,2.6135
1972-05-19,304.04,,2.6132
1972-05-22,304.41,,2.6133
1972-05-23,304.23,,2.6128
1972-05-24,304.32,,2.6133
1972-05-25,304.32,,2.6116
1972-05-26,304.41,,2.6126
1972-05-29,,,
1972-05-30,305.34,,2.6125
1972-05-31,304.69,,2.613
1972-06-01,304.41,,2.6125
1972-06-02,304.23,,2.6117
1972-06-05,304.69,,2.6114
1972-06-06,304.51,,2.6109
1972-06-07,304.41,,2.6115
1972-06-08,304.32,,2.6112
1972-06-09,304.23,,2.6112
1972-06-12,304.51,,2.607
1972-06-13,304.04,,2.6076
1972-06-14,303.95,,2.608
1972-06-15,304.04,,2.6008
1972-06-16,303.95,,2.5913
1972-06-19,303.86,,2.591
1972-06-20,303.4,,2.585
1972-06-21,302.94,,2.576
1972-06-22,302.07,,2.572
1972-06-23,294.12,,2.5
1972-06-26,298.51,,2.5195
1972-06-27,298.51,,2.4925
1972-06-28,296.74,,2.485
1972-06-29,300.75,,2.4635
1972-06-30,300.93,,2.441
1972-07-03,300.84,,2.421
1972-07-04,,,
1972-07-05,300.03,,2.446
1972-07-06,300.57,,2.4355
1972-07-07,300.93,,2.4385
1972-07-10,301.3,,2.442
1972-07-11,301.57,,2.441
1972-07-12,301.2,,2.4455
1972-07-13,301.02,,2.4537
1972-07-14,301.2,,2.4465
1972-07-17,301.02,,2.4445
1972-07-18,300.75,,2.4445
1972-07-19,301.2,,2.4455
1972-07-20,300.93,,2.447
1972-07-21,301.11,,2.4505
1972-07-24,301.2,,2.4458
1972-07-25,300.75,,2.4482
1972-07-26,301.2,,2.4483
1972-07-27,301.2,,2.4505
1972-07-28,301.2,,2.449
1972-07-31,301.39,,2.4498
1972-08-01,301.2,,2.4485
1972-08-02,301.2,,2.4505
1972-08-03,301.2,,2.4497
1972-08-04,300.93,,2.4505
1972-08-07,301.11,,2.4505
1972-08-08,301.2,,2.4527
1972-08-09,301.2,,2.454
1972-08-10,301.11,,2.4525
1972-08-11,301.11,,2.4522
1972-08-14,301.11,,2.4523
1972-08-15,301.2,,2.4534
1972-08-16,301.2,,2.4542
1972-08-17,301.2,,2.4523
1972-08-18,301.2,,2.4509
1972-08-21,301.11,,2.4498
1972-08-22,301.2,,2.4461
1972-08-23,301.2,,2.4476
1972-08-24,301.2,,2.446
1972-08-25,301.2,,2.4465
1972-08-28,301.2,,2.4464
1972-08-29,301.2,,2.4497
1972-08-30,301.11,,2.4509
1972-08-31,301.11,,2.4483
1972-09-01,301.11,,2.4489
1972-09-04,,,
1972-09-05,301.2,,2.4485
1972-09-06,301.2,,2.4496
1972-09-07,301.11,,2.4485
1972-09-08,301.11,,2.4467
1972-09-11,301.2,,2.4464
1972-09-12,301.11,,2.4461
1972-09-13,301.11,,2.4472
1972-09-14,301.11,,2.4476
1972-09-15,301.11,,2.447
1972-09-18,301.11,,2.4465
1972-09-19,301.11,,2.4429
1972-09-20,301.11,,2.444
1972-09-21,301.11,,2.4432
1972-09-22,301.11,,2.434
1972-09-25,301.11,,2.4329
1972-09-26,301.11,,2.4307
1972-09-27,301.02,,2.4284
1972-09-28,301.11,,2.4223
1972-09-29,301.11,,2.4195
1972-10-02,301.11,,2.4242
1972-10-03,301.11,,2.4231
1972-10-04,301.11,,2.424
1972-10-05,301.11,,2.4232
1972-10-06,300.93,,2.4217
1972-10-09,,,
1972-10-10,300.93,,2.4191
1972-10-11,301.02,,2.4204
1972-10-12,301.02,,2.4185
1972-10-13,301.11,,2.4179
1972-10-16,301.11,,2.4055
1972-10-17,301.11,,2.4074
1972-10-18,301.11,,2.408
1972-10-19,301.02,,2.3925
1972-10-20,300.75,,2.3926
1972-10-23,,,
1972-10-24,301.02,,2.3755
1972-10-25,301.2,,2.361
1972-10-26,300.84,,2.344
1972-10-27,300.48,,2.346
1972-10-30,301.02,,2.33
1972-10-31,301.11,,2.3405
1972-11-01,301.02,,2.3565
1972-11-02,300.66,,2.3532
1972-11-03,299.94,,2.345
1972-11-06,301.02,,2.3565
1972-11-07,,,
1972-11-08,301.02,,2.351
1972-11-09,301.02,,2.3447
1972-11-10,300.93,,2.348
1972-11-13,301.02,,2.349
1972-11-14,301.02,,2.3504
1972-11-15,301.11,,2.3554
1972-11-16,301.11,,2.3595
1972-11-17,301.02,,2.3504
1972-11-20,301.11,,2.351
1972-11-21,301.11,,2.3518
1972-11-22,301.11,,2.3509
1972-11-23,,,
1972-11-24,301.02,,2.3498
1972-11-27,301.11,,2.3506
1972-11-28,301.2,,2.3519
1972-11-29,301.11,,2.3528
1972-11-30,301.11,,2.3522
1972-12-01,301.11,,2.3474
1972-12-04,301.11,,2.3478
1972-12-05,301.11,,2.3446
1972-12-06,301.11,,2.3443
1972-12-07,301.11,,2.3405
1972-12-08,301.11,,2.3432
1972-12-11,301.07,,2.338
1972-12-12,301.11,,2.3381
1972-12-13,301.11,,2.34
1972-12-14,301.11,,2.3415
1972-12-15,301.11,,2.347
1972-12-18,301.11,,2.3478
1972-12-19,301.11,,2.3438
1972-12-20,301.11,,2.3462
1972-12-21,301.11,,2.3447
1972-12-22,301.11,,2.3475
1972-12-25,,,
1972-12-26,301.39,,2.3486
1972-12-27,302.02,,2.3504
1972-12-28,302.02,,2.3476
1972-12-29,301.66,,2.348
1973-01-01,,,
1973-01-02,301.39,,2.3472
1973-01-03,301.43,,2.3487
1973-01-04,301.2,,2.3503
1973-01-05,301.3,,2.3517
1973-01-08,302.21,,2.351
1973-01-09,302.07,,2.3514
1973-01-10,301.84,,2.3525
1973-01-11,301.48,,2.3513
1973-01-12,301.66,,2.3518
1973-01-15,301.66,,2.3509
1973-01-16,301.93,,2.3509
1973-01-17,302.11,,2.3527
1973-01-18,302.21,,2.3531
1973-01-19,302.57,,2.3525
1973-01-22,302.48,,2.3535
1973-01-23,301.66,,2.3553
1973-01-24,302.11,,2.3595
1973-01-25,301.84,,2.3605
1973-01-26,301.75,,2.361
1973-01-29,301.66,,2.371
1973-01-30,301.39,,2.379
1973-01-31,301.39,,2.3817
1973-02-01,300.93,,2.3871
1973-02-02,299.58,,2.364
1973-02-05,300.75,,2.3808
1973-02-06,299.85,,2.379
1973-02-07,299.85,,2.383
1973-02-08,299.4,,2.3828
1973-02-09,293.26,,2.3818
1973-02-12,,,
1973-02-13,266.67,,2.44
1973-02-14,265.96,,2.47
1973-02-15,263.02,,2.45
1973-02-16,263.85,,2.4331
1973-02-19,,,
1973-02-20,265.96,,2.4385
1973-02-21,264.9,,2.442
1973-02-22,265.46,,2.461
1973-02-23,264.9,,2.474
1973-02-26,265.6,,2.465
1973-02-27,265.96,,2.468
1973-02-28,265.67,,2.49
1973-03-01,265.6,,2.5
1973-03-02,262.12,,2.5
1973-03-05,259.07,,2.447
1973-03-06,261.78,,2.462
1973-03-07,261.92,,2.472
1973-03-08,261.44,,2.473
1973-03-09,260.42,,2.4705
1973-03-12,257.07,,2.47
1973-03-13,254.97,,2.4685
1973-03-14,254.45,,2.464
1973-03-15,255.75,,2.464
1973-03-16,260.08,,2.457
1973-03-19,263.16,,2.46
1973-03-20,263.16,,2.4665
1973-03-21,263.16,,2.4737
1973-03-22,263.5,,2.474
1973-03-23,266.03,,2.4737
1973-03-26,265.53,,2.4767
1973-03-27,265.39,,2.4814
1973-03-28,265.6,,2.4814
1973-03-29,265.67,,2.482
1973-03-30,265.96,,2.4755
1973-04-02,266.03,,2.4776
1973-04-03,265.46,,2.4762
1973-04-04,264.97,,2.4814
1973-04-05,264.55,,2.4825
1973-04-06,264.76,,2.483
1973-04-09,265.53,,2.4837
1973-04-10,265.53,,2.4867
1973-04-11,265.67,,2.4878
1973-04-12,266.03,,2.4834
1973-04-13,265.89,,2.4805
1973-04-16,265.6,,2.4822
1973-04-17,265.46,,2.4845
1973-04-18,265.46,,2.4823
1973-04-19,265.53,,2.4837
1973-04-20,265.6,,2.4848
1973-04-23,265.6,,2.4845
1973-04-24,265.46,,2.4836
1973-04-25,265.46,,2.488
1973-04-26,265.6,,2.4863
1973-04-27,265.6,,2.4867
1973-04-30,265.53,,2.489
1973-05-01,265.53,,2.4883
1973-05-02,265.53,,2.4935
1973-05-03,265.53,,2.4893
1973-05-04,265.53,,2.4896
1973-05-07,265.53,,2.4913
1973-05-08,265.67,,2.4984
1973-05-09,265.04,,2.5044
1973-05-10,265.04,,2.5055
1973-05-11,265.46,,2.511
1973-05-14,264.76,,2.539
1973-05-15,262.47,,2.564
1973-05-16,262.95,,2.5435
1973-05-17,264.48,,2.547
1973-05-18,264.27,,2.5505
1973-05-21,262.95,,2.5695
1973-05-22,263.57,,2.5605
1973-05-23,264.2,,2.5555
1973-05-24,264.55,,2.546
1973-05-25,264.83,,2.5395
1973-05-28,,,
1973-05-29,264.9,,2.556
1973-05-30,264.83,,2.5645
1973-05-31,264.69,,2.5661
1973-06-01,264.06,,2.573
1973-06-04,262.88,,2.583
1973-06-05,262.88,,2.58
1973-06-06,264.13,,2.57
1973-06-07,264.27,,2.573
1973-06-08,264.41,,2.574
1973-06-11,264.69,,2.5725
1973-06-12,264.69,,2.5742
1973-06-13,264.62,,2.573
1973-06-14,264.69,,2.577
1973-06-15,264.69,,2.58
1973-06-18,264.69,,2.581
1973-06-19,264.83,,2.571
1973-06-20,264.97,,2.574
1973-06-21,265.04,,2.573
1973-06-22,265.04,,2.574
1973-06-25,265.18,,2.575
1973-06-26,265.18,,2.577
1973-06-27,265.18,,2.5805
1973-06-28,265.18,,2.583
1973-06-29,263.16,,2.581
1973-07-02,265.25,,2.5802
1973-07-03,265.04,,2.579
1973-07-04,,,
1973-07-05,265.11,,2.5735
1973-07-06,262.12,,2.5575
1973-07-09,259.4,,2.558
1973-07-10,263.16,,2.547
1973-07-11,264.83,,2.547
1973-07-12,264.76,,2.5443
1973-07-13,265.04,,2.542
1973-07-16,265.11,,2.5465
1973-07-17,265.25,,2.544
1973-07-18,265.11,,2.5445
1973-07-19,265.18,,2.5335
1973-07-20,265.6,,2.5395
1973-07-23,266.17,,2.535
1973-07-24,265.6,,2.5205
1973-07-25,265.53,,2.5035
1973-07-26,265.6,,2.485
1973-07-27,264.76,,2.504
1973-07-30,263.57,,2.5035
1973-07-31,263.44,,2.499
1973-08-01,263.44,,2.517
1973-08-02,264.76,,2.515
1973-08-03,265.39,,2.5085
1973-08-06,265.11,,2.4925
1973-08-07,265.25,,2.497
1973-08-08,265.18,,2.5
1973-08-09,265.11,,2.481
1973-08-10,265.25,,2.475
1973-08-13,265.46,,2.475
1973-08-14,265.46,,2.4695
1973-08-15,265.46,,2.462
1973-08-16,265.39,,2.459
1973-08-17,265.53,,2.4635
1973-08-20,265.6,,2.477
1973-08-21,265.18,,2.469
1973-08-22,265.25,,2.4655
1973-08-23,265.25,,2.457
1973-08-24,265.25,,2.4585
1973-08-27,265.32,,2.461
1973-08-28,265.32,,2.4575
1973-08-29,265.32,,2.465
1973-08-30,265.39,,2.457
1973-08-31,265.39,,2.458
1973-09-03,,,
1973-09-04,265.46,,2.441
1973-09-05,265.39,,2.422
1973-09-06,265.39,,2.422
1973-09-07,265.39,,2.4185
1973-09-10,265.39,,2.4125
1973-09-11,265.46,,2.4085
1973-09-12,265.6,,2.4065
1973-09-13,265.6,,2.4135
1973-09-14,265.6,,2.4115
1973-09-17,265.53,,2.411
1973-09-18,265.53,,2.4165
1973-09-19,265.46,,2.418
1973-09-20,265.39,,2.421
1973-09-21,265.25,,2.424
1973-09-24,265.39,,2.4225
1973-09-25,265.46,,2.4225
1973-09-26,265.53,,2.423
1973-09-27,265.6,,2.4193
1973-09-28,265.6,,2.4135
1973-10-01,265.6,,2.4135
1973-10-02,265.75,,2.4115
1973-10-03,265.89,,2.4138
1973-10-04,265.96,,2.4128
1973-10-05,266.17,,2.413
1973-10-08,,,
1973-10-09,266.31,,2.4118
1973-10-10,266.31,,2.4205
1973-10-11,266.24,,2.4255
1973-10-12,266.24,,2.426
1973-10-15,266.45,,2.4325
1973-10-16,266.45,,2.438
1973-10-17,266.38,,2.4525
1973-10-18,266.31,,2.4445
1973-10-19,266.38,,2.437
1973-10-22,,,
1973-10-23,266.45,,2.4455
1973-10-24,266.38,,2.4425
1973-10-25,266.45,,2.442
1973-10-26,266.67,,2.4355
1973-10-29,266.74,,2.4235
1973-10-30,266.95,,2.4325
1973-10-31,266.95,,2.4385
1973-11-01,270.27,,2.4345
1973-11-02,276.01,,2.4345
1973-11-05,275.18,,2.43
1973-11-06,,,
1973-11-07,275.18,,2.4225
1973-11-08,275.25,,2.4187
1973-11-09,275.33,,2.4015
1973-11-12,275.25,,2.388
1973-11-13,280.19,,2.3925
1973-11-14,280.66,,2.397
1973-11-15,280.27,,2.397
1973-11-16,280.11,,2.3855
1973-11-19,280.11,,2.39
1973-11-20,280.43,,2.391
1973-11-21,280.11,,2.3915
1973-11-22,,,
1973-11-23,280.66,,2.346
1973-11-26,280.11,,2.343
1973-11-27,280.11,,2.3575
1973-11-28,279.8,,2.336
1973-11-29,280.11,,2.34
1973-11-30,280.11,,2.343
1973-12-03,280.11,,2.34
1973-12-04,280.11,,2.3345
1973-12-05,280.11,,2.3375
1973-12-06,280.11,,2.337
1973-12-07,280.11,,2.326
1973-12-10,280.11,,2.3125
1973-12-11,280.11,,2.3065
1973-12-12,280.03,,2.3125
1973-12-13,280.11,,2.3165
1973-12-14,280.11,,2.31
1973-12-17,280.11,,2.307
1973-12-18,280.11,,2.3085
1973-12-19,280.11,,2.31
1973-12-20,280.11,,2.308
1973-12-21,280.11,,2.3075
1973-12-24,280.35,,2.3105
1973-12-25,,,
1973-12-26,280.27,,2.3095
1973-12-27,280.66,,2.313
1973-12-28,280.43,,2.318
1973-12-31,280.27,,2.3225
1974-01-01,,,
1974-01-02,280.82,,2.3045
1974-01-03,283.69,,2.2855
1974-01-04,282.09,,2.276
1974-01-07,300.3,,2.2265
1974-01-08,299.94,,2.2295
1974-01-09,299.94,,2.241
1974-01-10,299.94,,2.2375
1974-01-11,300.03,,2.2485
1974-01-14,300.12,,2.231
1974-01-15,300.12,,2.191
1974-01-16,300.12,,2.1775
1974-01-17,300.12,,2.18
1974-01-18,300.12,,2.186
1974-01-21,305.34,,2.1735
1974-01-22,304.88,,2.182
1974-01-23,303.58,,2.185
1974-01-24,300.12,,2.2015
1974-01-25,299.8,,2.204
1974-01-28,299.85,,2.206
1974-01-29,300.03,,2.22
1974-01-30,299.22,,2.255
1974-01-31,298.77,,2.286
1974-02-01,298.86,,2.2765
1974-02-04,297.0,,2.2635
1974-02-05,293.69,,2.248
1974-02-06,297.62,,2.2335
1974-02-07,296.82,,2.2425
1974-02-08,296.3,,2.2385
1974-02-11,295.51,,2.2425
1974-02-12,,,
1974-02-13,291.89,,2.2665
1974-02-14,291.55,,2.2735
1974-02-15,293.17,,2.278
1974-02-18,,,
1974-02-19,290.11,,2.282
1974-02-20,289.02,,2.2875
1974-02-21,282.09,,2.295
1974-02-22,280.58,,2.3155
1974-02-25,283.37,,2.292
1974-02-26,286.53,,2.311
1974-02-27,287.03,,2.3005
1974-02-28,288.43,,2.3015
1974-03-01,292.06,,2.286
1974-03-04,292.74,,2.2795
1974-03-05,289.44,,2.324
1974-03-06,287.03,,2.33
1974-03-07,286.86,,2.3225
1974-03-08,287.19,,2.322
1974-03-11,285.71,,2.322
1974-03-12,281.69,,2.327
1974-03-13,282.33,,2.348
1974-03-14,282.89,,2.3455
1974-03-15,282.49,,2.334
1974-03-18,281.93,,2.3295
1974-03-19,280.98,,2.331
1974-03-20,280.19,,2.345
1974-03-21,279.1,,2.36
1974-03-22,276.78,,2.341
1974-03-25,275.18,,2.3665
1974-03-26,274.88,,2.37
1974-03-27,275.48,,2.375
1974-03-28,274.42,,2.402
1974-03-29,276.09,,2.393
1974-04-01,280.11,,2.396
1974-04-02,275.48,,2.397
1974-04-03,275.86,,2.3985
1974-04-04,278.32,,2.3925
1974-04-05,279.33,,2.393
1974-04-08,278.01,,2.3935
1974-04-09,279.25,,2.383
1974-04-10,278.01,,2.3555
1974-04-11,276.78,,2.3615
1974-04-12,278.55,,2.364
1974-04-15,278.55,,2.3635
1974-04-16,276.93,,2.357
1974-04-17,276.4,,2.368
1974-04-18,276.4,,2.372
1974-04-19,276.93,,2.3845
1974-04-22,277.39,,2.39
1974-04-23,275.56,,2.402
1974-04-24,276.24,,2.409
1974-04-25,278.16,,2.403
1974-04-26,279.8,,2.41
1974-04-29,279.33,,2.432
1974-04-30,279.64,,2.424
1974-05-01,279.41,,2.4185
1974-05-02,279.96,,2.419
1974-05-03,279.8,,2.418
1974-05-06,279.41,,2.435
1974-05-07,279.56,,2.4155
1974-05-08,277.62,,2.43
1974-05-09,277.62,,2.4305
1974-05-10,277.62,,2.43
1974-05-13,277.62,,2.429
1974-05-14,277.78,,2.4185
1974-05-15,277.39,,2.4245
1974-05-16,277.62,,2.4125
1974-05-17,277.7,,2.41
1974-05-20,278.24,,2.405
1974-05-21,279.1,,2.406
1974-05-22,279.88,,2.4145
1974-05-23,279.56,,2.4115
1974-05-24,279.49,,2.401
1974-05-27,,,
1974-05-28,279.33,,2.393
1974-05-29,279.72,,2.391
1974-05-30,280.9,,2.392
1974-05-31,281.93,,2.396
1974-06-03,283.69,,2.398
1974-06-04,282.89,,2.401
1974-06-05,281.85,,2.408
1974-06-06,281.93,,2.4075
1974-06-07,282.65,,2.4025
1974-06-10,282.17,,2.4
1974-06-11,282.25,,2.395
1974-06-12,282.97,,2.3945
1974-06-13,282.49,,2.3905
1974-06-14,282.57,,2.3925
1974-06-17,282.73,,2.3895
1974-06-18,282.73,,2.3875
1974-06-19,282.65,,2.39
1974-06-20,282.89,,2.386
1974-06-21,283.21,,2.377
1974-06-24,283.61,,2.3555
1974-06-25,283.85,,2.3705
1974-06-26,284.09,,2.3785
1974-06-27,283.93,,2.389
1974-06-28,284.25,,2.3905
1974-07-01,285.31,,2.386
1974-07-02,286.61,,2.398
1974-07-03,285.88,,2.397
1974-07-04,,,
1974-07-05,287.36,,2.388
1974-07-08,287.94,,2.388
1974-07-09,288.43,,2.3875
1974-07-10,290.7,,2.388
1974-07-11,291.97,,2.3825
1974-07-12,289.18,,2.386
1974-07-15,288.85,,2.3875
1974-07-16,288.1,,2.386
1974-07-17,289.94,,2.39
1974-07-18,290.36,,2.3925
1974-07-19,290.7,,2.3928
1974-07-22,291.29,,2.3915
1974-07-23,292.74,,2.39
1974-07-24,292.83,,2.394
1974-07-25,293.94,,2.3905
1974-07-26,295.42,,2.3923
1974-07-29,298.24,,2.393
1974-07-30,297.53,,2.3825
1974-07-31,298.24,,2.387
1974-08-01,299.58,,2.383
1974-08-02,300.12,,2.3845
1974-08-05,300.21,,2.384
1974-08-06,300.75,,2.38
1974-08-07,302.11,,2.3762
1974-08-08,302.75,,2.3645
1974-08-09,302.57,,2.373
1974-08-12,302.11,,2.3695
1974-08-13,301.84,,2.3585
1974-08-14,302.48,,2.3565
1974-08-15,302.75,,2.3447
1974-08-16,302.94,,2.3385
1974-08-19,303.12,,2.3245
1974-08-20,303.12,,2.32
1974-08-21,303.49,,2.3225
1974-08-22,303.86,,2.313
1974-08-23,303.12,,2.3225
1974-08-26,302.85,,2.3245
1974-08-27,302.11,,2.3125
1974-08-28,302.48,,2.3185
1974-08-29,302.94,,2.3165
1974-08-30,302.94,,2.3162
1974-09-02,,,
1974-09-03,302.66,,2.31
1974-09-04,302.75,,2.3135
1974-09-05,302.57,,2.311
1974-09-06,302.66,,2.3106
1974-09-09,302.48,,2.313
1974-09-10,302.75,,2.3165
1974-09-11,302.11,,2.315
1974-09-12,301.2,,2.3155
1974-09-13,299.58,,2.312
1974-09-16,299.4,,2.3133
1974-09-17,296.12,,2.317
1974-09-18,296.03,,2.3195
1974-09-19,296.82,,2.315
1974-09-20,295.86,,2.3142
1974-09-23,295.86,,2.3165
1974-09-24,294.81,,2.3148
1974-09-25,296.21,,2.316
1974-09-26,296.74,,2.323
1974-09-27,296.74,,2.332
1974-09-30,298.33,,2.3325
1974-10-01,298.15,,2.3362
1974-10-02,297.97,,2.3335
1974-10-03,299.04,,2.327
1974-10-04,299.04,,2.335
1974-10-07,300.03,,2.3357
1974-10-08,299.76,,2.3343
1974-10-09,298.69,,2.341
1974-10-10,298.77,,2.325
1974-10-11,299.13,,2.334
1974-10-14,,,
1974-10-15,299.13,,2.331
1974-10-16,299.04,,2.3337
1974-10-17,298.95,,2.3326
1974-10-18,299.31,,2.3324
1974-10-21,299.67,,2.3299
1974-10-22,299.94,,2.3295
1974-10-23,299.67,,2.3325
1974-10-24,299.94,,2.3315
1974-10-25,299.85,,2.3332
1974-10-28,300.12,,2.3323
1974-10-29,299.94,,2.3342
1974-10-30,299.94,,2.3352
1974-10-31,299.94,,2.3355
1974-11-01,300.48,,2.338
1974-11-04,300.48,,2.343
1974-11-05,,,
1974-11-06,300.48,,2.3472
1974-11-07,299.76,,2.3464
1974-11-08,299.67,,2.335
1974-11-11,,,
1974-11-12,300.3,,2.299
1974-11-13,300.12,,2.303
1974-11-14,300.3,,2.3135
1974-11-15,299.94,,2.3145
1974-11-18,299.67,,2.3325
1974-11-19,299.94,,2.3235
1974-11-20,299.94,,2.3197
1974-11-21,299.94,,2.321
1974-11-22,299.85,,2.32
1974-11-25,300.21,,2.3222
1974-11-26,300.12,,2.3245
1974-11-27,299.85,,2.3247
1974-11-28,,,
1974-11-29,300.3,,2.3255
1974-12-02,300.39,,2.3245
1974-12-03,300.03,,2.3235
1974-12-04,299.76,,2.3275
1974-12-05,300.03,,2.329
1974-12-06,299.94,,2.3297
1974-12-09,299.85,,2.335
1974-12-10,299.76,,2.3242
1974-12-11,299.76,,2.3157
1974-12-12,300.03,,2.306
1974-12-13,300.03,,2.313
1974-12-16,300.3,,2.3293
1974-12-17,300.48,,2.3343
1974-12-18,300.66,,2.3415
1974-12-19,300.84,,2.3295
1974-12-20,301.11,,2.3255
1974-12-23,301.02,,2.3295
1974-12-24,301.2,,2.331
1974-12-25,,,
1974-12-26,301.11,,2.332
1974-12-27,300.75,,2.3432
1974-12-30,300.57,,2.346
1974-12-31,301.02,,2.347
1975-01-01,,,
1975-01-02,300.66,,2.333
1975-01-03,300.84,,2.3414
1975-01-06,301.02,,2.3535
1975-01-07,300.93,,2.354
1975-01-08,300.75,,2.347
1975-01-09,300.84,,2.35
1975-01-10,300.84,,2.352
1975-01-13,300.93,,2.3531
1975-01-14,300.93,,2.3476
1975-01-15,301.02,,2.354
1975-01-16,300.75,,2.3535
1975-01-17,300.84,,2.3525
1975-01-20,301.02,,2.359
1975-01-21,300.84,,2.3635
1975-01-22,300.3,,2.376
1975-01-23,299.67,,2.3815
1975-01-24,295.33,,2.3835
1975-01-27,294.99,,2.4
1975-01-28,297.44,,2.3865
1975-01-29,297.35,,2.37
1975-01-30,297.8,,2.3765
1975-01-31,297.97,,2.3825
1975-02-03,297.44,,2.375
1975-02-04,297.09,,2.369
1975-02-05,297.27,,2.368
1975-02-06,297.0,,2.371
1975-02-07,295.6,,2.374
1975-02-10,292.4,,2.3875
1975-02-11,291.63,,2.384
1975-02-12,,,
1975-02-13,292.83,,2.3895
1975-02-14,293.26,,2.3905
1975-02-17,,,
1975-02-18,293.34,,2.3933
1975-02-19,291.55,,2.398
1975-02-20,291.12,,2.4005
1975-02-21,289.52,,2.4027
1975-02-24,285.88,,2.4195
1975-02-25,285.96,,2.416
1975-02-26,285.63,,2.426
1975-02-27,285.88,,2.4305
1975-02-28,286.45,,2.43
1975-03-03,285.39,,2.4318
1975-03-04,284.66,,2.4285
1975-03-05,285.23,,2.4315
1975-03-06,285.71,,2.428
1975-03-07,285.96,,2.411
1975-03-10,286.21,,2.4055
1975-03-11,286.12,,2.42
1975-03-12,287.27,,2.409
1975-03-13,288.85,,2.415
1975-03-14,288.1,,2.418
1975-03-17,286.53,,2.4187
1975-03-18,287.19,,2.4255
1975-03-19,288.18,,2.4282
1975-03-20,287.19,,2.4237
1975-03-21,287.44,,2.4215
1975-03-24,287.77,,2.4167
1975-03-25,290.02,,2.4145
1975-03-26,290.53,,2.412
1975-03-27,292.06,,2.404
1975-03-28,292.48,,2.408
1975-03-31,294.03,,2.406
1975-04-01,290.87,,2.408
1975-04-02,291.55,,2.408
1975-04-03,292.31,,2.4022
1975-04-04,292.23,,2.3903
1975-04-07,291.97,,2.3801
1975-04-08,291.89,,2.3811
1975-04-09,291.89,,2.3768
1975-04-10,291.8,,2.3615
1975-04-11,291.12,,2.365
1975-04-14,291.29,,2.3559
1975-04-15,290.95,,2.3665
1975-04-16,291.38,,2.3655
1975-04-17,291.72,,2.37
1975-04-18,291.8,,2.3745
1975-04-21,292.83,,2.3624
1975-04-22,292.83,,2.3545
1975-04-23,292.74,,2.369
1975-04-24,292.83,,2.3595
1975-04-25,293.69,,2.352
1975-04-28,294.55,,2.346
1975-04-29,293.86,,2.356
1975-04-30,292.23,,2.351
1975-05-01,292.14,,2.3482
1975-05-02,290.36,,2.3368
1975-05-05,290.44,,2.3405
1975-05-06,291.38,,2.3385
1975-05-07,291.21,,2.3379
1975-05-08,291.38,,2.3408
1975-05-09,291.46,,2.317
1975-05-12,291.29,,2.299
1975-05-13,291.46,,2.3065
1975-05-14,291.8,,2.308
1975-05-15,291.63,,2.3005
1975-05-16,291.55,,2.3023
1975-05-19,291.8,,2.303
1975-05-20,292.23,,2.3038
1975-05-21,292.06,,2.3145
1975-05-22,291.89,,2.327
1975-05-23,291.04,,2.3265
1975-05-26,,,
1975-05-27,291.29,,2.3265
1975-05-28,290.7,,2.32
1975-05-29,291.38,,2.3165
1975-05-30,291.55,,2.316
1975-06-02,291.46,,2.32
1975-06-03,291.04,,2.3203
1975-06-04,291.29,,2.318
1975-06-05,292.23,,2.3225
1975-06-06,291.8,,2.3197
1975-06-09,291.8,,2.317
1975-06-10,291.89,,2.316
1975-06-11,291.89,,2.2815
1975-06-12,292.48,,2.2775
1975-06-13,292.65,,2.2835
1975-06-16,294.12,,2.275
1975-06-17,293.43,,2.272
1975-06-18,294.12,,2.2729
1975-06-19,294.12,,2.2735
1975-06-20,293.94,,2.273
1975-06-23,294.72,,2.2715
1975-06-24,295.33,,2.257
1975-06-25,297.0,,2.2565
1975-06-26,295.77,,2.241
1975-06-27,296.03,,2.225
1975-06-30,295.68,,2.1935
1975-07-01,295.68,,2.209
1975-07-02,295.51,,2.1995
1975-07-03,295.42,,2.1945
1975-07-04,,,
1975-07-07,295.51,,2.186
1975-07-08,295.68,,2.1945
1975-07-09,295.95,,2.206
1975-07-10,296.12,,2.1985
1975-07-11,296.12,,2.1995
1975-07-14,295.86,,2.1915
1975-07-15,295.86,,2.1825
1975-07-16,296.03,,2.185
1975-07-17,296.3,,2.1792
1975-07-18,296.21,,2.175
1975-07-21,296.12,,2.1755
1975-07-22,296.47,,2.178
1975-07-23,296.82,,2.18
1975-07-24,297.62,,2.1785
1975-07-25,296.65,,2.1785
1975-07-28,297.8,,2.176
1975-07-29,297.35,,2.1755
1975-07-30,297.44,,2.163
1975-07-31,297.71,,2.154
1975-08-01,297.89,,2.1475
1975-08-04,297.97,,2.1415
1975-08-05,297.97,,2.1405
1975-08-06,298.06,,2.128
1975-08-07,297.97,,2.104
1975-08-08,297.62,,2.104
1975-08-11,297.8,,2.102
1975-08-12,298.06,,2.1035
1975-08-13,297.97,,2.1075
1975-08-14,297.97,,2.108
1975-08-15,297.97,,2.108
1975-08-18,298.15,,2.108
1975-08-19,298.06,,2.1175
1975-08-20,297.97,,2.119
1975-08-21,297.89,,2.111
1975-08-22,297.97,,2.106
1975-08-25,298.06,,2.1055
1975-08-26,298.15,,2.109
1975-08-27,297.97,,2.1105
1975-08-28,298.06,,2.1095
1975-08-29,297.97,,2.11
1975-09-01,,,
1975-09-02,297.97,,2.109
1975-09-03,297.8,,2.112
1975-09-04,297.89,,2.1085
1975-09-05,297.97,,2.109
1975-09-08,297.97,,2.111
1975-09-09,298.06,,2.1095
1975-09-10,297.97,,2.1105
1975-09-11,298.06,,2.11
1975-09-12,298.06,,2.1065
1975-09-15,298.06,,2.1055
1975-09-16,298.06,,2.0905
1975-09-17,298.33,,2.081
1975-09-18,300.48,,2.0785
1975-09-19,301.57,,2.08
1975-09-22,302.94,,2.071
1975-09-23,303.31,,2.044
1975-09-24,303.12,,2.0445
1975-09-25,302.66,,2.047
1975-09-26,301.75,,2.0445
1975-09-29,303.21,,2.0365
1975-09-30,302.85,,2.043
1975-10-01,302.57,,2.04
1975-10-02,302.66,,2.0385
1975-10-03,303.03,,2.0375
1975-10-06,303.12,,2.043
1975-10-07,302.94,,2.0415
1975-10-08,303.12,,2.043
1975-10-09,303.03,,2.0475
1975-10-10,302.94,,2.058
1975-10-13,,,
1975-10-14,302.66,,2.0475
1975-10-15,302.94,,2.0555
1975-10-16,302.94,,2.0555
1975-10-17,302.76,,2.0575
1975-10-20,302.48,,2.061
1975-10-21,301.11,,2.061
1975-10-22,301.57,,2.0745
1975-10-23,301.84,,2.0665
1975-10-24,301.66,,2.0695
1975-10-27,301.57,,2.069
1975-10-28,301.48,,2.066
1975-10-29,301.57,,2.068
1975-10-30,301.66,,2.072
1975-10-31,301.75,,2.078
1975-11-03,301.75,,2.0745
1975-11-04,,,
1975-11-05,301.84,,2.0645
1975-11-06,301.75,,2.0685
1975-11-07,301.75,,2.0655
1975-11-10,302.3,,2.066
1975-11-11,,,
1975-11-12,301.93,,2.0635
1975-11-13,302.21,,2.053
1975-11-14,302.57,,2.0455
1975-11-17,302.66,,2.032
1975-11-18,302.94,,2.0355
1975-11-19,303.12,,2.0405
1975-11-20,302.94,,2.046
1975-11-21,303.12,,2.0415
1975-11-24,302.94,,2.0375
1975-11-25,303.12,,2.0373
1975-11-26,303.21,,2.032
1975-11-27,,,
1975-11-28,303.12,,2.02
1975-12-01,304.41,,2.021
1975-12-02,304.41,,2.02
1975-12-03,305.06,,2.024
1975-12-04,304.97,,2.029
1975-12-05,306.75,,2.0235
1975-12-08,306.84,,2.023
1975-12-09,306.19,,2.0225
1975-12-10,306.09,,2.023
1975-12-11,305.9,,2.022
1975-12-12,305.9,,2.0185
1975-12-15,306.0,,2.017
1975-12-16,305.53,,2.0185
1975-12-17,305.62,,2.0218
1975-12-18,305.62,,2.0218
1975-12-19,306.09,,2.0214
1975-12-22,306.09,,2.0213
1975-12-23,306.0,,2.0215
1975-12-24,305.9,,2.023
1975-12-25,,,
1975-12-26,305.9,,2.023
1975-12-29,305.25,,2.0225
1975-12-30,305.06,,2.0235
1975-12-31,305.16,,2.0235
1976-01-01,,,
1976-01-02,305.06,,2.0245
1976-01-05,305.16,,2.0325
1976-01-06,305.06,,2.0325
1976-01-07,305.25,,2.0345
1976-01-08,305.62,,2.034
1976-01-09,306.0,,2.0305
1976-01-12,305.16,,2.031
1976-01-13,305.25,,2.025
1976-01-14,305.34,,2.027
1976-01-15,305.25,,2.0275
1976-01-16,305.25,,2.0295
1976-01-19,304.14,,2.0325
1976-01-20,303.86,,2.0305
1976-01-21,304.41,,2.0235
1976-01-22,304.14,,2.023
1976-01-23,304.04,,2.023
1976-01-26,303.77,,2.0252
1976-01-27,303.67,,2.026
1976-01-28,303.58,,2.0287
1976-01-29,303.67,,2.03
1976-01-30,303.67,,2.0295
1976-02-02,303.21,,2.0285
1976-02-03,302.76,,2.0276
1976-02-04,300.57,,2.0311
1976-02-05,300.57,,2.028
1976-02-06,301.39,,2.0265
1976-02-09,300.75,,2.028
1976-02-10,300.66,,2.0265
1976-02-11,300.12,,2.0296
1976-02-12,,,
1976-02-13,300.75,,2.0245
1976-02-16,,,
1976-02-17,301.57,,2.0224
1976-02-18,301.66,,2.024
1976-02-19,301.75,,2.0235
1976-02-20,302.11,,2.0242
1976-02-23,302.57,,2.025
1976-02-24,302.02,,2.025
1976-02-25,302.02,,2.0262
1976-02-26,302.11,,2.026
1976-02-27,302.11,,2.0252
1976-03-01,301.66,,2.0239
1976-03-02,301.66,,2.0238
1976-03-03,301.57,,2.0245
1976-03-04,301.66,,2.0135
1976-03-05,301.57,,1.979
1976-03-08,300.75,,1.9415
1976-03-09,301.11,,1.941
1976-03-10,301.3,,1.9125
1976-03-11,301.3,,1.933
1976-03-12,300.84,,1.925
1976-03-15,300.66,,1.922
1976-03-16,300.57,,1.9127
1976-03-17,299.94,,1.921
1976-03-18,299.94,,1.9238
1976-03-19,299.67,,1.921
1976-03-22,299.85,,1.9217
1976-03-23,299.76,,1.925
1976-03-24,299.76,,1.9266
1976-03-25,299.67,,1.9234
1976-03-26,299.58,,1.92
1976-03-29,299.67,,1.917
1976-03-30,299.85,,1.9155
1976-03-31,299.58,,1.9159
1976-04-01,299.49,,1.884
1976-04-02,299.31,,1.871
1976-04-05,299.31,,1.8645
1976-04-06,299.04,,1.86
1976-04-07,298.86,,1.8662
1976-04-08,297.44,,1.834
1976-04-09,297.89,,1.8365
1976-04-12,298.42,,1.845
1976-04-13,298.6,,1.853
1976-04-14,298.06,,1.8565
1976-04-15,299.4,,1.852
1976-04-16,299.31,,1.854
1976-04-19,300.03,,1.854
1976-04-20,299.49,,1.847
1976-04-21,299.58,,1.84
1976-04-22,299.67,,1.829
1976-04-23,299.76,,1.819
1976-04-26,299.85,,1.8185
1976-04-27,299.31,,1.8225
1976-04-28,299.22,,1.8315
1976-04-29,299.31,,1.841
1976-04-30,299.04,,1.84
1976-05-03,298.95,,1.828
1976-05-04,297.89,,1.8255
1976-05-05,297.97,,1.8246
1976-05-06,298.24,,1.822
1976-05-07,298.51,,1.823
1976-05-10,298.42,,1.831
1976-05-11,298.42,,1.8335
1976-05-12,298.69,,1.8385
1976-05-13,298.95,,1.8275
1976-05-14,298.78,,1.8165
1976-05-17,299.31,,1.804
1976-05-18,299.13,,1.8105
1976-05-19,299.22,,1.808
1976-05-20,299.4,,1.8055
1976-05-21,299.58,,1.78
1976-05-24,299.58,,1.794
1976-05-25,299.58,,1.7858
1976-05-26,299.76,,1.771
1976-05-27,299.67,,1.7705
1976-05-28,300.03,,1.7595
1976-05-31,,,
1976-06-01,300.39,,1.754
1976-06-02,300.3,,1.7205
1976-06-03,300.48,,1.7089
1976-06-04,300.39,,1.7165
1976-06-07,300.3,,1.756
1976-06-08,300.12,,1.7696
1976-06-09,299.94,,1.769
1976-06-10,299.94,,1.7705
1976-06-11,300.03,,1.7703
1976-06-14,299.94,,1.77
1976-06-15,299.76,,1.7765
1976-06-16,299.85,,1.7755
1976-06-17,300.03,,1.7755
1976-06-18,299.31,,1.774
1976-06-21,299.31,,1.7739
1976-06-22,299.22,,1.772
1976-06-23,296.82,,1.7725
1976-06-24,297.27,,1.7715
1976-06-25,297.8,,1.7721
1976-06-28,296.03,,1.7742
1976-06-29,297.0,,1.7795
1976-06-30,297.97,,1.785
1976-07-01,296.91,,1.79
1976-07-02,297.18,,1.7911
1976-07-05,,,
1976-07-06,296.38,,1.8023
1976-07-07,296.65,,1.8025
1976-07-08,296.47,,1.782
1976-07-09,296.74,,1.7795
1976-07-12,296.38,,1.7891
1976-07-13,294.9,,1.787
1976-07-14,292.65,,1.7805
1976-07-15,293.17,,1.78
1976-07-16,294.03,,1.776
1976-07-19,293.69,,1.774
1976-07-20,293.34,,1.7815
1976-07-21,293.6,,1.7834
1976-07-22,293.69,,1.783
1976-07-23,293.94,,1.7818
1976-07-26,293.51,,1.7786
1976-07-27,293.86,,1.7815
1976-07-28,293.51,,1.7915
1976-07-29,293.6,,1.785
1976-07-30,293.26,,1.785
1976-08-02,292.91,,1.788
1976-08-03,292.91,,1.788
1976-08-04,292.83,,1.7943
1976-08-05,293.0,,1.7885
1976-08-06,293.0,,1.7888
1976-08-09,292.65,,1.7925
1976-08-10,292.83,,1.7895
1976-08-11,292.57,,1.7898
1976-08-12,292.65,,1.7852
1976-08-13,291.12,,1.7815
1976-08-16,290.36,,1.7814
1976-08-17,287.85,,1.7864
1976-08-18,288.27,,1.783
1976-08-19,288.77,,1.7815
1976-08-20,289.35,,1.7808
1976-08-23,289.77,,1.7824
1976-08-24,288.43,,1.7755
1976-08-25,288.85,,1.7704
1976-08-26,288.93,,1.7723
1976-08-27,288.6,,1.77
1976-08-30,288.77,,1.775
1976-08-31,289.35,,1.7775
1976-09-01,288.93,,1.775
1976-09-02,288.68,,1.773
1976-09-03,287.77,,1.7725
1976-09-06,,,
1976-09-07,287.77,,1.7712
1976-09-08,287.6,,1.7715
1976-09-09,286.04,,1.748
1976-09-10,286.94,,1.753
1976-09-13,286.62,,1.748
1976-09-14,286.53,,1.7395
1976-09-15,286.12,,1.7341
1976-09-16,286.7,,1.7392
1976-09-17,287.27,,1.734
1976-09-20,287.11,,1.7222
1976-09-21,288.02,,1.716
1976-09-22,287.11,,1.716
1976-09-23,287.77,,1.7107
1976-09-24,287.85,,1.7054
1976-09-27,287.6,,1.6795
1976-09-28,287.52,,1.636
1976-09-29,287.77,,1.6665
1976-09-30,286.86,,1.66
1976-10-01,287.11,,1.666
1976-10-04,287.27,,1.6705
1976-10-05,287.44,,1.6635
1976-10-06,288.02,,1.6515
1976-10-07,288.1,,1.6645
1976-10-08,288.77,,1.662
1976-10-11,,,
1976-10-12,289.86,,1.6535
1976-10-13,290.36,,1.6541
1976-10-14,292.31,,1.639
1976-10-15,293.0,,1.65
1976-10-18,292.48,,1.6547
1976-10-19,292.23,,1.6477
1976-10-20,292.14,,1.6463
1976-10-21,292.74,,1.6465
1976-10-22,293.69,,1.6482
1976-10-25,293.34,,1.595
1976-10-26,293.77,,1.604
1976-10-27,293.17,,1.583
1976-10-28,293.6,,1.5665
1976-10-29,294.38,,1.588
1976-11-01,295.86,,1.5875
1976-11-02,,,
1976-11-03,295.16,,1.6075
1976-11-04,295.33,,1.625
1976-11-05,294.99,,1.625
1976-11-08,293.77,,1.6155
1976-11-09,294.29,,1.6282
1976-11-10,294.38,,1.6333
1976-11-11,,,
1976-11-12,294.64,,1.628
1976-11-15,294.72,,1.64
1976-11-16,295.16,,1.6427
1976-11-17,295.07,,1.6645
1976-11-18,295.16,,1.665
1976-11-19,295.42,,1.679
1976-11-22,295.07,,1.646
1976-11-23,295.42,,1.6435
1976-11-24,295.42,,1.6475
1976-11-25,,,
1976-11-26,295.51,,1.646
1976-11-29,295.68,,1.6484
1976-11-30,297.09,,1.651
1976-12-01,296.91,,1.6623
1976-12-02,296.82,,1.6635
1976-12-03,297.89,,1.6627
1976-12-06,296.56,,1.6567
1976-12-07,296.38,,1.671
1976-12-08,296.3,,1.6705
1976-12-09,295.77,,1.67
1976-12-10,294.81,,1.6695
1976-12-13,294.72,,1.6835
1976-12-14,295.33,,1.675
1976-12-15,294.72,,1.6675
1976-12-16,295.51,,1.663
1976-12-17,294.64,,1.671
1976-12-20,293.6,,1.681
1976-12-21,293.94,,1.679
1976-12-22,293.86,,1.6852
1976-12-23,293.43,,1.6845
1976-12-24,293.51,,1.6895
1976-12-27,292.31,,1.694
1976-12-28,292.14,,1.697
1976-12-29,292.91,,1.706
1976-12-30,293.0,,1.6995
1976-12-31,293.08,,1.701
1977-01-03,292.48,,1.704
1977-01-04,291.72,,1.7085
1977-01-05,292.31,,1.7107
1977-01-06,292.91,,1.7055
1977-01-07,292.83,,1.706
1977-01-10,292.48,,1.7087
1977-01-11,292.48,,1.7077
1977-01-12,292.4,,1.7065
1977-01-13,292.57,,1.711
1977-01-14,292.06,,1.7108
1977-01-17,291.72,,1.7138
1977-01-18,291.21,,1.7155
1977-01-19,289.6,,1.7185
1977-01-20,290.28,,1.7165
1977-01-21,290.44,,1.7162
1977-01-24,290.11,,1.7188
1977-01-25,289.27,,1.7195
1977-01-26,288.18,,1.7184
1977-01-27,289.1,,1.7162
1977-01-28,289.52,,1.713
1977-01-31,288.43,,1.715
1977-02-01,288.02,,1.7153
1977-02-02,288.27,,1.716
1977-02-03,288.35,,1.7133
1977-02-04,288.1,,1.7147
1977-02-07,287.94,,1.7145
1977-02-08,287.11,,1.7157
1977-02-09,285.96,,1.7177
1977-02-10,285.63,,1.7158
1977-02-11,285.06,,1.7123
1977-02-14,281.69,,1.6969
1977-02-15,283.93,,1.7035
1977-02-16,283.77,,1.7066
1977-02-17,282.97,,1.7054
1977-02-18,283.45,,1.7043
1977-02-21,,,
1977-02-22,283.37,,1.7072
1977-02-23,283.45,,1.7077
1977-02-24,283.53,,1.7079
1977-02-25,282.01,,1.7085
1977-02-28,282.81,,1.713
1977-03-01,282.49,,1.7132
1977-03-02,281.53,,1.7144
1977-03-03,281.29,,1.7136
1977-03-04,282.09,,1.7145
1977-03-07,281.93,,1.7171
1977-03-08,282.09,,1.7175
1977-03-09,282.33,,1.7181
1977-03-10,282.01,,1.7158
1977-03-11,282.01,,1.718
1977-03-14,281.21,,1.7192
1977-03-15,281.53,,1.719
1977-03-16,281.85,,1.7193
1977-03-17,281.69,,1.7189
1977-03-18,280.82,,1.7168
1977-03-21,279.1,,1.7173
1977-03-22,278.94,,1.7164
1977-03-23,277.24,,1.718
1977-03-24,278.47,,1.7178
1977-03-25,278.32,,1.7175
1977-03-28,276.85,,1.7183
1977-03-29,276.63,,1.7191
1977-03-30,277.24,,1.7206
1977-03-31,277.55,,1.72
1977-04-01,276.17,,1.7194
1977-04-04,274.65,,1.7198
1977-04-05,273.0,,1.7197
1977-04-06,273.22,,1.7188
1977-04-07,273.6,,1.7187
1977-04-08,273.22,,1.7183
1977-04-11,271.3,,1.7185
1977-04-12,270.71,,1.7191
1977-04-13,272.55,,1.7196
1977-04-14,273.37,,1.7182
1977-04-15,273.82,,1.718
1977-04-18,275.33,,1.7194
1977-04-19,275.79,,1.7191
1977-04-20,278.78,,1.7196
1977-04-21,276.85,,1.7192
1977-04-22,277.78,,1.7182
1977-04-25,278.01,,1.7188
1977-04-26,278.32,,1.7191
1977-04-27,278.01,,1.7198
1977-04-28,277.09,,1.7192
1977-04-29,277.78,,1.7192
1977-05-02,278.01,,1.7195
1977-05-03,278.16,,1.7194
1977-05-04,276.7,,1.7196
1977-05-05,275.94,,1.7186
1977-05-06,276.85,,1.7181
1977-05-09,278.01,,1.7189
1977-05-10,277.47,,1.719
1977-05-11,277.93,,1.7196
1977-05-12,278.01,,1.7189
1977-05-13,277.62,,1.7187
1977-05-16,277.7,,1.7188
1977-05-17,277.55,,1.7187
1977-05-18,277.39,,1.7185
1977-05-19,276.97,,1.7178
1977-05-20,277.24,,1.7174
1977-05-23,277.55,,1.7172
1977-05-24,277.78,,1.7165
1977-05-25,277.39,,1.7193
1977-05-26,277.12,,1.7171
1977-05-27,277.28,,1.7168
1977-05-30,,,
1977-05-31,277.28,,1.7191
1977-06-01,277.32,,1.719
1977-06-02,276.55,,1.7169
1977-06-03,276.28,,1.7177
1977-06-06,275.18,,1.7182
1977-06-07,275.56,,1.7185
1977-06-08,274.42,,1.7184
1977-06-09,273.75,,1.7182
1977-06-10,273.67,,1.7186
1977-06-13,271.81,,1.7193
1977-06-14,272.33,,1.7192
1977-06-15,272.78,,1.7196
1977-06-16,272.44,,1.7192
1977-06-17,272.7,,1.7194
1977-06-20,272.78,,1.7196
1977-06-21,272.44,,1.7194
1977-06-22,271.74,,1.7196
1977-06-23,271.81,,1.7197
1977-06-24,272.0,,1.7196
1977-06-27,271.48,,1.7201
1977-06-28,270.86,,1.7203
1977-06-29,267.45,,1.7209
1977-06-30,267.59,,1.7197
1977-07-01,267.13,,1.7197
1977-07-04,,,
1977-07-05,264.9,,1.7202
1977-07-06,265.39,,1.7206
1977-07-07,264.69,,1.7197
1977-07-08,264.76,,1.7195
1977-07-11,263.09,,1.72
1977-07-12,264.48,,1.7199
1977-07-13,264.27,,1.7205
1977-07-14,,,
1977-07-15,265.32,,1.7195
1977-07-18,263.99,,1.7199
1977-07-19,264.27,,1.72
1977-07-20,264.83,,1.7203
1977-07-21,264.76,,1.7194
1977-07-22,264.24,,1.7196
1977-07-25,264.34,,1.7198
1977-07-26,264.41,,1.7201
1977-07-27,264.76,,1.737
1977-07-28,265.96,,1.7372
1977-07-29,266.81,,1.7365
1977-08-01,267.13,,1.7375
1977-08-02,266.52,,1.7377
1977-08-03,265.57,,1.7385
1977-08-04,265.53,,1.7394
1977-08-05,265.85,,1.7387
1977-08-08,266.24,,1.7373
1977-08-09,265.96,,1.7381
1977-08-10,266.06,,1.739
1977-08-11,265.96,,1.738
1977-08-12,266.38,,1.7378
1977-08-15,267.92,,1.7391
1977-08-16,267.67,,1.7403
1977-08-17,266.74,,1.7407
1977-08-18,266.74,,1.7395
1977-08-19,267.27,,1.7403
1977-08-22,266.7,,1.7397
1977-08-23,266.77,,1.7401
1977-08-24,266.21,,1.7407
1977-08-25,267.31,,1.7412
1977-08-26,267.09,,1.7419
1977-08-29,267.06,,1.7416
1977-08-30,267.4,,1.7422
1977-08-31,267.5,,1.7428
1977-09-01,268.17,,1.7422
1977-09-02,267.97,,1.7416
1977-09-05,,,
1977-09-06,267.59,,1.7411
1977-09-07,266.81,,1.743
1977-09-08,266.88,,1.7429
1977-09-09,266.84,,1.7424
1977-09-12,266.67,,1.7432
1977-09-13,266.84,,1.7434
1977-09-14,267.13,,1.744
1977-09-15,267.06,,1.7437
1977-09-16,267.09,,1.7427
1977-09-19,266.92,,1.7419
1977-09-20,266.88,,1.7414
1977-09-21,266.88,,1.7427
1977-09-22,266.81,,1.743
1977-09-23,266.81,,1.7428
1977-09-26,266.7,,1.7438
1977-09-27,266.63,,1.7433
1977-09-28,266.67,,1.7443
1977-09-29,265.11,,1.7449
1977-09-30,263.71,,1.7476
1977-10-03,260.72,,1.7559
1977-10-04,260.82,,1.7555
1977-10-05,261.1,,1.7572
1977-10-06,258.55,,1.7596
1977-10-07,257.6,,1.7587
1977-10-10,,,
1977-10-11,257.8,,1.7591
1977-10-12,256.81,,1.7619
1977-10-13,254.97,,1.7641
1977-10-14,253.0,,1.7677
1977-10-17,252.53,,1.7722
1977-10-18,252.21,,1.7741
1977-10-19,254.45,,1.7732
1977-10-20,254.19,,1.7705
1977-10-21,254.32,,1.7694
1977-10-24,251.95,,1.7743
1977-10-25,252.33,,1.7766
1977-10-26,251.6,,1.778
1977-10-27,250.31,,1.7767
1977-10-28,250.5,,1.7774
1977-10-31,249.13,,1.8395
1977-11-01,246.73,,1.844
1977-11-02,248.32,,1.8335
1977-11-03,247.74,,1.809
1977-11-04,249.0,,1.805
1977-11-07,248.69,,1.8033
1977-11-08,,,
1977-11-09,247.1,,1.809
1977-11-10,246.18,,1.8195
1977-11-11,,,
1977-11-14,245.1,,1.8158
1977-11-15,245.28,,1.8159
1977-11-16,245.25,,1.818
1977-11-17,245.4,,1.8187
1977-11-18,243.49,,1.8245
1977-11-21,242.78,,1.817
1977-11-22,240.64,,1.817
1977-11-23,239.75,,1.8195
1977-11-24,,,
1977-11-25,239.98,,1.8185
1977-11-28,240.24,,1.8186
1977-11-29,243.66,,1.8141
1977-11-30,244.02,,1.817
1977-12-01,243.07,,1.8168
1977-12-02,242.51,,1.8205
1977-12-05,242.01,,1.8305
1977-12-06,241.6,,1.8215
1977-12-07,241.43,,1.8257
1977-12-08,241.72,,1.8273
1977-12-09,242.37,,1.8303
1977-12-12,241.78,,1.8309
1977-12-13,240.53,,1.8403
1977-12-14,237.81,,1.847
1977-12-15,239.12,,1.8465
1977-12-16,240.59,,1.854
1977-12-19,241.02,,1.873
1977-12-20,240.5,,1.8785
1977-12-21,240.38,,1.8848
1977-12-22,241.55,,1.854
1977-12-23,241.66,,1.8655
1977-12-26,,,
1977-12-27,241.37,,1.878
1977-12-28,240.44,,1.894
1977-12-29,240.04,,1.91
1977-12-30,239.98,,1.917
1978-01-02,,,
1978-01-03,237.59,,1.961
1978-01-04,237.42,,1.96
1978-01-05,241.08,,1.8865
1978-01-06,240.38,,1.93
1978-01-09,241.46,,1.9165
1978-01-10,241.49,,1.918
1978-01-11,240.5,,1.9405
1978-01-12,241.6,,1.925
1978-01-13,241.49,,1.93
1978-01-16,241.6,,1.928
1978-01-17,242.01,,1.923
1978-01-18,242.42,,1.924
1978-01-19,242.13,,1.9323
1978-01-20,241.85,,1.9315
1978-01-23,241.46,,1.9417
1978-01-24,241.66,,1.9464
1978-01-25,241.25,,1.9528
1978-01-26,240.56,,1.9519
1978-01-27,241.37,,1.9465
1978-01-30,241.78,,1.9475
1978-01-31,241.6,,1.9475
1978-02-01,241.6,,1.9481
1978-02-02,241.81,,1.9492
1978-02-03,241.84,,1.941
1978-02-06,241.14,,1.9382
1978-02-07,241.43,,1.9325
1978-02-08,241.49,,1.9335
1978-02-09,241.55,,1.9351
1978-02-10,241.58,,1.9355
1978-02-13,,,
1978-02-14,240.7,,1.9358
1978-02-15,240.67,,1.935
1978-02-16,240.15,,1.9415
1978-02-17,239.81,,1.9447
1978-02-20,,,
1978-02-21,238.41,,1.9448
1978-02-22,238.83,,1.9475
1978-02-23,238.15,,1.953
1978-02-24,240.21,,1.925
1978-02-27,239.23,,1.932
1978-02-28,238.1,,1.941
1978-03-01,238.27,,1.939
1978-03-02,238.41,,1.941
1978-03-03,237.02,,1.939
1978-03-06,236.41,,1.937
1978-03-07,235.57,,1.937
1978-03-08,234.41,,1.9343
1978-03-09,235.02,,1.926
1978-03-10,235.9,,1.9015
1978-03-13,234.03,,1.909
1978-03-14,233.05,,1.915
1978-03-15,233.05,,1.906
1978-03-16,235.63,,1.914
1978-03-17,231.0,,1.9075
1978-03-20,231.16,,1.9038
1978-03-21,230.63,,1.899
1978-03-22,230.36,,1.898
1978-03-23,230.02,,1.8745
1978-03-24,228.0,,1.875
1978-03-27,225.23,,1.881
1978-03-28,225.02,,1.8835
1978-03-29,222.27,,1.8787
1978-03-30,222.37,,1.864
1978-03-31,229.89,,1.862
1978-04-03,218.34,,1.8645
1978-04-04,219.3,,1.8676
1978-04-05,218.96,,1.873
1978-04-06,218.63,,1.8735
1978-04-07,220.12,,1.8746
1978-04-10,219.83,,1.8753
1978-04-11,219.33,,1.88
1978-04-12,218.72,,1.875
1978-04-13,219.35,,1.863
1978-04-14,219.4,,1.856
1978-04-17,220.6,,1.846
1978-04-18,221.53,,1.844
1978-04-19,221.88,,1.8408
1978-04-20,226.76,,1.824
1978-04-21,225.89,,1.8275
1978-04-24,228.1,,1.8215
1978-04-25,227.58,,1.8147
1978-04-26,225.63,,1.8166
1978-04-27,222.22,,1.833
1978-04-28,224.97,,1.823
1978-05-01,225.78,,1.8255
1978-05-02,226.07,,1.8263
1978-05-03,226.14,,1.825
1978-05-04,224.77,,1.828
1978-05-05,224.59,,1.8272
1978-05-08,225.12,,1.818
1978-05-09,225.38,,1.811
1978-05-10,224.92,,1.8242
1978-05-11,225.23,,1.818
1978-05-12,225.63,,1.819
1978-05-15,226.22,,1.8207
1978-05-16,228.41,,1.809
1978-05-17,227.95,,1.812
1978-05-18,227.53,,1.8173
1978-05-19,228.0,,1.807
1978-05-22,228.83,,1.8132
1978-05-23,229.04,,1.8093
1978-05-24,228.41,,1.8122
1978-05-25,225.84,,1.8125
1978-05-26,225.68,,1.8124
1978-05-29,225.05,,1.817
1978-05-30,,,
1978-05-31,221.34,,1.8335
1978-06-01,221.51,,1.8257
1978-06-02,221.24,,1.823
1978-06-05,220.99,,1.82
1978-06-06,220.99,,1.8245
1978-06-07,220.99,,1.8229
1978-06-08,220.9,,1.8247
1978-06-09,220.6,,1.8264
1978-06-12,218.01,,1.838
1978-06-13,216.92,,1.8338
1978-06-14,215.38,,1.833
1978-06-15,216.17,,1.83
1978-06-16,215.89,,1.831
1978-06-19,213.49,,1.8344
1978-06-20,211.15,,1.84
1978-06-21,210.66,,1.8497
1978-06-22,211.1,,1.838
1978-06-23,207.47,,1.8485
1978-06-26,206.06,,1.8484
1978-06-27,205.93,,1.847
1978-06-28,205.97,,1.8544
1978-06-29,205.21,,1.865
1978-06-30,203.71,,1.861
1978-07-03,202.43,,1.8674
1978-07-04,,,
1978-07-05,201.61,,1.8693
1978-07-06,203.09,,1.8675
1978-07-07,202.35,,1.8735
1978-07-10,201.69,,1.8895
1978-07-11,202.86,,1.884
1978-07-12,203.29,,1.885
1978-07-13,202.65,,1.885
1978-07-14,202.59,,1.882
1978-07-17,203.79,,1.8795
1978-07-18,202.55,,1.8835
1978-07-19,201.53,,1.895
1978-07-20,201.57,,1.9035
1978-07-21,200.94,,1.911
1978-07-24,198.02,,1.924
1978-07-25,195.47,,1.9255
1978-07-26,194.1,,1.9105
1978-07-27,193.65,,1.9072
1978-07-28,190.59,,1.924
1978-07-31,189.14,,1.931
1978-08-01,186.57,,1.927
1978-08-02,186.29,,1.928
1978-08-03,188.32,,1.9295
1978-08-04,190.19,,1.925
1978-08-07,188.79,,1.9292
1978-08-08,187.34,,1.934
1978-08-09,187.62,,1.9485
1978-08-10,186.67,,1.9525
1978-08-11,185.53,,1.964
1978-08-14,183.76,,1.9805
1978-08-15,185.29,,1.972
1978-08-16,184.64,,1.976
1978-08-17,188.32,,1.939
1978-08-18,188.86,,1.94
1978-08-21,193.01,,1.9278
1978-08-22,191.31,,1.93
1978-08-23,191.9,,1.926
1978-08-24,191.02,,1.9298
1978-08-25,192.57,,1.9255
1978-08-28,193.35,,1.922
1978-08-29,189.39,,1.9435
1978-08-30,189.07,,1.941
1978-08-31,190.51,,1.943
1978-09-01,190.8,,1.95
1978-09-04,,,
1978-09-05,190.15,,1.943
1978-09-06,190.0,,1.9423
1978-09-07,191.05,,1.9375
1978-09-08,192.9,,1.9362
1978-09-11,191.9,,1.9425
1978-09-12,191.5,,1.9452
1978-09-13,189.9,,1.96
1978-09-14,190.15,,1.959
1978-09-15,189.85,,1.9615
1978-09-18,190.8,,1.9587
1978-09-19,190.3,,1.961
1978-09-20,188.8,,1.9785
1978-09-21,187.75,,1.98
1978-09-22,188.25,,1.972
1978-09-25,187.65,,1.975
1978-09-26,189.15,,1.97
1978-09-27,189.1,,1.9707
1978-09-28,189.2,,1.9725
1978-09-29,189.19,,1.975
1978-10-02,188.85,,1.9715
1978-10-03,187.5,,1.9735
1978-10-04,187.0,,1.982
1978-10-05,187.3,,1.9817
1978-10-06,188.4,,1.981
1978-10-09,,,
1978-10-10,187.9,,1.9835
1978-10-11,185.85,,1.9922
1978-10-12,186.6,,1.985
1978-10-13,185.9,,1.986
1978-10-16,183.85,,1.989
1978-10-17,182.25,,1.996
1978-10-18,182.3,,1.9955
1978-10-19,183.25,,1.9935
1978-10-20,181.8,,2.0
1978-10-23,181.55,,2.007
1978-10-24,182.55,,2.0065
1978-10-25,179.55,,2.029
1978-10-26,178.3,,2.069
1978-10-27,179.0,,2.0625
1978-10-30,177.05,,2.098
1978-10-31,179.5,,2.076
1978-11-01,186.0,,2.01
1978-11-02,187.85,,1.995
1978-11-03,189.0,,1.9825
1978-11-06,190.25,,1.9765
1978-11-07,,,
1978-11-08,187.25,,1.975
1978-11-09,187.9,,1.972
1978-11-10,188.6,,1.967
1978-11-13,188.45,,1.967
1978-11-14,188.95,,1.9712
1978-11-15,191.0,,1.9674
1978-11-16,194.1,,1.951
1978-11-17,195.6,,1.928
1978-11-20,194.8,,1.9355
1978-11-21,195.0,,1.9435
1978-11-22,194.2,,1.9475
1978-11-23,,,
1978-11-24,195.05,,1.9395
1978-11-27,196.0,,1.9435
1978-11-28,196.75,,1.9478
1978-11-29,197.0,,1.9512
1978-11-30,199.1,,1.944
1978-12-01,201.7,,1.9377
1978-12-04,197.65,,1.947
1978-12-05,197.5,,1.9512
1978-12-06,197.55,,1.951
1978-12-07,198.65,,1.9515
1978-12-08,198.1,,1.9605
1978-12-11,196.0,,1.977
1978-12-12,196.35,,1.9728
1978-12-13,196.25,,1.9765
1978-12-14,195.55,,1.9755
1978-12-15,195.8,,1.979
1978-12-18,193.05,,2.004
1978-12-19,193.3,,2.01
1978-12-20,194.6,,2.01
1978-12-21,195.2,,1.997
1978-12-22,194.1,,2.004
1978-12-25,,,
1978-12-26,195.0,,2.01
1978-12-27,194.5,,2.037
1978-12-28,193.95,,2.029
1978-12-29,194.3,,2.0415
1979-01-01,,,
1979-01-02,194.58,,2.03
1979-01-03,196.6,,2.026
1979-01-04,196.4,,2.016
1979-01-05,196.65,,2.0195
1979-01-08,195.65,,2.025
1979-01-09,196.65,,2.0185
1979-01-10,196.65,,2.007
1979-01-11,198.25,,2.0005
1979-01-12,197.6,,1.9955
1979-01-15,197.8,,1.9923
1979-01-16,197.15,,2.0015
1979-01-17,196.8,,2.006
1979-01-18,196.75,,2.0095
1979-01-19,198.25,,2.0035
1979-01-22,197.63,,1.9987
1979-01-23,197.9,,1.9987
1979-01-24,197.7,,2.0
1979-01-25,199.0,,1.993
1979-01-26,199.55,,1.995
1979-01-29,200.1,,1.9952
1979-01-30,200.75,,1.996
1979-01-31,202.2,,1.9896
1979-02-01,202.75,,1.9805
1979-02-02,201.6,,1.979
1979-02-05,199.85,,1.9892
1979-02-06,199.05,,1.9952
1979-02-07,196.0,,2.013
1979-02-08,197.7,,2.0045
1979-02-09,198.8,,2.0025
1979-02-12,,,
1979-02-13,199.7,,2.0035
1979-02-14,200.4,,2.005
1979-02-15,200.25,,2.0035
1979-02-16,200.7,,2.002
1979-02-19,,,
1979-02-20,201.05,,2.004
1979-02-21,201.85,,2.0072
1979-02-22,201.4,,2.0095
1979-02-23,201.4,,2.012
1979-02-26,202.08,,2.0205
1979-02-27,201.9,,2.0218
1979-02-28,202.65,,2.0234
1979-03-01,203.75,,2.0231
1979-03-02,204.9,,2.022
1979-03-05,204.73,,2.0223
1979-03-06,204.5,,2.0246
1979-03-07,204.0,,2.0347
1979-03-08,204.18,,2.042
1979-03-09,204.7,,2.0378
1979-03-12,205.73,,2.041
1979-03-13,208.65,,2.04
1979-03-14,207.28,,2.0365
1979-03-15,206.95,,2.0357
1979-03-16,207.45,,2.03
1979-03-19,207.0,,2.0247
1979-03-20,207.17,,2.0323
1979-03-21,206.95,,2.0343
1979-03-22,205.5,,2.0343
1979-03-23,205.9,,2.039
1979-03-26,206.8,,2.0537
1979-03-27,207.15,,2.051
1979-03-28,207.88,,2.0516
1979-03-29,208.37,,2.058
1979-03-30,209.58,,2.0625
1979-04-02,211.65,,2.0673
1979-04-03,214.4,,2.067
1979-04-04,215.28,,2.0671
1979-04-05,215.23,,2.077
1979-04-06,214.9,,2.0882
1979-04-09,213.5,,2.0985
1979-04-10,212.75,,2.1025
1979-04-11,213.5,,2.09
1979-04-12,215.75,,2.0745
1979-04-13,215.9,,2.08
1979-04-16,216.45,,2.0875
1979-04-17,218.0,,2.0833
1979-04-18,215.4,,2.0737
1979-04-19,216.18,,2.0725
1979-04-20,218.3,,2.0695
1979-04-23,218.35,,2.0714
1979-04-24,218.45,,2.0655
1979-04-25,218.2,,2.0365
1979-04-26,218.1,,2.0473
1979-04-27,219.9,,2.0552
1979-04-30,221.8,,2.068
1979-05-01,224.4,,2.0595
1979-05-02,224.95,,2.0677
1979-05-03,224.8,,2.0765
1979-05-04,221.5,,2.0775
1979-05-07,214.8,,2.0826
1979-05-08,215.15,,2.0663
1979-05-09,213.15,,2.0665
1979-05-10,214.58,,2.0485
1979-05-11,215.13,,2.0415
1979-05-14,214.0,,2.0435
1979-05-15,214.2,,2.0635
1979-05-16,214.35,,2.061
1979-05-17,216.7,,2.055
1979-05-18,218.8,,2.0565
1979-05-21,218.8,,2.0435
1979-05-22,219.4,,2.044
1979-05-23,219.15,,2.0572
1979-05-24,218.65,,2.0525
1979-05-25,219.75,,2.0506
1979-05-28,220.45,,2.0525
1979-05-29,222.05,,2.0555
1979-05-30,,,
1979-05-31,220.35,,2.07
1979-06-01,221.28,,2.074
1979-06-04,219.75,,2.0768
1979-06-05,221.15,,2.08
1979-06-06,220.35,,2.0738
1979-06-07,219.55,,2.0645
1979-06-08,218.6,,2.062
1979-06-11,218.83,,2.069
1979-06-12,219.7,,2.09
1979-06-13,220.15,,2.1045
1979-06-14,220.18,,2.0958
1979-06-15,218.8,,2.106
1979-06-18,219.9,,2.106
1979-06-19,218.65,,2.12
1979-06-20,219.0,,2.132
1979-06-21,218.95,,2.1393
1979-06-22,215.8,,2.1418
1979-06-25,213.24,,2.1587
1979-06-26,215.9,,2.151
1979-06-27,216.4,,2.1559
1979-06-28,216.55,,2.1685
1979-06-29,217.8,,2.181
1979-07-02,218.3,,2.1885
1979-07-03,218.4,,2.2015
1979-07-04,,,
1979-07-05,217.0,,2.229
1979-07-06,217.5,,2.219
1979-07-09,217.5,,2.201
1979-07-10,217.68,,2.222
1979-07-11,217.45,,2.2325
1979-07-12,217.25,,2.2275
1979-07-13,217.35,,2.229
1979-07-16,216.8,,2.242
1979-07-17,216.45,,2.2695
1979-07-18,213.6,,2.278
1979-07-19,216.0,,2.2925
1979-07-20,217.1,,2.274
1979-07-23,215.75,,2.3015
1979-07-24,214.4,,2.3255
1979-07-25,215.25,,2.3205
1979-07-26,215.03,,2.329
1979-07-27,215.4,,2.313
1979-07-30,215.8,,2.3132
1979-07-31,216.7,,2.2475
1979-08-01,216.05,,2.2695
1979-08-02,216.55,,2.266
1979-08-03,216.9,,2.2685
1979-08-06,216.45,,2.2385
1979-08-07,216.5,,2.217
1979-08-08,216.5,,2.215
1979-08-09,216.05,,2.2345
1979-08-10,215.9,,2.248
1979-08-13,216.58,,2.2355
1979-08-14,216.8,,2.232
1979-08-15,216.85,,2.232
1979-08-16,216.98,,2.221
1979-08-17,217.3,,2.218
1979-08-20,217.38,,2.2215
1979-08-21,217.85,,2.2105
1979-08-22,219.5,,2.2179
1979-08-23,219.12,,2.222
1979-08-24,219.25,,2.232
1979-08-27,220.95,,2.243
1979-08-28,220.55,,2.249
1979-08-29,221.93,,2.2525
1979-08-30,219.95,,2.249
1979-08-31,220.4,,2.2527
1979-09-03,,,
1979-09-04,221.05,,2.2391
1979-09-05,221.5,,2.242
1979-09-06,220.85,,2.247
1979-09-07,220.8,,2.2495
1979-09-10,220.9,,2.2447
1979-09-11,221.55,,2.24
1979-09-12,222.2,,2.222
1979-09-13,223.6,,2.203
1979-09-14,223.4,,2.168
1979-09-17,223.48,,2.152
1979-09-18,223.8,,2.1535
1979-09-19,223.43,,2.1448
1979-09-20,220.3,,2.1605
1979-09-21,222.45,,2.163
1979-09-24,223.1,,2.1565
1979-09-25,222.8,,2.1583
1979-09-26,222.6,,2.186
1979-09-27,223.55,,2.202
1979-09-28,224.5,,2.203
1979-10-01,225.25,,2.1925
1979-10-02,225.35,,2.1912
1979-10-03,224.45,,2.183
1979-10-04,223.4,,2.186
1979-10-05,224.15,,2.178
1979-10-08,,,
1979-10-09,226.0,,2.1545
1979-10-10,225.6,,2.1685
1979-10-11,226.4,,2.1635
1979-10-12,227.5,,2.1565
1979-10-15,229.8,,2.157
1979-10-16,232.0,,2.1525
1979-10-17,234.1,,2.1445
1979-10-18,232.18,,2.1525
1979-10-19,230.65,,2.1545
1979-10-22,233.8,,2.1485
1979-10-23,235.4,,2.1125
1979-10-24,234.5,,2.1105
1979-10-25,233.9,,2.1135
1979-10-26,234.3,,2.1048
1979-10-29,235.98,,2.0963
1979-10-30,238.1,,2.0673
1979-10-31,237.85,,2.0745
1979-11-01,238.15,,2.071
1979-11-02,234.55,,2.0665
1979-11-05,237.1,,2.069
1979-11-06,,,
1979-11-07,240.2,,2.1055
1979-11-08,241.3,,2.085
1979-11-09,243.55,,2.091
1979-11-12,,,
1979-11-13,246.6,,2.109
1979-11-14,243.35,,2.1115
1979-11-15,247.2,,2.142
1979-11-16,246.5,,2.1595
1979-11-19,245.25,,2.1825
1979-11-20,246.2,,2.1665
1979-11-21,248.1,,2.1735
1979-11-22,,,
1979-11-23,249.0,,2.161
1979-11-26,250.85,,2.161
1979-11-27,249.45,,2.16
1979-11-28,248.95,,2.174
1979-11-29,248.85,,2.182
1979-11-30,249.55,,2.199
1979-12-03,248.89,,2.213
1979-12-04,247.5,,2.194
1979-12-05,245.7,,2.178
1979-12-06,243.6,,2.191
1979-12-07,240.2,,2.1665
1979-12-10,232.65,,2.1685
1979-12-11,233.3,,2.189
1979-12-12,237.9,,2.191
1979-12-13,240.7,,2.204
1979-12-14,242.55,,2.199
1979-12-17,240.1,,2.198
1979-12-18,239.4,,2.198
1979-12-19,239.0,,2.2045
1979-12-20,236.6,,2.1975
1979-12-21,239.9,,2.2015
1979-12-24,239.8,,2.2085
1979-12-25,,,
1979-12-26,239.05,,2.214
1979-12-27,239.8,,2.2455
1979-12-28,240.55,,2.2335
1979-12-31,240.3,,2.2185
1980-01-01,,,
1980-01-02,238.45,,2.2427
1980-01-03,238.35,,2.24
1980-01-04,234.8,,2.237
1980-01-07,231.55,,2.2615
1980-01-08,234.75,,2.262
1980-01-09,234.95,,2.266
1980-01-10,235.8,,2.258
1980-01-11,236.05,,2.257
1980-01-14,236.2,,2.2755
1980-01-15,239.65,,2.2765
1980-01-16,238.15,,2.271
1980-01-17,239.9,,2.277
1980-01-18,239.65,,2.2855
1980-01-21,241.0,,2.2835
1980-01-22,239.7,,2.275
1980-01-23,237.25,,2.2775
1980-01-24,239.35,,2.2778
1980-01-25,239.6,,2.261
1980-01-28,240.22,,2.2475
1980-01-29,239.35,,2.2495
1980-01-30,239.5,,2.262
1980-01-31,239.33,,2.2667
1980-02-01,240.45,,2.274
1980-02-04,240.29,,2.2865
1980-02-05,240.1,,2.2905
1980-02-06,240.1,,2.312
1980-02-07,240.09,,2.3015
1980-02-08,241.65,,2.298
1980-02-11,241.4,,2.3047
1980-02-12,,,
1980-02-13,242.1,,2.308
1980-02-14,243.39,,2.3131
1980-02-15,243.2,,2.295
1980-02-18,,,
1980-02-19,245.36,,2.272
1980-02-20,246.05,,2.2794
1980-02-21,246.09,,2.2865
1980-02-22,247.45,,2.2745
1980-02-25,248.35,,2.276
1980-02-26,248.08,,2.2767
1980-02-27,248.45,,2.287
1980-02-28,248.4,,2.2848
1980-02-29,251.65,,2.273
1980-03-03,247.85,,2.242
1980-03-04,246.4,,2.235
1980-03-05,246.88,,2.24
1980-03-06,248.1,,2.2335
1980-03-07,247.85,,2.227
1980-03-10,247.93,,2.2168
1980-03-11,247.3,,2.2265
1980-03-12,247.5,,2.2335
1980-03-13,248.1,,2.223
1980-03-14,249.05,,2.213
1980-03-17,248.9,,2.1875
1980-03-18,249.1,,2.186
1980-03-19,248.65,,2.1905
1980-03-20,248.7,,2.194
1980-03-21,248.92,,2.1835
1980-03-24,249.15,,2.186
1980-03-25,249.07,,2.1885
1980-03-26,249.1,,2.1855
1980-03-27,249.9,,2.174
1980-03-28,249.65,,2.169
1980-03-31,249.95,,2.16
1980-04-01,254.65,,2.1515
1980-04-02,257.15,,2.154
1980-04-03,257.2,,2.139
1980-04-04,258.75,,2.135
1980-04-07,261.4,,2.14
1980-04-08,258.2,,2.179
1980-04-09,251.8,,2.186
1980-04-10,249.5,,2.1915
1980-04-11,252.5,,2.195
1980-04-14,251.35,,2.2035
1980-04-15,252.7,,2.1875
1980-04-16,249.1,,2.217
1980-04-17,248.7,,2.215
1980-04-18,249.4,,2.2185
1980-04-21,249.8,,2.242
1980-04-22,250.0,,2.2345
1980-04-23,243.25,,2.269
1980-04-24,244.65,,2.2635
1980-04-25,246.0,,2.2735
1980-04-28,241.3,,2.283
1980-04-29,239.3,,2.2695
1980-04-30,239.35,,2.2585
1980-05-01,240.5,,2.259
1980-05-02,240.35,,2.2555
1980-05-05,237.2,,2.278
1980-05-06,231.8,,2.2795
1980-05-07,231.85,,2.2815
1980-05-08,233.6,,2.285
1980-05-09,231.8,,2.267
1980-05-12,226.8,,2.281
1980-05-13,227.75,,2.279
1980-05-14,227.2,,2.2975
1980-05-15,227.8,,2.3005
1980-05-16,229.6,,2.284
1980-05-19,229.0,,2.2835
1980-05-20,226.75,,2.291
1980-05-21,224.4,,2.3305
1980-05-22,224.05,,2.3285
1980-05-23,221.25,,2.344
1980-05-26,,,
1980-05-27,219.2,,2.37
1980-05-28,223.5,,2.359
1980-05-29,223.8,,2.346
1980-05-30,223.0,,2.3425
1980-06-02,223.55,,2.3365
1980-06-03,222.7,,2.303
1980-06-04,221.4,,2.3215
1980-06-05,220.35,,2.3305
1980-06-06,219.3,,2.3318
1980-06-09,216.35,,2.3505
1980-06-10,215.8,,2.3327
1980-06-11,217.75,,2.3348
1980-06-12,216.5,,2.3385
1980-06-13,216.0,,2.3425
1980-06-16,216.0,,2.3405
1980-06-17,216.0,,2.3306
1980-06-18,215.75,,2.3323
1980-06-19,216.35,,2.3355
1980-06-20,217.2,,2.335
1980-06-23,216.07,,2.341
1980-06-24,216.6,,2.3357
1980-06-25,217.95,,2.336
1980-06-26,217.2,,2.3435
1980-06-27,217.55,,2.347
1980-06-30,219.9,,2.3555
1980-07-01,219.5,,2.3615
1980-07-02,218.8,,2.358
1980-07-03,219.0,,2.3483
1980-07-04,,,
1980-07-07,217.9,,2.3825
1980-07-08,219.1,,2.373
1980-07-09,218.15,,2.3735
1980-07-10,216.85,,2.3755
1980-07-11,217.7,,2.3777
1980-07-14,218.25,,2.3755
1980-07-15,219.4,,2.3715
1980-07-16,218.8,,2.3715
1980-07-17,218.5,,2.38
1980-07-18,220.27,,2.3742
1980-07-21,220.38,,2.3795
1980-07-22,221.0,,2.388
1980-07-23,224.15,,2.3845
1980-07-24,223.2,,2.3965
1980-07-25,225.4,,2.3905
1980-07-28,227.4,,2.3862
1980-07-29,226.8,,2.371
1980-07-30,227.05,,2.348
1980-07-31,227.4,,2.3425
1980-08-01,227.0,,2.333
1980-08-04,226.05,,2.3425
1980-08-05,226.25,,2.3555
1980-08-06,225.3,,2.374
1980-08-07,225.7,,2.3698
1980-08-08,226.3,,2.372
1980-08-11,225.78,,2.3718
1980-08-12,222.9,,2.373
1980-08-13,224.0,,2.3755
1980-08-14,224.4,,2.3755
1980-08-15,225.75,,2.3795
1980-08-18,226.3,,2.369
1980-08-19,224.38,,2.36
1980-08-20,224.15,,2.3685
1980-08-21,224.75,,2.369
1980-08-22,223.8,,2.3655
1980-08-25,223.2,,2.3685
1980-08-26,219.4,,2.3795
1980-08-27,219.68,,2.3905
1980-08-28,218.0,,2.389
1980-08-29,219.1,,2.396
1980-09-01,,,
1980-09-02,215.93,,2.418
1980-09-03,216.7,,2.4155
1980-09-04,217.2,,2.418
1980-09-05,218.0,,2.413
1980-09-08,216.7,,2.4175
1980-09-09,216.8,,2.4005
1980-09-10,216.55,,2.402
1980-09-11,214.47,,2.4115
1980-09-12,213.2,,2.4135
1980-09-15,212.65,,2.396
1980-09-16,211.47,,2.3865
1980-09-17,211.95,,2.3923
1980-09-18,212.98,,2.384
1980-09-19,210.8,,2.3855
1980-09-22,214.8,,2.403
1980-09-23,218.15,,2.402
1980-09-24,214.45,,2.399
1980-09-25,215.0,,2.3992
1980-09-26,211.7,,2.3915
1980-09-29,212.4,,2.3905
1980-09-30,210.85,,2.387
1980-10-01,208.5,,2.391
1980-10-02,208.15,,2.386
1980-10-03,207.6,,2.3883
1980-10-06,207.9,,2.3978
1980-10-07,208.85,,2.3925
1980-10-08,208.35,,2.393
1980-10-09,208.95,,2.3972
1980-10-10,209.0,,2.4028
1980-10-13,,,
1980-10-14,206.5,,2.4078
1980-10-15,207.3,,2.407
1980-10-16,208.15,,2.4165
1980-10-17,208.2,,2.413
1980-10-20,208.65,,2.4295
1980-10-21,207.95,,2.435
1980-10-22,209.35,,2.4345
1980-10-23,210.4,,2.442
1980-10-24,212.75,,2.44
1980-10-27,213.75,,2.438
1980-10-28,213.25,,2.4345
1980-10-29,210.0,,2.441
1980-10-30,210.5,,2.438
1980-10-31,211.05,,2.4365
1980-11-03,210.8,,2.443
1980-11-04,,,
1980-11-05,211.35,,2.446
1980-11-06,212.65,,2.438
1980-11-07,213.1,,2.418
1980-11-10,209.5,,2.3965
1980-11-11,,,
1980-11-12,213.1,,2.413
1980-11-13,212.3,,2.4175
1980-11-14,212.9,,2.403
1980-11-17,213.6,,2.394
1980-11-18,213.3,,2.39
1980-11-19,212.65,,2.376
1980-11-20,213.7,,2.385
1980-11-21,213.8,,2.3585
1980-11-24,213.35,,2.339
1980-11-25,213.65,,2.355
1980-11-26,216.45,,2.3695
1980-11-27,,,
1980-11-28,216.6,,2.3575
1980-12-01,217.85,,2.3485
1980-12-02,216.55,,2.3415
1980-12-03,213.55,,2.346
1980-12-04,211.0,,2.3442
1980-12-05,211.6,,2.339
1980-12-08,208.5,,2.3435
1980-12-09,209.1,,2.3355
1980-12-10,210.1,,2.34
1980-12-11,210.45,,2.3145
1980-12-12,210.5,,2.3235
1980-12-15,209.4,,2.3275
1980-12-16,208.75,,2.309
1980-12-17,208.9,,2.33
1980-12-18,209.5,,2.324
1980-12-19,208.2,,2.341
1980-12-22,207.65,,2.351
1980-12-23,207.9,,2.368
1980-12-24,208.0,,2.36
1980-12-25,,,
1980-12-26,208.4,,2.379
1980-12-29,206.65,,2.366
1980-12-30,203.1,,2.39
1980-12-31,203.1,,2.389
1981-01-01,,,
1981-01-02,202.5,,2.382
1981-01-05,199.05,,2.4155
1981-01-06,199.7,,2.4225
1981-01-07,201.05,,2.4115
1981-01-08,201.7,,2.4035
1981-01-09,203.0,,2.395
1981-01-12,204.1,,2.397
1981-01-13,203.3,,2.388
1981-01-14,203.05,,2.4025
1981-01-15,201.75,,2.4005
1981-01-16,202.9,,2.3935
1981-01-19,202.3,,2.405
1981-01-20,200.65,,2.4185
1981-01-21,199.2,,2.427
1981-01-22,200.85,,2.403
1981-01-23,202.75,,2.407
1981-01-26,203.55,,2.416
1981-01-27,202.5,,2.402
1981-01-28,204.5,,2.4083
1981-01-29,204.6,,2.3968
1981-01-30,206.7,,2.3655
1981-02-02,203.15,,2.349
1981-02-03,204.05,,2.3505
1981-02-04,202.9,,2.356
1981-02-05,202.95,,2.3405
1981-02-06,203.8,,2.34
1981-02-09,203.9,,2.3405
1981-02-10,203.9,,2.337
1981-02-11,203.9,,2.3375
1981-02-12,,,
1981-02-13,207.45,,2.2845
1981-02-16,,,
1981-02-17,206.8,,2.263
1981-02-18,206.55,,2.266
1981-02-19,206.8,,2.284
1981-02-20,206.8,,2.31
1981-02-23,208.05,,2.244
1981-02-24,207.0,,2.233
1981-02-25,207.3,,2.228
1981-02-26,207.9,,2.2265
1981-02-27,209.7,,2.204
1981-03-02,211.1,,2.1805
1981-03-03,208.6,,2.205
1981-03-04,208.6,,2.198
1981-03-05,208.9,,2.204
1981-03-06,209.0,,2.1925
1981-03-09,206.0,,2.215
1981-03-10,207.0,,2.228
1981-03-11,207.6,,2.2165
1981-03-12,207.6,,2.219
1981-03-13,207.55,,2.217
1981-03-16,207.27,,2.2365
1981-03-17,207.7,,2.249
1981-03-18,207.6,,2.2785
1981-03-19,208.75,,2.2805
1981-03-20,208.25,,2.263
1981-03-23,208.6,,2.2495
1981-03-24,208.55,,2.2655
1981-03-25,208.85,,2.2625
1981-03-26,211.45,,2.245
1981-03-27,211.8,,2.226
1981-03-30,211.4,,2.2375
1981-03-31,211.25,,2.2325
1981-04-01,212.4,,2.246
1981-04-02,213.8,,2.218
1981-04-03,213.2,,2.195
1981-04-06,214.0,,2.175
1981-04-07,213.1,,2.203
1981-04-08,213.45,,2.196
1981-04-09,214.1,,2.19
1981-04-10,215.17,,2.185
1981-04-13,216.25,,2.163
1981-04-14,215.22,,2.1758
1981-04-15,216.7,,2.153
1981-04-16,216.8,,2.154
1981-04-17,217.5,,2.154
1981-04-20,218.2,,2.1575
1981-04-21,218.35,,2.1617
1981-04-22,216.85,,2.1865
1981-04-23,215.2,,2.1745
1981-04-24,214.3,,2.167
1981-04-27,212.1,,2.163
1981-04-28,212.3,,2.156
1981-04-29,214.7,,2.143
1981-04-30,215.78,,2.1395
1981-05-01,215.75,,2.143
1981-05-04,217.1,,2.118
1981-05-05,217.8,,2.1135
1981-05-06,216.9,,2.1168
1981-05-07,217.9,,2.1035
1981-05-08,217.6,,2.1155
1981-05-11,217.95,,2.101
1981-05-12,219.75,,2.0875
1981-05-13,220.45,,2.0775
1981-05-14,222.35,,2.0663
1981-05-15,223.05,,2.0745
1981-05-18,221.97,,2.0882
1981-05-19,221.0,,2.0765
1981-05-20,220.8,,2.081
1981-05-21,222.5,,2.068
1981-05-22,222.5,,2.0725
1981-05-25,,,
1981-05-26,224.35,,2.066
1981-05-27,224.95,,2.06
1981-05-28,224.0,,2.068
1981-05-29,223.9,,2.07
1981-06-01,222.5,,2.0575
1981-06-02,223.85,,2.036
1981-06-03,223.4,,2.016
1981-06-04,226.4,,1.94
1981-06-05,227.8,,1.93
1981-06-08,227.9,,1.94
1981-06-09,228.1,,1.9405
1981-06-10,225.45,,1.9705
1981-06-11,226.1,,1.949
1981-06-12,224.15,,1.957
1981-06-15,219.7,,2.002
1981-06-16,220.15,,1.9948
1981-06-17,220.9,,1.997
1981-06-18,222.1,,1.976
1981-06-19,223.35,,1.972
1981-06-22,222.52,,1.9918
1981-06-23,221.8,,1.9982
1981-06-24,222.8,,1.979
1981-06-25,225.45,,1.953
1981-06-26,224.85,,1.949
1981-06-29,225.85,,1.9435
1981-06-30,226.85,,1.93
1981-07-01,228.25,,1.9025
1981-07-02,226.75,,1.884
1981-07-03,228.5,,1.893
1981-07-06,229.83,,1.9
1981-07-07,228.75,,1.9025
1981-07-08,229.45,,1.879
1981-07-09,228.85,,1.877
1981-07-10,228.3,,1.8925
1981-07-13,228.3,,1.8805
1981-07-14,231.0,,1.862
1981-07-15,230.6,,1.89
1981-07-16,231.28,,1.8825
1981-07-17,231.97,,1.8815
1981-07-20,233.0,,1.867
1981-07-21,234.35,,1.845
1981-07-22,234.5,,1.8607
1981-07-23,234.9,,1.8545
1981-07-24,234.52,,1.8622
1981-07-27,236.1,,1.86
1981-07-28,237.25,,1.8635
1981-07-29,237.85,,1.858
1981-07-30,238.8,,1.857
1981-07-31,240.4,,1.84
1981-08-03,245.4,,1.8015
1981-08-04,246.1,,1.7935
1981-08-05,240.9,,1.8055
1981-08-06,239.9,,1.798
1981-08-07,234.9,,1.7905
1981-08-10,236.1,,1.771
1981-08-11,235.75,,1.776
1981-08-12,230.2,,1.8115
1981-08-13,231.7,,1.804
1981-08-14,233.75,,1.802
1981-08-17,229.8,,1.8225
1981-08-18,229.2,,1.829
1981-08-19,230.35,,1.8315
1981-08-20,228.9,,1.8595
1981-08-21,227.25,,1.8765
1981-08-24,228.4,,1.849
1981-08-25,230.6,,1.8235
1981-08-26,230.1,,1.845
1981-08-27,230.95,,1.8425
1981-08-28,229.1,,1.849
1981-08-31,230.5,,1.845
1981-09-01,230.95,,1.832
1981-09-02,229.7,,1.8415
1981-09-03,230.4,,1.8445
1981-09-04,229.7,,1.843
1981-09-07,,,
1981-09-08,232.5,,1.7935
1981-09-09,233.8,,1.781
1981-09-10,230.9,,1.804
1981-09-11,231.35,,1.779
1981-09-14,230.2,,1.795
1981-09-15,225.7,,1.833
1981-09-16,226.95,,1.8475
1981-09-17,226.3,,1.832
1981-09-18,226.3,,1.834
1981-09-21,224.2,,1.854
1981-09-22,226.8,,1.831
1981-09-23,227.9,,1.8115
1981-09-24,229.1,,1.7885
1981-09-25,229.7,,1.7855
1981-09-28,232.45,,1.779
1981-09-29,231.9,,1.7945
1981-09-30,232.3,,1.803
1981-10-01,233.1,,1.831
1981-10-02,232.05,,1.818
1981-10-05,227.6,,1.8545
1981-10-06,230.4,,1.847
1981-10-07,228.5,,1.869
1981-10-08,228.35,,1.8985
1981-10-09,226.55,,1.901
1981-10-12,,,
1981-10-13,228.6,,1.855
1981-10-14,228.75,,1.853
1981-10-15,230.6,,1.847
1981-10-16,230.6,,1.831
1981-10-19,232.35,,1.84
1981-10-20,232.7,,1.819
1981-10-21,233.7,,1.8212
1981-10-22,233.65,,1.8148
1981-10-23,232.3,,1.8205
1981-10-26,236.15,,1.805
1981-10-27,234.75,,1.8108
1981-10-28,234.05,,1.8245
1981-10-29,234.35,,1.8315
1981-10-30,232.8,,1.862
1981-11-02,229.15,,1.8725
1981-11-03,,,
1981-11-04,227.3,,1.878
1981-11-05,228.5,,1.8725
1981-11-06,229.05,,1.875
1981-11-09,226.78,,1.892
1981-11-10,229.85,,1.867
1981-11-11,,,
1981-11-12,227.25,,1.8945
1981-11-13,227.35,,1.907
1981-11-16,225.7,,1.913
1981-11-17,224.25,,1.893
1981-11-18,222.2,,1.9115
1981-11-19,220.3,,1.911
1981-11-20,218.65,,1.897
1981-11-23,217.6,,1.9037
1981-11-24,215.9,,1.9185
1981-11-25,216.6,,1.928
1981-11-26,,,
1981-11-27,215.65,,1.956
1981-11-30,214.2,,1.955
1981-12-01,216.4,,1.9455
1981-12-02,214.7,,1.9525
1981-12-03,216.65,,1.933
1981-12-04,216.5,,1.9415
1981-12-07,217.55,,1.935
1981-12-08,218.0,,1.9265
1981-12-09,218.4,,1.9225
1981-12-10,218.6,,1.8928
1981-12-11,219.3,,1.8775
1981-12-14,220.75,,1.8655
1981-12-15,217.5,,1.8855
1981-12-16,218.3,,1.8865
1981-12-17,218.45,,1.8865
1981-12-18,219.0,,1.8775
1981-12-21,220.05,,1.8715
1981-12-22,219.35,,1.886
1981-12-23,220.7,,1.8865
1981-12-24,222.1,,1.893
1981-12-25,,,
1981-12-28,222.8,,1.89
1981-12-29,222.3,,1.8905
1981-12-30,219.8,,1.9125
1981-12-31,219.8,,1.915
1982-01-01,,,
1982-01-04,218.75,,1.926
1982-01-05,219.7,,1.912
1982-01-06,219.6,,1.9253
1982-01-07,222.0,,1.92
1982-01-08,221.4,,1.92
1982-01-11,223.3,,1.887
1982-01-12,223.05,,1.873
1982-01-13,224.35,,1.868
1982-01-14,224.5,,1.8635
1982-01-15,224.5,,1.87
1982-01-18,225.35,,1.8835
1982-01-19,224.5,,1.894
1982-01-20,225.5,,1.8832
1982-01-21,225.65,,1.88
1982-01-22,227.4,,1.8705
1982-01-25,229.4,,1.8545
1982-01-26,228.25,,1.8705
1982-01-27,229.6,,1.866
1982-01-28,231.0,,1.8745
1982-01-29,228.3,,1.879
1982-02-01,232.6,,1.8605
1982-02-02,233.25,,1.8625
1982-02-03,234.8,,1.8585
1982-02-04,233.15,,1.87
1982-02-05,233.5,,1.8605
1982-02-08,234.75,,1.8625
1982-02-09,236.5,,1.842
1982-02-10,236.35,,1.8475
1982-02-11,235.75,,1.849
1982-02-12,,,
1982-02-15,,,
1982-02-16,240.65,,1.8322
1982-02-17,240.35,,1.8355
1982-02-18,235.5,,1.8515
1982-02-19,233.6,,1.8525
1982-02-22,232.1,,1.8475
1982-02-23,234.9,,1.831
1982-02-24,234.45,,1.8295
1982-02-25,236.05,,1.8327
1982-02-26,237.25,,1.82
1982-03-01,238.3,,1.8217
1982-03-02,237.7,,1.8125
1982-03-03,236.6,,1.823
1982-03-04,236.55,,1.8275
1982-03-05,233.9,,1.8375
1982-03-08,234.3,,1.825
1982-03-09,237.55,,1.8035
1982-03-10,237.25,,1.81
1982-03-11,239.4,,1.805
1982-03-12,240.1,,1.7975
1982-03-15,240.5,,1.807
1982-03-16,241.6,,1.802
1982-03-17,241.4,,1.8092
1982-03-18,242.1,,1.8095
1982-03-19,244.0,,1.799
1982-03-22,245.3,,1.7978
1982-03-23,244.9,,1.802
1982-03-24,243.6,,1.8045
1982-03-25,245.35,,1.7955
1982-03-26,247.1,,1.79
1982-03-29,247.2,,1.7775
1982-03-30,245.3,,1.7835
1982-03-31,248.25,,1.781
1982-04-01,246.2,,1.79
1982-04-02,245.6,,1.7875
1982-04-05,248.4,,1.7722
1982-04-06,248.4,,1.7505
1982-04-07,245.9,,1.763
1982-04-08,248.75,,1.753
1982-04-09,248.05,,1.754
1982-04-12,248.0,,1.768
1982-04-13,246.7,,1.769
1982-04-14,247.45,,1.76
1982-04-15,248.4,,1.7598
1982-04-16,247.8,,1.76
1982-04-19,245.0,,1.773
1982-04-20,243.15,,1.7705
1982-04-21,243.2,,1.777
1982-04-22,242.8,,1.7775
1982-04-23,241.15,,1.772
1982-04-26,238.4,,1.7775
1982-04-27,238.0,,1.7745
1982-04-28,237.25,,1.7855
1982-04-29,235.9,,1.794
1982-04-30,235.85,,1.7945
1982-05-03,236.6,,1.8135
1982-05-04,237.55,,1.7945
1982-05-05,234.1,,1.805
1982-05-06,233.55,,1.821
1982-05-07,232.92,,1.8262
1982-05-10,233.3,,1.836
1982-05-11,232.85,,1.833
1982-05-12,233.8,,1.837
1982-05-13,235.2,,1.824
1982-05-14,235.25,,1.8235
1982-05-17,236.85,,1.8165
1982-05-18,237.25,,1.8135
1982-05-19,238.95,,1.7965
1982-05-20,238.3,,1.7795
1982-05-21,237.6,,1.7975
1982-05-24,238.4,,1.8045
1982-05-25,240.2,,1.8048
1982-05-26,240.4,,1.8
1982-05-27,242.9,,1.7895
1982-05-28,243.3,,1.791
1982-05-31,,,
1982-06-01,244.3,,1.7875
1982-06-02,244.7,,1.7915
1982-06-03,243.2,,1.7962
1982-06-04,243.65,,1.795
1982-06-07,245.65,,1.79
1982-06-08,247.0,,1.782
1982-06-09,248.95,,1.7745
1982-06-10,249.3,,1.764
1982-06-11,247.55,,1.7745
1982-06-14,250.65,,1.758
1982-06-15,251.65,,1.7612
1982-06-16,252.85,,1.748
1982-06-17,254.5,,1.743
1982-06-18,255.15,,1.7385
1982-06-21,257.15,,1.727
1982-06-22,254.5,,1.7365
1982-06-23,256.0,,1.7295
1982-06-24,252.4,,1.733
1982-06-25,257.7,,1.719
1982-06-28,258.95,,1.7185
1982-06-29,255.55,,1.735
1982-06-30,255.0,,1.7355
1982-07-01,255.95,,1.735
1982-07-02,257.0,,1.731
1982-07-05,,,
1982-07-06,257.7,,1.7238
1982-07-07,259.0,,1.7105
1982-07-08,257.85,,1.7105
1982-07-09,255.8,,1.7245
1982-07-12,254.25,,1.7325
1982-07-13,257.5,,1.7225
1982-07-14,256.35,,1.723
1982-07-15,255.95,,1.7215
1982-07-16,254.05,,1.724
1982-07-19,254.65,,1.735
1982-07-20,253.75,,1.739
1982-07-21,252.05,,1.756
1982-07-22,251.85,,1.7475
1982-07-23,249.2,,1.7665
1982-07-26,250.95,,1.764
1982-07-27,252.3,,1.7562
1982-07-28,254.8,,1.7435
1982-07-29,256.6,,1.738
1982-07-30,258.1,,1.738
1982-08-02,256.6,,1.7535
1982-08-03,257.85,,1.7485
1982-08-04,260.35,,1.7278
1982-08-05,259.85,,1.7155
1982-08-06,260.1,,1.714
1982-08-09,262.3,,1.7
1982-08-10,263.9,,1.6975
1982-08-11,263.4,,1.698
1982-08-12,263.2,,1.698
1982-08-13,262.1,,1.702
1982-08-16,264.05,,1.7025
1982-08-17,264.05,,1.707
1982-08-18,259.2,,1.724
1982-08-19,258.35,,1.7235
1982-08-20,254.75,,1.7415
1982-08-23,254.6,,1.744
1982-08-24,251.5,,1.7665
1982-08-25,251.0,,1.7605
1982-08-26,253.2,,1.76
1982-08-27,256.6,,1.736
1982-08-30,260.95,,1.7085
1982-08-31,261.1,,1.7205
1982-09-01,259.1,,1.7205
1982-09-02,256.2,,1.735
1982-09-03,257.8,,1.7305
1982-09-06,,,
1982-09-07,257.45,,1.7278
1982-09-08,259.5,,1.721
1982-09-09,258.65,,1.728
1982-09-10,262.65,,1.7125
1982-09-13,264.0,,1.7053
1982-09-14,263.25,,1.7075
1982-09-15,263.4,,1.7065
1982-09-16,263.4,,1.7075
1982-09-17,263.2,,1.713
1982-09-20,264.5,,1.7105
1982-09-21,265.1,,1.71
1982-09-22,262.65,,1.7215
1982-09-23,264.95,,1.7105
1982-09-24,266.25,,1.7085
1982-09-27,269.8,,1.6958
1982-09-28,270.0,,1.6905
1982-09-29,268.85,,1.6955
1982-09-30,268.3,,1.6945
1982-10-01,268.9,,1.698
1982-10-04,273.5,,1.6833
1982-10-05,273.8,,1.6865
1982-10-06,273.95,,1.6925
1982-10-07,270.1,,1.7035
1982-10-08,267.7,,1.7045
1982-10-11,,,
1982-10-12,262.6,,1.724
1982-10-13,266.65,,1.7085
1982-10-14,268.5,,1.706
1982-10-15,269.7,,1.704
1982-10-18,268.55,,1.708
1982-10-19,268.3,,1.707
1982-10-20,270.4,,1.6973
1982-10-21,273.0,,1.6957
1982-10-22,273.45,,1.698
1982-10-25,276.55,,1.6805
1982-10-26,276.05,,1.686
1982-10-27,276.05,,1.6848
1982-10-28,277.45,,1.678
1982-10-29,277.1,,1.677
1982-11-01,276.9,,1.6825
1982-11-02,,,
1982-11-03,276.52,,1.6795
1982-11-04,277.65,,1.6665
1982-11-05,275.8,,1.6625
1982-11-08,276.0,,1.6505
1982-11-09,271.15,,1.6603
1982-11-10,268.1,,1.6625
1982-11-11,,,
1982-11-12,268.5,,1.6518
1982-11-15,267.35,,1.6315
1982-11-16,263.7,,1.6205
1982-11-17,263.3,,1.6015
1982-11-18,262.7,,1.603
1982-11-19,257.85,,1.6195
1982-11-22,254.65,,1.594
1982-11-23,257.05,,1.5972
1982-11-24,250.7,,1.5955
1982-11-25,,,
1982-11-26,250.2,,1.5925
1982-11-29,250.35,,1.6062
1982-11-30,249.2,,1.632
1982-12-01,248.6,,1.6285
1982-12-02,248.1,,1.6365
1982-12-03,246.6,,1.641
1982-12-06,245.1,,1.62
1982-12-07,242.75,,1.632
1982-12-08,242.15,,1.627
1982-12-09,245.7,,1.612
1982-12-10,244.25,,1.61
1982-12-13,247.3,,1.607
1982-12-14,244.3,,1.6165
1982-12-15,244.95,,1.614
1982-12-16,243.3,,1.62
1982-12-17,244.15,,1.6
1982-12-20,244.45,,1.6105
1982-12-21,242.1,,1.6045
1982-12-22,240.5,,1.607
1982-12-23,238.1,,1.595
1982-12-24,238.1,,1.6
1982-12-27,237.5,,1.605
1982-12-28,234.65,,1.619
1982-12-29,232.8,,1.627
1982-12-30,234.5,,1.6165
1982-12-31,234.7,,1.618
1983-01-03,232.0,,1.6235
1983-01-04,229.8,,1.621
1983-01-05,229.1,,1.621
1983-01-06,229.8,,1.6065
1983-01-07,229.1,,1.61
1983-01-10,226.75,,1.5895
1983-01-11,228.8,,1.584
1983-01-12,230.55,,1.575
1983-01-13,229.1,,1.578
1983-01-14,230.5,,1.581
1983-01-17,229.6,,1.589
1983-01-18,232.15,,1.576
1983-01-19,234.95,,1.574
1983-01-20,235.3,,1.572
1983-01-21,236.35,,1.5675
1983-01-24,240.2,,1.5405
1983-01-25,235.85,,1.5388
1983-01-26,235.35,,1.548
1983-01-27,235.85,,1.5365
1983-01-28,236.4,,1.5362
1983-01-31,239.85,,1.5202
1983-02-01,239.4,,1.5235
1983-02-02,242.2,,1.5135
1983-02-03,238.85,,1.5245
1983-02-04,240.3,,1.5245
1983-02-07,237.45,,1.534
1983-02-08,237.45,,1.5365
1983-02-09,236.6,,1.541
1983-02-10,235.1,,1.549
1983-02-11,234.7,,1.5405
1983-02-14,234.8,,1.5385
1983-02-15,234.1,,1.541
1983-02-16,232.6,,1.551
1983-02-17,233.2,,1.5435
1983-02-18,233.6,,1.5435
1983-02-21,,,
1983-02-22,233.8,,1.5215
1983-02-23,235.05,,1.533
1983-02-24,234.2,,1.5275
1983-02-25,235.05,,1.527
1983-02-28,237.85,,1.5115
1983-03-01,239.0,,1.5045
1983-03-02,237.3,,1.505
1983-03-03,236.4,,1.5125
1983-03-04,235.8,,1.511
1983-03-07,235.7,,1.5168
1983-03-08,238.7,,1.4995
1983-03-09,237.7,,1.5025
1983-03-10,237.05,,1.5117
1983-03-11,238.45,,1.5027
1983-03-14,237.5,,1.509
1983-03-15,237.25,,1.514
1983-03-16,237.25,,1.51
1983-03-17,239.1,,1.5023
1983-03-18,240.3,,1.4875
1983-03-21,240.85,,1.4705
1983-03-22,239.4,,1.473
1983-03-23,238.8,,1.458
1983-03-24,237.25,,1.4618
1983-03-25,237.1,,1.46
1983-03-28,240.1,,1.4545
1983-03-29,240.05,,1.4543
1983-03-30,239.8,,1.4665
1983-03-31,239.0,,1.4825
1983-04-01,239.6,,1.478
1983-04-04,239.0,,1.4885
1983-04-05,237.65,,1.5063
1983-04-06,237.05,,1.517
1983-04-07,237.9,,1.5035
1983-04-08,239.3,,1.505
1983-04-11,237.95,,1.5263
1983-04-12,238.05,,1.5425
1983-04-13,238.5,,1.5365
1983-04-14,238.25,,1.5402
1983-04-15,237.6,,1.5488
1983-04-18,237.8,,1.561
1983-04-19,237.05,,1.5495
1983-04-20,237.38,,1.542
1983-04-21,236.4,,1.5475
1983-04-22,236.85,,1.543
1983-04-25,236.25,,1.568
1983-04-26,237.35,,1.57
1983-04-27,236.25,,1.568
1983-04-28,238.2,,1.5592
1983-04-29,238.3,,1.5573
1983-05-02,237.6,,1.5707
1983-05-03,237.65,,1.5782
1983-05-04,236.25,,1.5787
1983-05-05,235.2,,1.578
1983-05-06,234.7,,1.579
1983-05-09,232.65,,1.568
1983-05-10,232.5,,1.5645
1983-05-11,230.9,,1.568
1983-05-12,231.5,,1.5681
1983-05-13,231.3,,1.5665
1983-05-16,233.3,,1.5605
1983-05-17,233.4,,1.554
1983-05-18,232.75,,1.5585
1983-05-19,234.4,,1.5528
1983-05-20,234.1,,1.5562
1983-05-23,235.4,,1.5562
1983-05-24,236.6,,1.5677
1983-05-25,236.3,,1.5854
1983-05-26,236.55,,1.602
1983-05-27,237.97,,1.6018
1983-05-30,,,
1983-05-31,238.85,,1.6005
1983-06-01,239.85,,1.59
1983-06-02,238.35,,1.5816
1983-06-03,239.0,,1.565
1983-06-06,240.5,,1.576
1983-06-07,240.35,,1.572
1983-06-08,241.38,,1.5696
1983-06-09,242.7,,1.5788
1983-06-10,242.18,,1.5705
1983-06-13,242.55,,1.5522
1983-06-14,243.05,,1.5225
1983-06-15,242.45,,1.522
1983-06-16,240.55,,1.527
1983-06-17,239.9,,1.523
1983-06-20,239.25,,1.532
1983-06-21,239.6,,1.526
1983-06-22,237.4,,1.5305
1983-06-23,237.5,,1.541
1983-06-24,237.3,,1.5455
1983-06-27,239.4,,1.5375
1983-06-28,238.8,,1.5325
1983-06-29,239.35,,1.5277
1983-06-30,239.28,,1.533
1983-07-01,239.15,,1.531
1983-07-04,,,
1983-07-05,240.7,,1.5285
1983-07-06,239.5,,1.5395
1983-07-07,240.85,,1.539
1983-07-08,241.35,,1.5415
1983-07-11,241.65,,1.534
1983-07-12,240.65,,1.5315
1983-07-13,239.8,,1.5298
1983-07-14,240.1,,1.528
1983-07-15,241.25,,1.5165
1983-07-18,240.8,,1.5197
1983-07-19,240.8,,1.5179
1983-07-20,239.3,,1.524
1983-07-21,239.6,,1.525
1983-07-22,240.25,,1.5205
1983-07-25,240.55,,1.5215
1983-07-26,240.6,,1.525
1983-07-27,240.87,,1.5275
1983-07-28,240.8,,1.5253
1983-07-29,241.75,,1.52
1983-08-01,243.7,,1.509
1983-08-02,243.15,,1.5072
1983-08-03,243.25,,1.5058
1983-08-04,243.6,,1.4875
1983-08-05,243.9,,1.485
1983-08-08,244.25,,1.491
1983-08-09,243.98,,1.494
1983-08-10,245.8,,1.481
1983-08-11,246.35,,1.4792
1983-08-12,247.05,,1.4815
1983-08-15,246.9,,1.4925
1983-08-16,243.15,,1.5075
1983-08-17,243.6,,1.5145
1983-08-18,242.98,,1.5233
1983-08-19,244.0,,1.517
1983-08-22,243.1,,1.528
1983-08-23,243.25,,1.5308
1983-08-24,242.9,,1.5198
1983-08-25,243.2,,1.506
1983-08-26,245.65,,1.5045
1983-08-29,246.15,,1.501
1983-08-30,246.25,,1.4988
1983-08-31,246.45,,1.494
1983-09-01,246.5,,1.4974
1983-09-02,246.8,,1.495
1983-09-05,,,
1983-09-06,245.85,,1.4985
1983-09-07,245.7,,1.4905
1983-09-08,244.6,,1.4922
1983-09-09,244.55,,1.494
1983-09-12,243.42,,1.501
1983-09-13,244.2,,1.4935
1983-09-14,245.3,,1.49
1983-09-15,244.65,,1.497
1983-09-16,243.55,,1.502
1983-09-19,241.7,,1.509
1983-09-20,242.5,,1.508
1983-09-21,242.25,,1.506
1983-09-22,242.8,,1.4975
1983-09-23,239.6,,1.5027
1983-09-26,238.05,,1.5032
1983-09-27,237.9,,1.4975
1983-09-28,236.9,,1.4992
1983-09-29,236.8,,1.4995
1983-09-30,235.65,,1.4977
1983-10-03,234.15,,1.4835
1983-10-04,234.1,,1.475
1983-10-05,232.9,,1.489
1983-10-06,232.4,,1.4903
1983-10-07,230.85,,1.509
1983-10-10,,,
1983-10-11,232.05,,1.508
1983-10-12,234.28,,1.504
1983-10-13,233.15,,1.4995
1983-10-14,232.8,,1.4994
1983-10-17,232.95,,1.5005
1983-10-18,232.3,,1.5005
1983-10-19,232.65,,1.5003
1983-10-20,232.5,,1.4978
1983-10-21,232.38,,1.5018
1983-10-24,233.5,,1.4975
1983-10-25,232.45,,1.4997
1983-10-26,232.95,,1.498
1983-10-27,232.6,,1.4942
1983-10-28,232.7,,1.495
1983-10-31,234.05,,1.4952
1983-11-01,234.77,,1.4855
1983-11-02,234.45,,1.4871
1983-11-03,234.35,,1.487
1983-11-04,236.65,,1.488
1983-11-07,237.0,,1.4855
1983-11-08,,,
1983-11-09,235.4,,1.4845
1983-11-10,234.45,,1.491
1983-11-11,,,
1983-11-14,234.65,,1.484
1983-11-15,234.45,,1.4851
1983-11-16,235.4,,1.483
1983-11-17,236.25,,1.4783
1983-11-18,235.95,,1.4695
1983-11-21,235.2,,1.465
1983-11-22,234.5,,1.474
1983-11-23,235.05,,1.4675
1983-11-24,,,
1983-11-25,235.1,,1.4595
1983-11-28,234.85,,1.4587
1983-11-29,234.6,,1.46
1983-11-30,232.5,,1.463
1983-12-01,232.53,,1.4578
1983-12-02,233.4,,1.4572
1983-12-05,235.2,,1.4455
1983-12-06,234.3,,1.4505
1983-12-07,234.05,,1.439
1983-12-08,234.3,,1.4415
1983-12-09,236.9,,1.435
1983-12-12,236.65,,1.4307
1983-12-13,236.25,,1.4165
1983-12-14,235.08,,1.415
1983-12-15,234.9,,1.4215
1983-12-16,235.5,,1.415
1983-12-19,236.1,,1.4182
1983-12-20,234.8,,1.419
1983-12-21,234.7,,1.4225
1983-12-22,234.05,,1.427
1983-12-23,233.9,,1.4315
1983-12-26,,,
1983-12-27,233.8,,1.432
1983-12-28,233.4,,1.436
1983-12-29,232.2,,1.4475
1983-12-30,231.7,,1.4515
1984-01-02,,,
1984-01-03,232.45,,1.4287
1984-01-04,233.42,,1.4173
1984-01-05,232.7,,1.4125
1984-01-06,232.7,,1.407
1984-01-09,233.3,,1.4028
1984-01-10,233.45,,1.4024
1984-01-11,234.45,,1.3963
1984-01-12,234.87,,1.3981
1984-01-13,233.4,,1.41
1984-01-16,233.3,,1.4195
1984-01-17,234.28,,1.4105
1984-01-18,233.6,,1.414
1984-01-19,233.35,,1.418
1984-01-20,234.5,,1.4005
1984-01-23,233.85,,1.4039
1984-01-24,234.35,,1.399
1984-01-25,234.2,,1.4007
1984-01-26,234.1,,1.406
1984-01-27,234.28,,1.4035
1984-01-30,234.58,,1.4074
1984-01-31,234.67,,1.4012
1984-02-01,234.25,,1.41
1984-02-02,233.6,,1.4225
1984-02-03,232.7,,1.431
1984-02-06,233.1,,1.4225
1984-02-07,234.5,,1.4107
1984-02-08,234.15,,1.4128
1984-02-09,233.88,,1.421
1984-02-10,234.6,,1.4143
1984-02-13,,,
1984-02-14,233.95,,1.428
1984-02-15,233.2,,1.4445
1984-02-16,232.85,,1.446
1984-02-17,233.2,,1.451
1984-02-20,,,
1984-02-21,234.1,,1.441
1984-02-22,233.2,,1.4515
1984-02-23,233.6,,1.4575
1984-02-24,233.2,,1.4725
1984-02-27,233.3,,1.473
1984-02-28,233.52,,1.4915
1984-02-29,233.43,,1.4905
1984-03-01,233.43,,1.478
1984-03-02,228.2,,1.481
1984-03-05,223.35,,1.4845
1984-03-06,223.35,,1.484
1984-03-07,223.25,,1.4755
1984-03-08,224.55,,1.458
1984-03-09,224.8,,1.4625
1984-03-12,224.83,,1.4532
1984-03-13,223.15,,1.4675
1984-03-14,223.7,,1.4665
1984-03-15,224.1,,1.461
1984-03-16,225.85,,1.445
1984-03-19,225.8,,1.443
1984-03-20,226.0,,1.439
1984-03-21,226.8,,1.4313
1984-03-22,226.45,,1.4303
1984-03-23,225.63,,1.436
1984-03-26,224.67,,1.4475
1984-03-27,224.45,,1.447
1984-03-28,224.7,,1.4465
1984-03-29,224.05,,1.451
1984-03-30,224.75,,1.4375
1984-04-02,224.65,,1.433
1984-04-03,225.1,,1.4315
1984-04-04,225.35,,1.4325
1984-04-05,225.6,,1.426
1984-04-06,225.35,,1.43
1984-04-09,225.5,,1.425
1984-04-10,225.18,,1.437
1984-04-11,222.7,,1.436
1984-04-12,224.1,,1.429
1984-04-13,224.7,,1.429
1984-04-16,225.42,,1.4215
1984-04-17,225.05,,1.4211
1984-04-18,224.8,,1.4192
1984-04-19,225.1,,1.4177
1984-04-20,225.1,,1.416
1984-04-23,224.75,,1.4155
1984-04-24,225.85,,1.4072
1984-04-25,225.6,,1.4115
1984-04-26,225.75,,1.4038
1984-04-27,226.55,,1.4015
1984-04-30,227.0,,1.398
1984-05-01,226.95,,1.3975
1984-05-02,227.05,,1.399
1984-05-03,226.4,,1.413
1984-05-04,226.85,,1.408
1984-05-07,229.0,,1.3855
1984-05-08,229.15,,1.3825
1984-05-09,228.87,,1.389
1984-05-10,229.2,,1.383
1984-05-11,230.3,,1.3835
1984-05-14,231.2,,1.388
1984-05-15,231.75,,1.3875
1984-05-16,231.1,,1.394
1984-05-17,232.33,,1.394
1984-05-18,233.35,,1.3867
1984-05-21,233.0,,1.3905
1984-05-22,233.25,,1.389
1984-05-23,232.37,,1.3765
1984-05-24,231.83,,1.382
1984-05-25,231.7,,1.383
1984-05-28,,,
1984-05-29,231.8,,1.3855
1984-05-30,231.48,,1.384
1984-05-31,231.58,,1.3855
1984-06-01,230.15,,1.4035
1984-06-04,229.7,,1.4
1984-06-05,230.45,,1.3945
1984-06-06,230.5,,1.4015
1984-06-07,231.35,,1.3968
1984-06-08,231.72,,1.3935
1984-06-11,231.93,,1.388
1984-06-12,232.65,,1.3835
1984-06-13,232.4,,1.3855
1984-06-14,231.65,,1.385
1984-06-15,233.0,,1.3785
1984-06-18,233.45,,1.3748
1984-06-19,232.95,,1.378
1984-06-20,234.55,,1.366
1984-06-21,234.85,,1.362
1984-06-22,235.95,,1.3633
1984-06-25,237.95,,1.351
1984-06-26,237.08,,1.3532
1984-06-27,238.0,,1.349
1984-06-28,237.3,,1.3525
1984-06-29,237.3,,1.3575
1984-07-02,238.5,,1.3508
1984-07-03,239.63,,1.337
1984-07-04,,,
1984-07-05,240.35,,1.318
1984-07-06,241.25,,1.3162
1984-07-09,242.63,,1.306
1984-07-10,241.45,,1.3095
1984-07-11,242.1,,1.312
1984-07-12,242.68,,1.3065
1984-07-13,241.45,,1.3235
1984-07-16,240.7,,1.3265
1984-07-17,242.35,,1.3175
1984-07-18,243.85,,1.314
1984-07-19,243.15,,1.328
1984-07-20,245.2,,1.3232
1984-07-23,246.95,,1.3185
1984-07-24,246.18,,1.324
1984-07-25,245.6,,1.3325
1984-07-26,243.65,,1.3308
1984-07-27,245.4,,1.311
1984-07-30,246.05,,1.3075
1984-07-31,245.3,,1.3073
1984-08-01,245.75,,1.301
1984-08-02,245.42,,1.3095
1984-08-03,241.8,,1.327
1984-08-06,243.15,,1.317
1984-08-07,244.5,,1.306
1984-08-08,243.1,,1.3145
1984-08-09,243.35,,1.3115
1984-08-10,242.5,,1.3125
1984-08-13,244.08,,1.305
1984-08-14,241.7,,1.319
1984-08-15,241.9,,1.3203
1984-08-16,240.8,,1.3275
1984-08-17,241.1,,1.322
1984-08-20,241.05,,1.319
1984-08-21,242.15,,1.3135
1984-08-22,241.3,,1.3095
1984-08-23,240.6,,1.3125
1984-08-24,241.2,,1.305
1984-08-27,241.6,,1.3075
1984-08-28,241.2,,1.3105
1984-08-29,240.6,,1.315
1984-08-30,241.25,,1.311
1984-08-31,241.9,,1.3075
1984-09-03,,,
1984-09-04,243.75,,1.292
1984-09-05,244.7,,1.281
1984-09-06,244.1,,1.285
1984-09-07,245.8,,1.273
1984-09-10,245.6,,1.276
1984-09-11,245.55,,1.275
1984-09-12,244.95,,1.2795
1984-09-13,245.8,,1.2675
1984-09-14,245.65,,1.266
1984-09-17,247.2,,1.242
1984-09-18,246.18,,1.232
1984-09-19,245.75,,1.237
1984-09-20,246.9,,1.221
1984-09-21,244.4,,1.245
1984-09-24,244.2,,1.2455
1984-09-25,246.0,,1.2315
1984-09-26,245.15,,1.241
1984-09-27,245.1,,1.246
1984-09-28,246.9,,1.234
1984-10-01,246.4,,1.2375
1984-10-02,246.0,,1.24
1984-10-03,245.75,,1.2495
1984-10-04,246.2,,1.247
1984-10-05,246.95,,1.2375
1984-10-08,,,
1984-10-09,247.6,,1.228
1984-10-10,247.05,,1.233
1984-10-11,248.0,,1.225
1984-10-12,248.1,,1.223
1984-10-15,248.8,,1.2095
1984-10-16,248.98,,1.2035
1984-10-17,249.1,,1.2004
1984-10-18,248.9,,1.187
1984-10-19,247.25,,1.1915
1984-10-22,247.3,,1.199
1984-10-23,244.6,,1.2085
1984-10-24,244.12,,1.222
1984-10-25,244.05,,1.2275
1984-10-26,245.5,,1.222
1984-10-29,246.65,,1.2085
1984-10-30,245.6,,1.2125
1984-10-31,245.7,,1.2185
1984-11-01,244.3,,1.235
1984-11-02,242.0,,1.251
1984-11-05,242.05,,1.2685
1984-11-06,,,
1984-11-07,240.8,,1.272
1984-11-08,240.95,,1.2697
1984-11-09,241.0,,1.2605
1984-11-12,,,
1984-11-13,240.45,,1.2715
1984-11-14,242.45,,1.2605
1984-11-15,242.5,,1.261
1984-11-16,242.8,,1.254
1984-11-19,243.65,,1.2487
1984-11-20,244.8,,1.2375
1984-11-21,245.53,,1.2272
1984-11-22,,,
1984-11-23,245.4,,1.22
1984-11-26,246.15,,1.1995
1984-11-27,245.4,,1.2087
1984-11-28,245.45,,1.201
1984-11-29,245.8,,1.2015
1984-11-30,247.5,,1.197
1984-12-03,248.2,,1.1943
1984-12-04,246.45,,1.2085
1984-12-05,246.8,,1.208
1984-12-06,246.55,,1.207
1984-12-07,247.4,,1.2035
1984-12-10,246.82,,1.203
1984-12-11,247.0,,1.199
1984-12-12,247.25,,1.1987
1984-12-13,247.55,,1.1895
1984-12-14,247.75,,1.1935
1984-12-17,247.55,,1.191
1984-12-18,246.75,,1.186
1984-12-19,247.76,,1.1748
1984-12-20,248.1,,1.1645
1984-12-21,247.95,,1.173
1984-12-24,248.1,,1.173
1984-12-25,,,
1984-12-26,249.05,,1.171
1984-12-27,250.2,,1.1625
1984-12-28,250.45,,1.163
1984-12-31,251.6,,1.158
1985-01-01,,,
1985-01-02,251.8,,1.148
1985-01-03,252.45,,1.1505
1985-01-04,253.2,,1.1535
1985-01-07,255.95,,1.1415
1985-01-08,253.75,,1.1475
1985-01-09,255.1,,1.141
1985-01-10,253.7,,1.134
1985-01-11,253.83,,1.1245
1985-01-14,255.4,,1.111
1985-01-15,254.7,,1.1195
1985-01-16,254.95,,1.117
1985-01-17,254.55,,1.1187
1985-01-18,254.58,,1.1195
1985-01-21,,,
1985-01-22,254.0,,1.1235
1985-01-23,254.4,,1.11
1985-01-24,253.7,,1.118
1985-01-25,253.95,,1.11
1985-01-28,254.18,,1.111
1985-01-29,254.35,,1.1138
1985-01-30,254.5,,1.126
1985-01-31,254.8,,1.1305
1985-02-01,256.75,,1.124
1985-02-04,259.42,,1.114
1985-02-05,259.7,,1.1112
1985-02-06,259.53,,1.1135
1985-02-07,260.65,,1.116
1985-02-08,260.7,,1.109
1985-02-11,261.65,,1.097
1985-02-12,,,
1985-02-13,262.8,,1.0875
1985-02-14,260.5,,1.092
1985-02-15,257.85,,1.102
1985-02-18,,,
1985-02-19,260.7,,1.0929
1985-02-20,261.3,,1.0865
1985-02-21,261.8,,1.0815
1985-02-22,262.8,,1.0765
1985-02-25,262.65,,1.0545
1985-02-26,261.05,,1.052
1985-02-27,259.3,,1.0875
1985-02-28,259.45,,1.079
1985-03-01,260.35,,1.072
1985-03-04,260.1,,1.0677
1985-03-05,261.0,,1.0545
1985-03-06,261.2,,1.072
1985-03-07,261.0,,1.0674
1985-03-08,261.63,,1.064
1985-03-11,259.25,,1.0885
1985-03-12,260.1,,1.0885
1985-03-13,260.25,,1.086
1985-03-14,260.55,,1.0805
1985-03-15,260.55,,1.084
1985-03-18,259.9,,1.106
1985-03-19,256.3,,1.1355
1985-03-20,256.4,,1.151
1985-03-21,254.1,,1.187
1985-03-22,255.65,,1.1725
1985-03-25,256.65,,1.171
1985-03-26,255.4,,1.182
1985-03-27,251.95,,1.2375
1985-03-28,253.0,,1.227
1985-03-29,251.0,,1.236
1985-04-01,252.45,,1.2215
1985-04-02,254.3,,1.205
1985-04-03,253.15,,1.2165
1985-04-04,254.5,,1.1935
1985-04-05,254.85,,1.1985
1985-04-08,255.5,,1.201
1985-04-09,254.9,,1.21
1985-04-10,254.25,,1.215
1985-04-11,251.7,,1.251
1985-04-12,251.35,,1.2545
1985-04-15,249.95,,1.2755
1985-04-16,249.55,,1.2775
1985-04-17,249.55,,1.2738
1985-04-18,247.6,,1.2935
1985-04-19,247.4,,1.293
1985-04-22,248.8,,1.278
1985-04-23,250.0,,1.252
1985-04-24,251.3,,1.23
1985-04-25,252.35,,1.2035
1985-04-26,252.95,,1.216
1985-04-29,252.7,,1.23
1985-04-30,251.5,,1.241
1985-05-01,252.75,,1.2235
1985-05-02,252.95,,1.2205
1985-05-03,253.85,,1.207
1985-05-06,254.55,,1.188
1985-05-07,252.9,,1.218
1985-05-08,253.75,,1.2075
1985-05-09,251.55,,1.2378
1985-05-10,252.4,,1.2335
1985-05-13,251.35,,1.2535
1985-05-14,249.6,,1.2735
1985-05-15,251.0,,1.2625
1985-05-16,251.5,,1.259
1985-05-17,250.7,,1.265
1985-05-20,249.65,,1.2825
1985-05-21,250.25,,1.2715
1985-05-22,250.75,,1.2635
1985-05-23,251.3,,1.259
1985-05-24,251.1,,1.2585
1985-05-27,,,
1985-05-28,251.6,,1.2515
1985-05-29,251.75,,1.2665
1985-05-30,251.6,,1.2735
1985-05-31,251.2,,1.286
1985-06-03,248.6,,1.2945
1985-06-04,249.1,,1.276
1985-06-05,249.45,,1.2565
1985-06-06,247.7,,1.271
1985-06-07,249.55,,1.268
1985-06-10,250.0,,1.257
1985-06-11,249.9,,1.2623
1985-06-12,249.85,,1.2665
1985-06-13,249.8,,1.265
1985-06-14,248.75,,1.28
1985-06-17,248.7,,1.279
1985-06-18,247.55,,1.299
1985-06-19,247.7,,1.3065
1985-06-20,248.35,,1.2769
1985-06-21,248.15,,1.287
1985-06-24,248.8,,1.287
1985-06-25,249.0,,1.285
1985-06-26,248.45,,1.298
1985-06-27,249.0,,1.292
1985-06-28,248.4,,1.3095
1985-07-01,247.95,,1.305
1985-07-02,248.35,,1.304
1985-07-03,248.05,,1.3127
1985-07-04,,,
1985-07-05,247.0,,1.327
1985-07-08,246.05,,1.3435
1985-07-09,244.25,,1.365
1985-07-10,243.45,,1.386
1985-07-11,243.0,,1.381
1985-07-12,240.95,,1.385
1985-07-15,237.65,,1.389
1985-07-16,237.9,,1.387
1985-07-17,236.5,,1.4112
1985-07-18,238.2,,1.4045
1985-07-19,238.75,,1.399
1985-07-22,240.05,,1.3885
1985-07-23,238.0,,1.41
1985-07-24,239.75,,1.3978
1985-07-25,238.9,,1.4105
1985-07-26,239.25,,1.409
1985-07-29,237.15,,1.4278
1985-07-30,237.4,,1.4215
1985-07-31,236.45,,1.411
1985-08-01,237.65,,1.381
1985-08-02,237.45,,1.371
1985-08-05,237.5,,1.3675
1985-08-06,238.45,,1.346
1985-08-07,238.4,,1.338
1985-08-08,238.5,,1.3555
1985-08-09,238.55,,1.3575
1985-08-12,237.3,,1.3835
1985-08-13,237.35,,1.388
1985-08-14,238.0,,1.384
1985-08-15,237.15,,1.3965
1985-08-16,236.85,,1.3995
1985-08-19,236.85,,1.399
1985-08-20,237.4,,1.389
1985-08-21,237.0,,1.3923
1985-08-22,235.85,,1.4075
1985-08-23,236.5,,1.401
1985-08-26,236.89,,1.4073
1985-08-27,237.38,,1.393
1985-08-28,237.0,,1.4015
1985-08-29,237.12,,1.3995
1985-08-30,239.0,,1.391
1985-09-02,,,
1985-09-03,239.5,,1.369
1985-09-04,239.6,,1.3728
1985-09-05,239.95,,1.365
1985-09-06,243.6,,1.325
1985-09-09,243.45,,1.3045
1985-09-10,242.75,,1.313
1985-09-11,243.55,,1.3085
1985-09-12,243.2,,1.3185
1985-09-13,242.0,,1.34
1985-09-16,241.35,,1.342
1985-09-17,241.7,,1.3395
1985-09-18,242.25,,1.335
1985-09-19,242.05,,1.34
1985-09-20,240.1,,1.367
1985-09-23,231.9,,1.427
1985-09-24,229.8,,1.4315
1985-09-25,226.9,,1.4375
1985-09-26,220.3,,1.437
1985-09-27,220.1,,1.4025
1985-09-30,216.5,,1.4085
1985-10-01,215.0,,1.4105
1985-10-02,214.1,,1.4135
1985-10-03,212.79,,1.425
1985-10-04,213.45,,1.4155
1985-10-07,215.45,,1.4125
1985-10-08,216.0,,1.413
1985-10-09,214.8,,1.414
1985-10-10,215.4,,1.411
1985-10-11,214.65,,1.4115
1985-10-14,,,
1985-10-15,215.45,,1.4128
1985-10-16,217.3,,1.4075
1985-10-17,215.15,,1.414
1985-10-18,215.15,,1.428
1985-10-21,215.7,,1.4335
1985-10-22,216.1,,1.4305
1985-10-23,215.9,,1.4335
1985-10-24,216.7,,1.421
1985-10-25,214.9,,1.422
1985-10-28,213.5,,1.4275
1985-10-29,212.43,,1.4352
1985-10-30,211.5,,1.441
1985-10-31,211.55,,1.4405
1985-11-01,209.0,,1.441
1985-11-04,207.9,,1.4405
1985-11-05,208.0,,1.4325
1985-11-06,205.25,,1.4353
1985-11-07,205.6,,1.4165
1985-11-08,205.85,,1.4167
1985-11-11,,,
1985-11-12,205.85,,1.411
1985-11-13,204.0,,1.4235
1985-11-14,203.35,,1.4273
1985-11-15,204.3,,1.4217
1985-11-18,203.45,,1.4255
1985-11-19,203.0,,1.4345
1985-11-20,203.45,,1.434
1985-11-21,202.1,,1.4415
1985-11-22,201.35,,1.455
1985-11-25,200.8,,1.4628
1985-11-26,201.0,,1.4705
1985-11-27,201.05,,1.4738
1985-11-28,,,
1985-11-29,202.1,,1.489
1985-12-02,204.03,,1.4875
1985-12-03,204.75,,1.479
1985-12-04,202.65,,1.486
1985-12-05,203.0,,1.4795
1985-12-06,203.4,,1.4785
1985-12-09,203.5,,1.4575
1985-12-10,203.6,,1.435
1985-12-11,203.9,,1.415
1985-12-12,202.05,,1.4395
1985-12-13,202.8,,1.4365
1985-12-16,202.6,,1.4375
1985-12-17,201.95,,1.437
1985-12-18,203.15,,1.4195
1985-12-19,202.97,,1.421
1985-12-20,202.7,,1.425
1985-12-23,202.45,,1.429
1985-12-24,202.75,,1.427
1985-12-25,,,
1985-12-26,202.8,,1.429
1985-12-27,202.2,,1.436
1985-12-30,201.05,,1.439
1985-12-31,200.25,,1.445
1986-01-01,,,
1986-01-02,199.15,,1.4505
1986-01-03,202.53,,1.438
1986-01-06,201.9,,1.4355
1986-01-07,201.7,,1.4395
1986-01-08,202.1,,1.4433
1986-01-09,202.1,,1.45
1986-01-10,202.35,,1.4545
1986-01-13,202.7,,1.442
1986-01-14,202.6,,1.4398
1986-01-15,202.5,,1.442
1986-01-16,202.55,,1.438
1986-01-17,202.52,,1.4367
1986-01-20,,,
1986-01-21,202.35,,1.4075
1986-01-22,201.7,,1.3943
1986-01-23,202.05,,1.3835
1986-01-24,196.05,,1.394
1986-01-27,195.75,,1.3915
1986-01-28,195.65,,1.408
1986-01-29,194.1,,1.4025
1986-01-30,193.05,,1.409
1986-01-31,192.3,,1.412
1986-02-03,191.55,,1.386
1986-02-04,192.05,,1.377
1986-02-05,190.65,,1.3905
1986-02-06,190.48,,1.3975
1986-02-07,191.35,,1.399
1986-02-10,188.15,,1.4085
1986-02-11,187.45,,1.412
1986-02-12,186.72,,1.4095
1986-02-13,182.3,,1.4175
1986-02-14,182.0,,1.4183
1986-02-17,,,
1986-02-18,181.05,,1.4283
1986-02-19,179.4,,1.45
1986-02-20,181.1,,1.4515
1986-02-21,182.98,,1.4465
1986-02-24,182.15,,1.463
1986-02-25,180.95,,1.492
1986-02-26,181.15,,1.489
1986-02-27,180.15,,1.4815
1986-02-28,180.55,,1.446
1986-03-03,179.65,,1.4415
1986-03-04,179.0,,1.463
1986-03-05,181.45,,1.451
1986-03-06,179.3,,1.4575
1986-03-07,179.45,,1.4525
1986-03-10,180.7,,1.443
1986-03-11,179.9,,1.4555
1986-03-12,180.2,,1.467
1986-03-13,179.9,,1.4593
1986-03-14,177.15,,1.461
1986-03-17,175.73,,1.464
1986-03-18,175.0,,1.4767
1986-03-19,177.1,,1.479
1986-03-20,176.37,,1.4875
1986-03-21,175.8,,1.5015
1986-03-24,178.9,,1.4875
1986-03-25,180.2,,1.4618
1986-03-26,179.8,,1.475
1986-03-27,179.52,,1.4837
1986-03-28,179.85,,1.474
1986-03-31,177.6,,1.4735
1986-04-01,178.15,,1.471
1986-04-02,179.5,,1.4645
1986-04-03,179.9,,1.4595
1986-04-04,180.35,,1.451
1986-04-07,182.85,,1.4555
1986-04-08,180.05,,1.4605
1986-04-09,180.05,,1.461
1986-04-10,178.8,,1.4615
1986-04-11,178.35,,1.476
1986-04-14,179.12,,1.4822
1986-04-15,178.25,,1.48
1986-04-16,176.5,,1.5065
1986-04-17,175.15,,1.5285
1986-04-18,173.8,,1.518
1986-04-21,172.0,,1.5112
1986-04-22,170.15,,1.5215
1986-04-23,169.35,,1.5235
1986-04-24,169.0,,1.5338
1986-04-25,168.1,,1.544
1986-04-28,167.15,,1.555
1986-04-29,167.85,,1.552
1986-04-30,167.6,,1.551
1986-05-01,169.65,,1.5292
1986-05-02,169.9,,1.522
1986-05-05,165.62,,1.541
1986-05-06,166.25,,1.534
1986-05-07,165.1,,1.5415
1986-05-08,163.62,,1.543
1986-05-09,162.35,,1.5425
1986-05-12,161.15,,1.546
1986-05-13,163.0,,1.5348
1986-05-14,163.3,,1.5395
1986-05-15,163.6,,1.535
1986-05-16,165.4,,1.5255
1986-05-19,168.15,,1.5177
1986-05-20,168.6,,1.5182
1986-05-21,168.77,,1.5165
1986-05-22,169.3,,1.4928
1986-05-23,169.6,,1.494
1986-05-26,,,
1986-05-27,169.2,,1.5055
1986-05-28,169.0,,1.502
1986-05-29,171.6,,1.491
1986-05-30,174.5,,1.4723
1986-06-02,174.9,,1.474
1986-06-03,171.6,,1.493
1986-06-04,171.53,,1.4835
1986-06-05,168.9,,1.4955
1986-06-06,167.7,,1.5045
1986-06-09,167.87,,1.498
1986-06-10,166.9,,1.5165
1986-06-11,166.35,,1.527
1986-06-12,165.85,,1.523
1986-06-13,165.25,,1.5235
1986-06-16,165.5,,1.523
1986-06-17,167.8,,1.5015
1986-06-18,167.65,,1.5
1986-06-19,166.88,,1.5035
1986-06-20,167.7,,1.499
1986-06-23,167.9,,1.4995
1986-06-24,166.65,,1.5165
1986-06-25,166.1,,1.5165
1986-06-26,166.1,,1.5195
1986-06-27,165.45,,1.529
1986-06-30,163.8,,1.532
1986-07-01,162.7,,1.5495
1986-07-02,163.35,,1.537
1986-07-03,161.4,,1.5455
1986-07-04,,,
1986-07-07,160.7,,1.5342
1986-07-08,161.0,,1.531
1986-07-09,161.08,,1.524
1986-07-10,160.5,,1.5155
1986-07-11,161.35,,1.504
1986-07-14,160.25,,1.4805
1986-07-15,159.5,,1.494
1986-07-16,158.4,,1.514
1986-07-17,157.35,,1.515
1986-07-18,156.45,,1.5045
1986-07-21,155.05,,1.499
1986-07-22,156.8,,1.49
1986-07-23,157.45,,1.492
1986-07-24,156.7,,1.4935
1986-07-25,157.7,,1.4825
1986-07-28,155.95,,1.4805
1986-07-29,155.7,,1.488
1986-07-30,156.1,,1.4895
1986-07-31,153.85,,1.4915
1986-08-01,153.85,,1.485
1986-08-04,154.0,,1.47
1986-08-05,154.95,,1.485
1986-08-06,154.4,,1.479
1986-08-07,153.8,,1.4765
1986-08-08,154.15,,1.473
1986-08-11,153.77,,1.4857
1986-08-12,154.7,,1.4845
1986-08-13,154.3,,1.486
1986-08-14,153.73,,1.493
1986-08-15,154.2,,1.494
1986-08-18,154.2,,1.493
1986-08-19,153.5,,1.5015
1986-08-20,153.4,,1.504
1986-08-21,153.25,,1.4981
1986-08-22,153.45,,1.4865
1986-08-25,153.84,,1.4778
1986-08-26,154.95,,1.4835
1986-08-27,154.68,,1.484
1986-08-28,156.05,,1.4805
1986-08-29,154.55,,1.488
1986-09-01,,,
1986-09-02,154.25,,1.4892
1986-09-03,154.7,,1.4995
1986-09-04,154.9,,1.504
1986-09-05,155.4,,1.495
1986-09-08,156.15,,1.4865
1986-09-09,155.7,,1.484
1986-09-10,154.8,,1.4815
1986-09-11,156.4,,1.4695
1986-09-12,155.35,,1.476
1986-09-15,155.18,,1.4808
1986-09-16,156.35,,1.4755
1986-09-17,154.8,,1.475
1986-09-18,153.65,,1.472
1986-09-19,152.0,,1.4755
1986-09-22,153.6,,1.456
1986-09-23,154.66,,1.4487
1986-09-24,154.57,,1.4465
1986-09-25,154.55,,1.4345
1986-09-26,154.35,,1.4365
1986-09-29,153.65,,1.433
1986-09-30,154.35,,1.4468
1986-10-01,154.15,,1.444
1986-10-02,153.92,,1.434
1986-10-03,154.17,,1.4425
1986-10-06,154.06,,1.4385
1986-10-07,154.07,,1.432
1986-10-08,154.35,,1.4202
1986-10-09,154.95,,1.4215
1986-10-10,154.45,,1.4335
1986-10-13,,,
1986-10-14,153.97,,1.437
1986-10-15,154.2,,1.4395
1986-10-16,154.2,,1.4375
1986-10-17,154.23,,1.4315
1986-10-20,154.75,,1.4298
1986-10-21,155.16,,1.436
1986-10-22,155.8,,1.431
1986-10-23,158.13,,1.424
1986-10-24,161.35,,1.4125
1986-10-27,160.7,,1.4065
1986-10-28,160.1,,1.4155
1986-10-29,160.5,,1.4115
1986-10-30,161.78,,1.3973
1986-10-31,163.4,,1.4055
1986-11-03,164.0,,1.4113
1986-11-04,163.92,,1.4148
1986-11-05,164.5,,1.423
1986-11-06,163.3,,1.431
1986-11-07,163.2,,1.4258
1986-11-10,162.85,,1.4354
1986-11-11,,,
1986-11-12,160.62,,1.4265
1986-11-13,160.9,,1.4245
1986-11-14,161.45,,1.4303
1986-11-17,162.82,,1.428
1986-11-18,162.8,,1.4225
1986-11-19,162.4,,1.418
1986-11-20,162.75,,1.4107
1986-11-21,164.05,,1.423
1986-11-24,164.18,,1.4165
1986-11-25,162.55,,1.4222
1986-11-26,162.95,,1.4315
1986-11-27,,,
1986-11-28,162.05,,1.4335
1986-12-01,162.25,,1.4375
1986-12-02,162.0,,1.4343
1986-12-03,162.26,,1.432
1986-12-04,162.77,,1.429
1986-12-05,162.42,,1.4285
1986-12-08,162.4,,1.4195
1986-12-09,162.6,,1.4235
1986-12-10,162.75,,1.4252
1986-12-11,162.7,,1.423
1986-12-12,163.05,,1.4273
1986-12-15,163.25,,1.432
1986-12-16,163.95,,1.4295
1986-12-17,163.65,,1.4298
1986-12-18,163.0,,1.4307
1986-12-19,162.2,,1.4325
1986-12-22,162.75,,1.4415
1986-12-23,162.7,,1.4525
1986-12-24,161.45,,1.4585
1986-12-25,,,
1986-12-26,159.75,,1.458
1986-12-29,159.05,,1.4683
1986-12-30,159.9,,1.4685
1986-12-31,158.3,,1.4825
1987-01-01,,,
1987-01-02,158.25,,1.49
1987-01-05,159.4,,1.4728
1987-01-06,158.78,,1.4762
1987-01-07,158.05,,1.4705
1987-01-08,158.23,,1.475
1987-01-09,158.2,,1.478
1987-01-12,156.77,,1.4918
1987-01-13,155.75,,1.4903
1987-01-14,152.8,,1.5055
1987-01-15,153.55,,1.5042
1987-01-16,153.4,,1.5155
1987-01-19,,,
1987-01-20,152.68,,1.52
1987-01-21,153.95,,1.517
1987-01-22,151.9,,1.532
1987-01-23,153.08,,1.5205
1987-01-26,152.65,,1.527
1987-01-27,151.65,,1.5357
1987-01-28,151.75,,1.536
1987-01-29,152.1,,1.5368
1987-01-30,153.65,,1.514
1987-02-02,152.57,,1.5241
1987-02-03,152.5,,1.5275
1987-02-04,152.8,,1.5228
1987-02-05,153.63,,1.515
1987-02-06,154.45,,1.5065
1987-02-09,152.55,,1.519
1987-02-10,152.4,,1.535
1987-02-11,153.7,,1.523
1987-02-12,154.1,,1.519
1987-02-13,153.7,,1.52
1987-02-16,,,
1987-02-17,153.22,,1.5305
1987-02-18,153.85,,1.5312
1987-02-19,154.13,,1.526
1987-02-20,153.65,,1.5283
1987-02-23,153.68,,1.542
1987-02-24,153.78,,1.5395
1987-02-25,153.6,,1.537
1987-02-26,153.15,,1.5395
1987-02-27,153.27,,1.546
1987-03-02,153.5,,1.5638
1987-03-03,153.65,,1.56
1987-03-04,153.71,,1.5642
1987-03-05,153.2,,1.5778
1987-03-06,153.47,,1.589
1987-03-09,153.8,,1.588
1987-03-10,153.65,,1.5842
1987-03-11,153.82,,1.591
1987-03-12,153.63,,1.5885
1987-03-13,152.65,,1.575
1987-03-16,151.65,,1.583
1987-03-17,151.95,,1.5975
1987-03-18,151.95,,1.6058
1987-03-19,151.48,,1.6033
1987-03-20,151.7,,1.6022
1987-03-23,150.25,,1.617
1987-03-24,149.32,,1.61
1987-03-25,149.15,,1.6058
1987-03-26,149.2,,1.606
1987-03-27,147.72,,1.603
1987-03-30,146.4,,1.6075
1987-03-31,145.68,,1.607
1987-04-01,146.82,,1.602
1987-04-02,146.5,,1.607
1987-04-03,146.2,,1.6095
1987-04-06,146.1,,1.617
1987-04-07,145.35,,1.6183
1987-04-08,146.6,,1.6128
1987-04-09,144.7,,1.6177
1987-04-10,142.55,,1.625
1987-04-13,142.65,,1.6235
1987-04-14,141.13,,1.633
1987-04-15,141.75,,1.633
1987-04-16,143.0,,1.631
1987-04-17,143.2,,1.63
1987-04-20,142.4,,1.6317
1987-04-21,142.35,,1.6332
1987-04-22,142.35,,1.6275
1987-04-23,141.2,,1.637
1987-04-24,139.75,,1.657
1987-04-27,138.4,,1.6675
1987-04-28,139.9,,1.6545
1987-04-29,140.2,,1.6597
1987-04-30,140.67,,1.6605
1987-05-01,140.35,,1.6685
1987-05-04,139.1,,1.68
1987-05-05,138.67,,1.6885
1987-05-06,139.2,,1.6843
1987-05-07,139.4,,1.679
1987-05-08,139.6,,1.6745
1987-05-11,139.5,,1.658
1987-05-12,139.6,,1.6692
1987-05-13,139.76,,1.6715
1987-05-14,139.5,,1.6778
1987-05-15,139.8,,1.6783
1987-05-18,139.95,,1.6838
1987-05-19,140.0,,1.6825
1987-05-20,139.78,,1.683
1987-05-21,140.45,,1.679
1987-05-22,140.6,,1.673
1987-05-25,,,
1987-05-26,143.3,,1.634
1987-05-27,143.52,,1.613
1987-05-28,143.4,,1.6255
1987-05-29,144.1,,1.6295
1987-06-01,145.45,,1.6242
1987-06-02,142.25,,1.6435
1987-06-03,142.8,,1.643
1987-06-04,144.3,,1.6232
1987-06-05,143.8,,1.631
1987-06-08,143.45,,1.6385
1987-06-09,142.5,,1.661
1987-06-10,142.45,,1.6585
1987-06-11,142.55,,1.6613
1987-06-12,143.85,,1.652
1987-06-15,144.8,,1.632
1987-06-16,144.45,,1.634
1987-06-17,144.65,,1.6342
1987-06-18,144.6,,1.6298
1987-06-19,145.05,,1.616
1987-06-22,145.9,,1.595
1987-06-23,146.03,,1.599
1987-06-24,145.08,,1.622
1987-06-25,146.33,,1.6121
1987-06-26,146.3,,1.6105
1987-06-29,146.7,,1.6008
1987-06-30,146.8,,1.6128
1987-07-01,146.85,,1.6155
1987-07-02,147.3,,1.6155
1987-07-03,148.82,,1.61
1987-07-06,149.13,,1.6185
1987-07-07,149.7,,1.62
1987-07-08,150.57,,1.6178
1987-07-09,149.98,,1.6175
1987-07-10,150.65,,1.6135
1987-07-13,150.98,,1.6175
1987-07-14,151.08,,1.6108
1987-07-15,148.65,,1.6315
1987-07-16,150.55,,1.6305
1987-07-17,152.76,,1.6075
1987-07-20,152.85,,1.6018
1987-07-21,152.66,,1.5955
1987-07-22,152.34,,1.595
1987-07-23,150.78,,1.6037
1987-07-24,149.95,,1.603
1987-07-27,150.45,,1.5975
1987-07-28,150.38,,1.5985
1987-07-29,150.78,,1.6
1987-07-30,149.65,,1.594
1987-07-31,149.9,,1.591
1987-08-03,150.5,,1.5835
1987-08-04,152.1,,1.57
1987-08-05,150.75,,1.5783
1987-08-06,151.45,,1.576
1987-08-07,151.57,,1.5667
1987-08-10,151.12,,1.5667
1987-08-11,151.77,,1.5697
1987-08-12,151.25,,1.579
1987-08-13,151.45,,1.5797
1987-08-14,150.0,,1.589
1987-08-17,149.92,,1.5908
1987-08-18,146.07,,1.617
1987-08-19,145.1,,1.615
1987-08-20,144.15,,1.622
1987-08-21,142.75,,1.629
1987-08-24,142.0,,1.63
1987-08-25,143.22,,1.6182
1987-08-26,143.05,,1.6165
1987-08-27,142.05,,1.629
1987-08-28,142.0,,1.6325
1987-08-31,141.75,,1.6328
1987-09-01,141.83,,1.6401
1987-09-02,141.03,,1.6497
1987-09-03,141.03,,1.657
1987-09-04,141.75,,1.6538
1987-09-07,,,
1987-09-08,141.75,,1.6595
1987-09-09,141.6,,1.651
1987-09-10,142.57,,1.6447
1987-09-11,142.8,,1.65
1987-09-14,144.5,,1.637
1987-09-15,144.05,,1.6423
1987-09-16,144.36,,1.6452
1987-09-17,143.4,,1.6462
1987-09-18,142.67,,1.6553
1987-09-21,143.55,,1.6478
1987-09-22,144.15,,1.641
1987-09-23,143.9,,1.6422
1987-09-24,143.73,,1.637
1987-09-25,143.67,,1.6417
1987-09-28,144.07,,1.642
1987-09-29,146.2,,1.628
1987-09-30,146.5,,1.6248
1987-10-01,146.9,,1.6165
1987-10-02,146.4,,1.6212
1987-10-05,146.85,,1.6238
1987-10-06,146.71,,1.632
1987-10-07,145.65,,1.6403
1987-10-08,144.89,,1.6425
1987-10-09,143.85,,1.6507
1987-10-12,,,
1987-10-13,143.75,,1.647
1987-10-14,142.75,,1.653
1987-10-15,142.15,,1.664
1987-10-16,142.75,,1.6645
1987-10-19,141.83,,1.68
1987-10-20,143.9,,1.6545
1987-10-21,144.2,,1.6515
1987-10-22,144.68,,1.6495
1987-10-23,142.85,,1.675
1987-10-26,142.2,,1.688
1987-10-27,141.58,,1.6965
1987-10-28,139.18,,1.71
1987-10-29,138.25,,1.719
1987-10-30,138.4,,1.7215
1987-11-02,137.0,,1.739
1987-11-03,137.38,,1.74
1987-11-04,137.28,,1.7482
1987-11-05,134.7,,1.783
1987-11-06,135.4,,1.7825
1987-11-09,134.3,,1.793
1987-11-10,134.55,,1.7865
1987-11-11,,,
1987-11-12,136.45,,1.7575
1987-11-13,135.85,,1.768
1987-11-16,136.6,,1.75
1987-11-17,135.72,,1.764
1987-11-18,135.55,,1.77
1987-11-19,135.15,,1.7802
1987-11-20,135.45,,1.779
1987-11-23,134.73,,1.7905
1987-11-24,135.52,,1.7725
1987-11-25,134.8,,1.7925
1987-11-26,,,
1987-11-27,133.7,,1.8105
1987-11-30,132.42,,1.8256
1987-12-01,133.0,,1.818
1987-12-02,132.7,,1.812
1987-12-03,132.9,,1.8065
1987-12-04,132.85,,1.798
1987-12-07,132.8,,1.794
1987-12-08,132.72,,1.7962
1987-12-09,132.4,,1.802
1987-12-10,129.4,,1.83
1987-12-11,128.5,,1.838
1987-12-14,128.02,,1.837
1987-12-15,127.6,,1.8315
1987-12-16,127.28,,1.8315
1987-12-17,126.25,,1.8355
1987-12-18,127.1,,1.8258
1987-12-21,127.08,,1.827
1987-12-22,126.55,,1.8305
1987-12-23,126.75,,1.8232
1987-12-24,126.12,,1.8315
1987-12-25,,,
1987-12-28,123.15,,1.86
1987-12-29,123.5,,1.861
1987-12-30,123.4,,1.858
1987-12-31,121.25,,1.886
1988-01-01,,,
1988-01-04,122.7,,1.8773
1988-01-05,126.9,,1.8305
1988-01-06,129.65,,1.806
1988-01-07,128.58,,1.816
1988-01-08,129.15,,1.806
1988-01-11,128.2,,1.8219
1988-01-12,127.38,,1.821
1988-01-13,126.65,,1.825
1988-01-14,126.73,,1.8125
1988-01-15,130.5,,1.7755
1988-01-18,,,
1988-01-19,128.6,,1.7785
1988-01-20,127.75,,1.7923
1988-01-21,127.2,,1.796
1988-01-22,127.85,,1.7823
1988-01-25,127.78,,1.772
1988-01-26,127.88,,1.774
1988-01-27,127.6,,1.7798
1988-01-28,127.17,,1.782
1988-01-29,127.75,,1.7691
1988-02-01,129.38,,1.758
1988-02-02,128.28,,1.77
1988-02-03,127.9,,1.767
1988-02-04,128.5,,1.7628
1988-02-05,129.05,,1.755
1988-02-08,128.6,,1.754
1988-02-09,129.18,,1.7462
1988-02-10,129.02,,1.7608
1988-02-11,129.14,,1.7585
1988-02-12,131.15,,1.7395
1988-02-15,,,
1988-02-16,130.25,,1.7475
1988-02-17,130.3,,1.748
1988-02-18,130.23,,1.7435
1988-02-19,130.05,,1.749
1988-02-22,129.28,,1.764
1988-02-23,128.78,,1.7663
1988-02-24,128.8,,1.764
1988-02-25,128.8,,1.7635
1988-02-26,128.19,,1.7732
1988-02-29,128.45,,1.7735
1988-03-01,128.27,,1.7775
1988-03-02,129.2,,1.7705
1988-03-03,129.25,,1.768
1988-03-04,128.75,,1.774
1988-03-07,128.17,,1.818
1988-03-08,128.09,,1.8415
1988-03-09,128.02,,1.8475
1988-03-10,128.1,,1.8422
1988-03-11,127.38,,1.8525
1988-03-14,126.92,,1.8528
1988-03-15,127.15,,1.8542
1988-03-16,127.43,,1.8475
1988-03-17,128.65,,1.8325
1988-03-18,128.35,,1.8205
1988-03-21,127.08,,1.8263
1988-03-22,127.12,,1.8294
1988-03-23,126.8,,1.835
1988-03-24,125.75,,1.843
1988-03-25,125.35,,1.836
1988-03-28,124.2,,1.8588
1988-03-29,124.65,,1.868
1988-03-30,124.84,,1.877
1988-03-31,124.1,,1.8865
1988-04-01,124.0,,1.89
1988-04-04,124.4,,1.888
1988-04-05,125.18,,1.879
1988-04-06,125.5,,1.875
1988-04-07,125.82,,1.871
1988-04-08,125.55,,1.8752
1988-04-11,126.68,,1.8544
1988-04-12,126.56,,1.8505
1988-04-13,126.33,,1.839
1988-04-14,123.65,,1.8756
1988-04-15,123.88,,1.8885
1988-04-18,124.06,,1.905
1988-04-19,124.18,,1.8925
1988-04-20,123.98,,1.893
1988-04-21,124.15,,1.898
1988-04-22,124.7,,1.889
1988-04-25,124.82,,1.8748
1988-04-26,124.79,,1.875
1988-04-27,125.1,,1.877
1988-04-28,124.6,,1.874
1988-04-29,124.92,,1.8785
1988-05-02,124.95,,1.8715
1988-05-03,124.88,,1.8712
1988-05-04,125.0,,1.8645
1988-05-05,124.65,,1.8665
1988-05-06,124.88,,1.862
1988-05-09,124.82,,1.8797
1988-05-10,124.44,,1.8813
1988-05-11,124.25,,1.886
1988-05-12,124.39,,1.8845
1988-05-13,124.68,,1.891
1988-05-16,124.95,,1.889
1988-05-17,125.73,,1.8638
1988-05-18,125.4,,1.864
1988-05-19,124.87,,1.8668
1988-05-20,124.84,,1.8618
1988-05-23,124.55,,1.869
1988-05-24,124.35,,1.867
1988-05-25,124.35,,1.863
1988-05-26,124.44,,1.8625
1988-05-27,125.0,,1.8555
1988-05-30,,,
1988-05-31,125.11,,1.8382
1988-06-01,125.2,,1.8235
1988-06-02,126.55,,1.7995
1988-06-03,125.97,,1.794
1988-06-06,126.18,,1.8017
1988-06-07,125.72,,1.8112
1988-06-08,125.25,,1.8171
1988-06-09,125.2,,1.8145
1988-06-10,124.92,,1.817
1988-06-13,125.2,,1.8165
1988-06-14,126.4,,1.785
1988-06-15,126.27,,1.786
1988-06-16,125.78,,1.786
1988-06-17,125.87,,1.7825
1988-06-20,126.25,,1.7845
1988-06-21,126.47,,1.7855
1988-06-22,128.63,,1.7677
1988-06-23,128.67,,1.7566
1988-06-24,130.6,,1.725
1988-06-27,130.88,,1.7029
1988-06-28,130.95,,1.718
1988-06-29,133.75,,1.7063
1988-06-30,133.53,,1.7085
1988-07-01,134.1,,1.701
1988-07-04,,,
1988-07-05,134.29,,1.707
1988-07-06,133.6,,1.7115
1988-07-07,131.77,,1.7173
1988-07-08,133.23,,1.7015
1988-07-11,132.9,,1.689
1988-07-12,132.63,,1.6955
1988-07-13,132.9,,1.6917
1988-07-14,133.13,,1.689
1988-07-15,135.3,,1.663
1988-07-18,134.75,,1.67
1988-07-19,133.9,,1.6935
1988-07-20,133.18,,1.7095
1988-07-21,132.25,,1.7265
1988-07-22,130.7,,1.74
1988-07-25,132.1,,1.725
1988-07-26,132.55,,1.7133
1988-07-27,131.7,,1.726
1988-07-28,132.4,,1.722
1988-07-29,133.05,,1.71
1988-08-01,132.8,,1.713
1988-08-02,132.92,,1.71
1988-08-03,132.87,,1.7105
1988-08-04,133.02,,1.709
1988-08-05,133.68,,1.6928
1988-08-08,133.75,,1.697
1988-08-09,134.75,,1.6863
1988-08-10,134.45,,1.6905
1988-08-11,133.86,,1.691
1988-08-12,133.15,,1.7155
1988-08-15,133.25,,1.7138
1988-08-16,132.92,,1.719
1988-08-17,134.07,,1.6898
1988-08-18,133.35,,1.6985
1988-08-19,133.45,,1.7025
1988-08-22,134.1,,1.6763
1988-08-23,133.85,,1.679
1988-08-24,134.25,,1.6785
1988-08-25,133.35,,1.699
1988-08-26,133.66,,1.6908
1988-08-29,134.13,,1.685
1988-08-30,134.47,,1.69
1988-08-31,136.52,,1.6825
1988-09-01,136.35,,1.669
1988-09-02,136.1,,1.683
1988-09-05,,,
1988-09-06,135.3,,1.7033
1988-09-07,133.67,,1.708
1988-09-08,133.87,,1.697
1988-09-09,133.62,,1.6968
1988-09-12,133.5,,1.6957
1988-09-13,133.3,,1.696
1988-09-14,134.6,,1.6745
1988-09-15,133.67,,1.68
1988-09-16,134.3,,1.6754
1988-09-19,133.55,,1.6788
1988-09-20,133.9,,1.6865
1988-09-21,134.25,,1.675
1988-09-22,134.63,,1.6675
1988-09-23,134.47,,1.6715
1988-09-26,134.65,,1.6665
1988-09-27,134.45,,1.6788
1988-09-28,134.23,,1.6868
1988-09-29,134.36,,1.6822
1988-09-30,133.9,,1.691
1988-10-03,133.65,,1.6985
1988-10-04,133.26,,1.6945
1988-10-05,133.5,,1.6955
1988-10-06,133.41,,1.694
1988-10-07,133.3,,1.698
1988-10-10,,,
1988-10-11,131.07,,1.716
1988-10-12,128.96,,1.731
1988-10-13,128.03,,1.7455
1988-10-14,127.15,,1.7555
1988-10-17,127.28,,1.748
1988-10-18,126.67,,1.752
1988-10-19,127.3,,1.7505
1988-10-20,127.2,,1.763
1988-10-21,126.35,,1.762
1988-10-24,126.83,,1.7515
1988-10-25,126.7,,1.7535
1988-10-26,125.7,,1.761
1988-10-27,125.9,,1.768
1988-10-28,125.85,,1.768
1988-10-31,125.5,,1.769
1988-11-01,125.3,,1.7668
1988-11-02,124.6,,1.777
1988-11-03,124.2,,1.782
1988-11-04,125.32,,1.765
1988-11-07,124.72,,1.775
1988-11-08,125.57,,1.7702
1988-11-09,124.25,,1.7908
1988-11-10,123.98,,1.7955
1988-11-11,,,
1988-11-14,123.43,,1.808
1988-11-15,123.42,,1.807
1988-11-16,122.55,,1.822
1988-11-17,122.73,,1.821
1988-11-18,122.65,,1.816
1988-11-21,121.95,,1.8235
1988-11-22,121.35,,1.8318
1988-11-23,121.3,,1.837
1988-11-24,,,
1988-11-25,121.1,,1.844
1988-11-28,122.22,,1.837
1988-11-29,121.5,,1.8516
1988-11-30,121.9,,1.8493
1988-12-01,121.6,,1.8525
1988-12-02,121.47,,1.856
1988-12-05,121.5,,1.87
1988-12-06,121.75,,1.8654
1988-12-07,123.5,,1.841
1988-12-08,122.57,,1.85
1988-12-09,122.35,,1.849
1988-12-12,122.85,,1.842
1988-12-13,123.15,,1.828
1988-12-14,122.71,,1.8295
1988-12-15,123.37,,1.8278
1988-12-16,124.5,,1.811
1988-12-19,124.1,,1.8226
1988-12-20,125.1,,1.8015
1988-12-21,124.35,,1.807
1988-12-22,124.71,,1.798
1988-12-23,124.85,,1.8
1988-12-26,,,
1988-12-27,124.85,,1.804
1988-12-28,125.58,,1.789
1988-12-29,125.85,,1.7895
1988-12-30,125.05,,1.8085
1989-01-02,,,
1989-01-03,123.6,,1.8225
1989-01-04,125.05,,1.807
1989-01-05,125.59,,1.797
1989-01-06,126.62,,1.78
1989-01-09,126.45,,1.7636
1989-01-10,126.3,,1.7637
1989-01-11,126.13,,1.781
1989-01-12,126.17,,1.784
1989-01-13,126.7,,1.7787
1989-01-16,,,
1989-01-17,127.75,,1.768
1989-01-18,128.5,,1.7545
1989-01-19,129.7,,1.75
1989-01-20,128.27,,1.7685
1989-01-23,127.8,,1.774
1989-01-24,127.65,,1.7677
1989-01-25,127.73,,1.771
1989-01-26,128.15,,1.7735
1989-01-27,129.24,,1.758
1989-01-30,129.35,,1.7618
1989-01-31,130.5,,1.75
1989-02-01,129.6,,1.7535
1989-02-02,129.15,,1.7508
1989-02-03,129.65,,1.7415
1989-02-06,129.65,,1.7327
1989-02-07,129.29,,1.7425
1989-02-08,129.6,,1.7433
1989-02-09,128.58,,1.7548
1989-02-10,128.49,,1.7543
1989-02-13,128.4,,1.7495
1989-02-14,126.73,,1.7685
1989-02-15,126.4,,1.7733
1989-02-16,126.32,,1.7708
1989-02-17,125.9,,1.776
1989-02-20,,,
1989-02-21,126.75,,1.7502
1989-02-22,126.58,,1.7505
1989-02-23,126.2,,1.76
1989-02-24,126.32,,1.753
1989-02-27,126.53,,1.7448
1989-02-28,126.87,,1.744
1989-03-01,128.1,,1.724
1989-03-02,127.88,,1.7238
1989-03-03,127.7,,1.723
1989-03-06,128.85,,1.722
1989-03-07,128.74,,1.7217
1989-03-08,128.7,,1.7197
1989-03-09,129.05,,1.7175
1989-03-10,129.5,,1.7155
1989-03-13,129.88,,1.7115
1989-03-14,129.68,,1.7272
1989-03-15,130.6,,1.719
1989-03-16,131.22,,1.7179
1989-03-17,131.6,,1.713
1989-03-20,131.7,,1.7103
1989-03-21,131.28,,1.72
1989-03-22,131.15,,1.7228
1989-03-23,131.2,,1.7218
1989-03-24,131.5,,1.719
1989-03-27,132.7,,1.71
1989-03-28,133.08,,1.688
1989-03-29,132.83,,1.6886
1989-03-30,132.95,,1.6875
1989-03-31,132.77,,1.6852
1989-04-03,132.05,,1.686
1989-04-04,130.9,,1.7068
1989-04-05,131.8,,1.6997
1989-04-06,131.93,,1.704
1989-04-07,132.45,,1.697
1989-04-10,132.63,,1.6975
1989-04-11,132.75,,1.689
1989-04-12,132.98,,1.6905
1989-04-13,132.2,,1.6975
1989-04-14,132.15,,1.6988
1989-04-17,131.95,,1.716
1989-04-18,131.52,,1.718
1989-04-19,132.34,,1.71
1989-04-20,131.35,,1.717
1989-04-21,131.45,,1.714
1989-04-24,131.6,,1.7049
1989-04-25,131.39,,1.701
1989-04-26,132.25,,1.6885
1989-04-27,132.19,,1.6905
1989-04-28,132.85,,1.689
1989-05-01,134.07,,1.68
1989-05-02,133.81,,1.685
1989-05-03,134.2,,1.683
1989-05-04,133.95,,1.6833
1989-05-05,134.33,,1.6732
1989-05-08,134.8,,1.6692
1989-05-09,134.83,,1.6605
1989-05-10,134.43,,1.6715
1989-05-11,135.3,,1.667
1989-05-12,135.95,,1.6593
1989-05-15,137.24,,1.6394
1989-05-16,137.3,,1.6393
1989-05-17,139.25,,1.6125
1989-05-18,138.65,,1.6175
1989-05-19,138.8,,1.619
1989-05-22,142.05,,1.5806
1989-05-23,142.0,,1.5678
1989-05-24,142.8,,1.5695
1989-05-25,142.0,,1.5803
1989-05-26,141.43,,1.588
1989-05-29,,,
1989-05-30,143.48,,1.558
1989-05-31,142.33,,1.5715
1989-06-01,142.73,,1.573
1989-06-02,141.75,,1.592
1989-06-05,141.82,,1.5807
1989-06-06,142.95,,1.571
1989-06-07,142.5,,1.5815
1989-06-08,143.4,,1.573
1989-06-09,146.15,,1.554
1989-06-12,148.8,,1.5251
1989-06-13,149.2,,1.5155
1989-06-14,149.05,,1.5145
1989-06-15,149.62,,1.5195
1989-06-16,145.55,,1.534
1989-06-19,144.45,,1.548
1989-06-20,144.07,,1.5495
1989-06-21,143.85,,1.547
1989-06-22,141.07,,1.553
1989-06-23,138.5,,1.567
1989-06-26,140.82,,1.5448
1989-06-27,141.1,,1.566
1989-06-28,142.8,,1.5555
1989-06-29,143.4,,1.552
1989-06-30,144.0,,1.549
1989-07-03,141.25,,1.5774
1989-07-04,,,
1989-07-05,138.9,,1.619
1989-07-06,139.4,,1.6215
1989-07-07,139.8,,1.6235
1989-07-10,139.0,,1.6405
1989-07-11,140.3,,1.6265
1989-07-12,139.85,,1.625
1989-07-13,139.45,,1.6235
1989-07-14,140.5,,1.6125
1989-07-17,141.55,,1.6138
1989-07-18,141.3,,1.625
1989-07-19,141.95,,1.619
1989-07-20,141.45,,1.6265
1989-07-21,141.92,,1.62
1989-07-24,143.18,,1.6173
1989-07-25,142.55,,1.6258
1989-07-26,140.65,,1.6495
1989-07-27,138.95,,1.6598
1989-07-28,139.58,,1.6445
1989-07-31,136.95,,1.666
1989-08-01,136.82,,1.6545
1989-08-02,136.15,,1.6628
1989-08-03,136.95,,1.6415
1989-08-04,139.45,,1.6145
1989-08-07,139.5,,1.6073
1989-08-08,138.8,,1.6255
1989-08-09,139.25,,1.6177
1989-08-10,139.08,,1.6275
1989-08-11,141.94,,1.585
1989-08-14,141.7,,1.5835
1989-08-15,142.19,,1.5725
1989-08-16,142.15,,1.5785
1989-08-17,143.8,,1.559
1989-08-18,145.85,,1.5685
1989-08-21,142.42,,1.578
1989-08-22,142.58,,1.5845
1989-08-23,143.23,,1.5705
1989-08-24,143.34,,1.5697
1989-08-25,143.3,,1.572
1989-08-28,144.2,,1.5665
1989-08-29,143.13,,1.5835
1989-08-30,143.73,,1.5822
1989-08-31,144.6,,1.573
1989-09-01,145.85,,1.557
1989-09-04,,,
1989-09-05,147.05,,1.5375
1989-09-06,146.25,,1.553
1989-09-07,146.9,,1.546
1989-09-08,146.3,,1.548
1989-09-11,146.82,,1.546
1989-09-12,147.15,,1.547
1989-09-13,146.95,,1.553
1989-09-14,146.55,,1.5595
1989-09-15,148.75,,1.538
1989-09-18,145.85,,1.5685
1989-09-19,145.65,,1.5735
1989-09-20,145.05,,1.5815
1989-09-21,145.35,,1.5805
1989-09-22,145.6,,1.5755
1989-09-25,142.7,,1.608
1989-09-26,141.88,,1.6215
1989-09-27,140.6,,1.613
1989-09-28,140.55,,1.6077
1989-09-29,139.6,,1.6145
1989-10-02,139.48,,1.6178
1989-10-03,141.13,,1.6055
1989-10-04,141.05,,1.604
1989-10-05,142.4,,1.61
1989-10-06,142.8,,1.6025
1989-10-09,,,
1989-10-10,143.95,,1.5575
1989-10-11,144.8,,1.5445
1989-10-12,144.2,,1.5515
1989-10-13,143.2,,1.564
1989-10-16,141.8,,1.5745
1989-10-17,141.5,,1.5815
1989-10-18,141.7,,1.5878
1989-10-19,141.95,,1.594
1989-10-20,142.3,,1.59
1989-10-23,142.35,,1.5935
1989-10-24,141.55,,1.606
1989-10-25,141.65,,1.6088
1989-10-26,141.65,,1.612
1989-10-27,142.0,,1.575
1989-10-30,142.15,,1.5783
1989-10-31,142.73,,1.5775
1989-11-01,143.11,,1.5818
1989-11-02,143.7,,1.564
1989-11-03,143.18,,1.5705
1989-11-06,143.7,,1.5785
1989-11-07,143.44,,1.5812
1989-11-08,143.14,,1.5865
1989-11-09,142.86,,1.5862
1989-11-10,143.3,,1.5763
1989-11-13,143.88,,1.58
1989-11-14,143.68,,1.5815
1989-11-15,143.75,,1.5816
1989-11-16,143.8,,1.577
1989-11-17,144.4,,1.5675
1989-11-20,144.5,,1.559
1989-11-21,143.75,,1.567
1989-11-22,143.85,,1.565
1989-11-23,,,
1989-11-24,143.5,,1.562
1989-11-27,143.4,,1.56
1989-11-28,143.72,,1.562
1989-11-29,142.65,,1.5665
1989-11-30,142.91,,1.5695
1989-12-01,143.1,,1.566
1989-12-04,143.58,,1.5635
1989-12-05,143.8,,1.5706
1989-12-06,143.85,,1.5765
1989-12-07,144.32,,1.575
1989-12-08,144.28,,1.5742
1989-12-11,144.5,,1.5892
1989-12-12,143.9,,1.603
1989-12-13,144.17,,1.5945
1989-12-14,144.1,,1.5975
1989-12-15,144.15,,1.6045
1989-12-18,144.1,,1.6018
1989-12-19,143.85,,1.6
1989-12-20,144.02,,1.603
1989-12-21,143.7,,1.6125
1989-12-22,142.88,,1.621
1989-12-25,,,
1989-12-26,142.15,,1.6255
1989-12-27,142.1,,1.6245
1989-12-28,143.35,,1.6133
1989-12-29,143.8,,1.6145
1990-01-01,,,
1990-01-02,146.25,,1.611
1990-01-03,145.7,,1.61
1990-01-04,143.37,,1.6293
1990-01-05,143.82,,1.637
1990-01-08,144.1,,1.653
1990-01-09,145.2,,1.6537
1990-01-10,145.25,,1.662
1990-01-11,145.4,,1.6568
1990-01-12,145.4,,1.6695
1990-01-15,,,
1990-01-16,145.48,,1.657
1990-01-17,145.49,,1.6495
1990-01-18,146.12,,1.6445
1990-01-19,145.65,,1.6465
1990-01-22,146.43,,1.639
1990-01-23,146.09,,1.649
1990-01-24,145.32,,1.655
1990-01-25,144.42,,1.6572
1990-01-26,143.35,,1.657
1990-01-29,143.13,,1.678
1990-01-30,144.1,,1.6818
1990-01-31,144.55,,1.6794
1990-02-01,144.9,,1.6815
1990-02-02,145.38,,1.6817
1990-02-05,145.39,,1.695
1990-02-06,145.13,,1.702
1990-02-07,145.47,,1.699
1990-02-08,145.4,,1.687
1990-02-09,145.2,,1.6925
1990-02-12,144.2,,1.695
1990-02-13,144.4,,1.6905
1990-02-14,144.27,,1.696
1990-02-15,144.4,,1.693
1990-02-16,144.15,,1.6955
1990-02-19,,,
1990-02-20,145.45,,1.704
1990-02-21,145.32,,1.715
1990-02-22,145.89,,1.7147
1990-02-23,146.92,,1.71
1990-02-26,148.85,,1.693
1990-02-27,148.63,,1.692
1990-02-28,148.82,,1.6892
1990-03-01,149.67,,1.665
1990-03-02,150.28,,1.651
1990-03-05,149.78,,1.6388
1990-03-06,149.8,,1.649
1990-03-07,151.22,,1.639
1990-03-08,150.83,,1.6425
1990-03-09,151.34,,1.6181
1990-03-12,152.38,,1.6103
1990-03-13,152.55,,1.6003
1990-03-14,152.24,,1.609
1990-03-15,152.55,,1.6175
1990-03-16,152.38,,1.6235
1990-03-19,153.5,,1.6103
1990-03-20,153.88,,1.6105
1990-03-21,154.16,,1.5945
1990-03-22,155.1,,1.601
1990-03-23,153.9,,1.604
1990-03-26,156.5,,1.618
1990-03-27,157.4,,1.6261
1990-03-28,158.75,,1.6275
1990-03-29,156.75,,1.634
1990-03-30,157.82,,1.648
1990-04-02,158.9,,1.6315
1990-04-03,159.13,,1.6355
1990-04-04,158.6,,1.6415
1990-04-05,157.68,,1.6415
1990-04-06,157.65,,1.6385
1990-04-09,157.5,,1.6385
1990-04-10,158.58,,1.6343
1990-04-11,158.28,,1.6425
1990-04-12,158.19,,1.642
1990-04-13,158.75,,1.6385
1990-04-16,159.37,,1.631
1990-04-17,159.9,,1.6338
1990-04-18,159.1,,1.638
1990-04-19,156.5,,1.6435
1990-04-20,157.85,,1.6353
1990-04-23,157.7,,1.6357
1990-04-24,158.72,,1.6341
1990-04-25,158.73,,1.637
1990-04-26,158.75,,1.6335
1990-04-27,158.9,,1.636
1990-04-30,158.85,,1.6389
1990-05-01,158.85,,1.6405
1990-05-02,158.3,,1.643
1990-05-03,158.15,,1.6422
1990-05-04,158.35,,1.66
1990-05-07,158.0,,1.668
1990-05-08,157.9,,1.6695
1990-05-09,156.45,,1.678
1990-05-10,157.0,,1.6763
1990-05-11,152.73,,1.6813
1990-05-14,152.77,,1.684
1990-05-15,151.4,,1.677
1990-05-16,151.43,,1.68
1990-05-17,152.35,,1.6917
1990-05-18,152.85,,1.6908
1990-05-21,153.53,,1.6912
1990-05-22,151.6,,1.6915
1990-05-23,151.23,,1.694
1990-05-24,151.55,,1.6895
1990-05-25,149.69,,1.6892
1990-05-28,,,
1990-05-29,150.88,,1.6946
1990-05-30,151.32,,1.693
1990-05-31,152.64,,1.6765
1990-06-01,151.39,,1.6838
1990-06-04,151.6,,1.675
1990-06-05,152.65,,1.683
1990-06-06,152.55,,1.6882
1990-06-07,152.53,,1.6883
1990-06-08,153.53,,1.6848
1990-06-11,154.52,,1.6858
1990-06-12,154.44,,1.7025
1990-06-13,154.79,,1.707
1990-06-14,154.07,,1.7052
1990-06-15,154.2,,1.7055
1990-06-18,153.7,,1.713
1990-06-19,153.65,,1.7205
1990-06-20,154.0,,1.723
1990-06-21,154.82,,1.725
1990-06-22,154.75,,1.733
1990-06-25,155.37,,1.7305
1990-06-26,155.15,,1.7355
1990-06-27,154.38,,1.7428
1990-06-28,153.17,,1.7393
1990-06-29,152.35,,1.745
1990-07-02,151.27,,1.7634
1990-07-03,151.2,,1.7795
1990-07-04,,,
1990-07-05,150.77,,1.7805
1990-07-06,151.03,,1.7865
1990-07-09,151.1,,1.8058
1990-07-10,148.9,,1.815
1990-07-11,148.68,,1.798
1990-07-12,148.6,,1.7985
1990-07-13,147.5,,1.806
1990-07-16,148.05,,1.804
1990-07-17,148.35,,1.8112
1990-07-18,147.3,,1.8205
1990-07-19,148.05,,1.8146
1990-07-20,148.97,,1.8143
1990-07-23,148.45,,1.8205
1990-07-24,148.35,,1.8248
1990-07-25,148.88,,1.812
1990-07-26,150.45,,1.8135
1990-07-27,149.6,,1.8335
1990-07-30,148.2,,1.8438
1990-07-31,146.13,,1.86
1990-08-01,147.25,,1.855
1990-08-02,149.6,,1.8492
1990-08-03,149.9,,1.8565
1990-08-06,149.75,,1.872
1990-08-07,149.8,,1.877
1990-08-08,150.15,,1.8655
1990-08-09,149.82,,1.8717
1990-08-10,150.15,,1.8713
1990-08-13,150.35,,1.884
1990-08-14,149.48,,1.8925
1990-08-15,147.45,,1.8998
1990-08-16,148.38,,1.898
1990-08-17,147.57,,1.919
1990-08-20,146.87,,1.9198
1990-08-21,146.4,,1.921
1990-08-22,145.75,,1.9275
1990-08-23,146.6,,1.9515
1990-08-24,146.55,,1.9453
1990-08-27,144.45,,1.9443
1990-08-28,143.48,,1.9483
1990-08-29,143.62,,1.9465
1990-08-30,144.3,,1.9225
1990-08-31,143.93,,1.892
1990-09-03,,,
1990-09-04,143.55,,1.8758
1990-09-05,141.68,,1.899
1990-09-06,141.05,,1.908
1990-09-07,140.1,,1.894
1990-09-10,139.2,,1.8555
1990-09-11,139.85,,1.8485
1990-09-12,137.7,,1.864
1990-09-13,137.35,,1.8767
1990-09-14,136.67,,1.8985
1990-09-17,137.0,,1.9025
1990-09-18,137.5,,1.918
1990-09-19,137.5,,1.8847
1990-09-20,136.93,,1.8683
1990-09-21,136.9,,1.846
1990-09-24,136.1,,1.884
1990-09-25,137.38,,1.8768
1990-09-26,137.27,,1.864
1990-09-27,138.37,,1.871
1990-09-28,138.27,,1.8735
1990-10-01,136.9,,1.889
1990-10-02,136.95,,1.8885
1990-10-03,136.13,,1.898
1990-10-04,133.9,,1.9118
1990-10-05,132.4,,1.9465
1990-10-08,,,
1990-10-09,130.33,,1.97
1990-10-10,129.97,,1.9675
1990-10-11,129.95,,1.964
1990-10-12,128.65,,1.9732
1990-10-15,128.15,,1.9535
1990-10-16,127.25,,1.957
1990-10-17,125.27,,1.965
1990-10-18,125.05,,1.9535
1990-10-19,125.75,,1.9595
1990-10-22,126.05,,1.948
1990-10-23,127.5,,1.9464
1990-10-24,128.05,,1.9565
1990-10-25,127.3,,1.954
1990-10-26,128.0,,1.956
1990-10-29,128.4,,1.953
1990-10-30,129.1,,1.9475
1990-10-31,129.95,,1.944
1990-11-01,130.48,,1.95
1990-11-02,128.6,,1.9515
1990-11-05,126.8,,1.9695
1990-11-06,127.3,,1.973
1990-11-07,128.15,,1.976
1990-11-08,129.9,,1.967
1990-11-09,129.73,,1.9665
1990-11-12,,,
1990-11-13,129.6,,1.9642
1990-11-14,129.62,,1.961
1990-11-15,129.27,,1.9595
1990-11-16,129.43,,1.966
1990-11-19,129.0,,1.9707
1990-11-20,128.95,,1.9698
1990-11-21,127.65,,1.9685
1990-11-22,,,
1990-11-23,127.35,,1.967
1990-11-26,128.75,,1.9658
1990-11-27,128.33,,1.976
1990-11-28,129.85,,1.972
1990-11-29,132.45,,1.9515
1990-11-30,133.1,,1.9392
1990-12-03,134.4,,1.9195
1990-12-04,134.05,,1.926
1990-12-05,134.53,,1.922
1990-12-06,132.35,,1.938
1990-12-07,131.05,,1.95
1990-12-10,131.9,,1.9425
1990-12-11,132.1,,1.939
1990-12-12,131.82,,1.944
1990-12-13,132.13,,1.9435
1990-12-14,132.95,,1.9391
1990-12-17,133.25,,1.9285
1990-12-18,133.23,,1.935
1990-12-19,134.15,,1.931
1990-12-20,134.85,,1.906
1990-12-21,135.6,,1.885
1990-12-24,136.05,,1.867
1990-12-25,,,
1990-12-26,136.05,,1.885
1990-12-27,136.45,,1.887
1990-12-28,135.12,,1.921
1990-12-31,135.75,,1.9285
1991-01-01,,,
1991-01-02,134.6,,1.9425
1991-01-03,133.05,,1.9465
1991-01-04,135.1,,1.932
1991-01-07,136.7,,1.905
1991-01-08,136.45,,1.906
1991-01-09,134.05,,1.9258
1991-01-10,134.6,,1.905
1991-01-11,134.25,,1.907
1991-01-14,135.05,,1.9045
1991-01-15,135.9,,1.904
1991-01-16,136.85,,1.9047
1991-01-17,132.88,,1.9228
1991-01-18,132.8,,1.9416
1991-01-21,,,
1991-01-22,131.7,,1.9477
1991-01-23,132.41,,1.955
1991-01-24,132.23,,1.96
1991-01-25,132.27,,1.9575
1991-01-28,132.2,,1.9642
1991-01-29,131.53,,1.9695
1991-01-30,131.6,,1.961
1991-01-31,131.45,,1.965
1991-02-01,131.45,,1.9763
1991-02-04,131.08,,1.9772
1991-02-05,129.73,,1.983
1991-02-06,128.35,,1.999
1991-02-07,127.95,,1.9965
1991-02-08,127.9,,1.987
1991-02-11,127.72,,1.997
1991-02-12,128.3,,1.9915
1991-02-13,129.08,,1.9918
1991-02-14,129.8,,1.98
1991-02-15,130.45,,1.9705
1991-02-18,,,
1991-02-19,131.55,,1.9515
1991-02-20,131.8,,1.947
1991-02-21,131.4,,1.9571
1991-02-22,132.2,,1.9437
1991-02-25,133.35,,1.923
1991-02-26,132.85,,1.9205
1991-02-27,132.27,,1.9155
1991-02-28,132.95,,1.91
1991-03-01,134.55,,1.898
1991-03-04,135.55,,1.8965
1991-03-05,135.39,,1.9017
1991-03-06,136.25,,1.889
1991-03-07,135.8,,1.8865
1991-03-08,136.25,,1.8718
1991-03-11,138.1,,1.8505
1991-03-12,136.3,,1.858
1991-03-13,136.4,,1.856
1991-03-14,135.95,,1.8555
1991-03-15,137.2,,1.8305
1991-03-18,138.15,,1.791
1991-03-19,138.15,,1.765
1991-03-20,138.6,,1.7765
1991-03-21,137.6,,1.792
1991-03-22,137.2,,1.7895
1991-03-25,138.43,,1.764
1991-03-26,138.35,,1.7533
1991-03-27,139.1,,1.7395
1991-03-28,141.2,,1.7365
1991-03-29,140.6,,1.7485
1991-04-01,140.2,,1.7585
1991-04-02,138.3,,1.7705
1991-04-03,137.4,,1.777
1991-04-04,135.97,,1.788
1991-04-05,136.9,,1.7705
1991-04-08,137.25,,1.7675
1991-04-09,135.1,,1.791
1991-04-10,136.35,,1.7793
1991-04-11,135.95,,1.79
1991-04-12,136.3,,1.7775
1991-04-15,134.48,,1.7875
1991-04-16,134.85,,1.7885
1991-04-17,136.35,,1.783
1991-04-18,136.8,,1.771
1991-04-19,138.58,,1.719
1991-04-22,139.45,,1.69
1991-04-23,137.94,,1.712
1991-04-24,138.05,,1.694
1991-04-25,138.05,,1.6935
1991-04-26,138.13,,1.686
1991-04-29,137.7,,1.6765
1991-04-30,136.38,,1.7225
1991-05-01,137.6,,1.7265
1991-05-02,138.1,,1.717
1991-05-03,138.55,,1.695
1991-05-06,138.47,,1.705
1991-05-07,137.95,,1.7215
1991-05-08,138.35,,1.7175
1991-05-09,139.3,,1.704
1991-05-10,138.75,,1.719
1991-05-13,139.42,,1.7315
1991-05-14,138.15,,1.7383
1991-05-15,137.99,,1.7478
1991-05-16,137.55,,1.7455
1991-05-17,138.5,,1.7135
1991-05-20,138.22,,1.719
1991-05-21,137.5,,1.7365
1991-05-22,138.05,,1.727
1991-05-23,137.73,,1.7345
1991-05-24,138.4,,1.731
1991-05-27,,,
1991-05-28,137.8,,1.7453
1991-05-29,138.2,,1.734
1991-05-30,137.85,,1.7155
1991-05-31,138.45,,1.698
1991-06-03,139.08,,1.6969
1991-06-04,138.66,,1.703
1991-06-05,139.13,,1.6937
1991-06-06,139.18,,1.6875
1991-06-07,140.31,,1.671
1991-06-10,141.9,,1.6688
1991-06-11,141.2,,1.6615
1991-06-12,141.9,,1.6445
1991-06-13,141.33,,1.6377
1991-06-14,140.55,,1.639
1991-06-17,140.97,,1.6252
1991-06-18,140.9,,1.6115
1991-06-19,140.08,,1.6325
1991-06-20,138.74,,1.6312
1991-06-21,139.0,,1.631
1991-06-24,138.9,,1.642
1991-06-25,138.82,,1.6281
1991-06-26,138.3,,1.6395
1991-06-27,138.1,,1.632
1991-06-28,137.9,,1.618
1991-07-01,138.4,,1.614
1991-07-02,138.78,,1.6015
1991-07-03,139.5,,1.6057
1991-07-04,,,
1991-07-05,138.35,,1.615
1991-07-08,138.73,,1.628
1991-07-09,138.65,,1.622
1991-07-10,138.53,,1.621
1991-07-11,138.58,,1.607
1991-07-12,136.75,,1.6505
1991-07-15,136.7,,1.6515
1991-07-16,137.15,,1.644
1991-07-17,136.8,,1.6525
1991-07-18,136.8,,1.666
1991-07-19,136.45,,1.691
1991-07-22,137.45,,1.681
1991-07-23,136.98,,1.6835
1991-07-24,137.38,,1.6938
1991-07-25,138.85,,1.675
1991-07-26,137.9,,1.6875
1991-07-29,138.18,,1.6743
1991-07-30,137.93,,1.6798
1991-07-31,137.42,,1.6845
1991-08-01,137.67,,1.6735
1991-08-02,136.74,,1.6945
1991-08-05,136.68,,1.7095
1991-08-06,135.73,,1.712
1991-08-07,135.85,,1.7128
1991-08-08,136.47,,1.7
1991-08-09,136.9,,1.695
1991-08-12,136.54,,1.6983
1991-08-13,136.52,,1.6935
1991-08-14,136.61,,1.6875
1991-08-15,136.47,,1.688
1991-08-16,137.25,,1.662
1991-08-19,138.3,,1.63
1991-08-20,137.45,,1.6377
1991-08-21,136.8,,1.6765
1991-08-22,136.43,,1.697
1991-08-23,137.1,,1.6715
1991-08-26,137.0,,1.6795
1991-08-27,137.0,,1.68
1991-08-28,136.6,,1.69
1991-08-29,137.0,,1.6805
1991-08-30,136.85,,1.68
1991-09-02,,,
1991-09-03,136.02,,1.691
1991-09-04,135.3,,1.6935
1991-09-05,135.87,,1.692
1991-09-06,136.15,,1.6975
1991-09-09,134.95,,1.73
1991-09-10,134.85,,1.7295
1991-09-11,134.95,,1.7252
1991-09-12,134.06,,1.7335
1991-09-13,133.98,,1.7325
1991-09-16,133.65,,1.739
1991-09-17,133.82,,1.742
1991-09-18,134.17,,1.7307
1991-09-19,134.5,,1.7275
1991-09-20,134.37,,1.7285
1991-09-23,133.05,,1.744
1991-09-24,133.08,,1.738
1991-09-25,133.3,,1.7333
1991-09-26,133.67,,1.7325
1991-09-27,133.4,,1.737
1991-09-30,132.85,,1.752
1991-10-01,133.2,,1.7485
1991-10-02,132.68,,1.751
1991-10-03,130.77,,1.75
1991-10-04,130.03,,1.739
1991-10-07,129.3,,1.7352
1991-10-08,130.1,,1.714
1991-10-09,130.25,,1.7165
1991-10-10,130.35,,1.7145
1991-10-11,129.73,,1.719
1991-10-14,,,
1991-10-15,130.22,,1.702
1991-10-16,130.02,,1.7105
1991-10-17,129.83,,1.7096
1991-10-18,129.77,,1.725
1991-10-21,130.73,,1.7185
1991-10-22,131.2,,1.7145
1991-10-23,131.55,,1.7065
1991-10-24,131.18,,1.711
1991-10-25,131.4,,1.711
1991-10-28,132.25,,1.7047
1991-10-29,130.75,,1.723
1991-10-30,131.08,,1.7425
1991-10-31,130.6,,1.7425
1991-11-01,130.3,,1.7498
1991-11-04,128.9,,1.781
1991-11-05,129.8,,1.7697
1991-11-06,129.9,,1.7705
1991-11-07,129.7,,1.7797
1991-11-08,130.32,,1.768
1991-11-11,,,
1991-11-12,129.65,,1.7725
1991-11-13,130.12,,1.7707
1991-11-14,129.87,,1.775
1991-11-15,130.05,,1.769
1991-11-18,129.3,,1.791
1991-11-19,129.95,,1.7955
1991-11-20,129.77,,1.796
1991-11-21,129.62,,1.7975
1991-11-22,129.53,,1.7975
1991-11-25,127.77,,1.7985
1991-11-26,128.1,,1.7978
1991-11-27,130.28,,1.767
1991-11-28,,,
1991-11-29,130.08,,1.7655
1991-12-02,129.95,,1.776
1991-12-03,129.55,,1.7715
1991-12-04,129.55,,1.7725
1991-12-05,128.77,,1.7915
1991-12-06,128.2,,1.81
1991-12-09,128.4,,1.806
1991-12-10,128.7,,1.808
1991-12-11,129.15,,1.8085
1991-12-12,129.24,,1.8075
1991-12-13,128.8,,1.8185
1991-12-16,128.47,,1.821
1991-12-17,128.6,,1.822
1991-12-18,128.45,,1.8252
1991-12-19,128.33,,1.8325
1991-12-20,127.57,,1.86
1991-12-23,126.55,,1.8765
1991-12-24,127.55,,1.8705
1991-12-25,,,
1991-12-26,126.78,,1.884
1991-12-27,125.57,,1.8768
1991-12-30,125.75,,1.8665
1991-12-31,124.9,,1.866
1992-01-01,,,
1992-01-02,124.5,,1.868
1992-01-03,124.8,,1.845
1992-01-06,124.1,,1.877
1992-01-07,124.4,,1.871
1992-01-08,124.9,,1.871
1992-01-09,125.4,,1.831
1992-01-10,127.05,,1.792
1992-01-13,126.85,,1.8015
1992-01-14,126.8,,1.789
1992-01-15,128.4,,1.753
1992-01-16,128.28,,1.7605
1992-01-17,127.45,,1.777
1992-01-20,,,
1992-01-21,123.2,,1.807
1992-01-22,123.22,,1.8065
1992-01-23,123.9,,1.7951
1992-01-24,123.42,,1.8055
1992-01-27,125.4,,1.776
1992-01-28,125.62,,1.7945
1992-01-29,125.45,,1.806
1992-01-30,126.0,,1.773
1992-01-31,125.55,,1.789
1992-02-03,125.95,,1.7995
1992-02-04,126.15,,1.8015
1992-02-05,125.83,,1.8062
1992-02-06,125.65,,1.8205
1992-02-07,125.22,,1.8375
1992-02-10,126.7,,1.8255
1992-02-11,126.93,,1.8013
1992-02-12,127.68,,1.787
1992-02-13,127.68,,1.7725
1992-02-14,127.93,,1.7685
1992-02-17,,,
1992-02-18,128.0,,1.751
1992-02-19,128.4,,1.752
1992-02-20,128.65,,1.75
1992-02-21,128.72,,1.7465
1992-02-24,129.1,,1.748
1992-02-25,129.45,,1.756
1992-02-26,129.68,,1.7455
1992-02-27,129.41,,1.754
1992-02-28,129.15,,1.756
1992-03-02,129.63,,1.7543
1992-03-03,130.84,,1.739
1992-03-04,132.11,,1.723
1992-03-05,131.85,,1.716
1992-03-06,131.76,,1.718
1992-03-09,131.92,,1.7225
1992-03-10,132.88,,1.714
1992-03-11,133.45,,1.7253
1992-03-12,134.25,,1.707
1992-03-13,133.6,,1.7115
1992-03-16,133.98,,1.715
1992-03-17,133.45,,1.731
1992-03-18,132.05,,1.733
1992-03-19,133.27,,1.711
1992-03-20,134.15,,1.706
1992-03-23,133.7,,1.715
1992-03-24,133.69,,1.72
1992-03-25,133.35,,1.732
1992-03-26,133.95,,1.722
1992-03-27,133.12,,1.7395
1992-03-30,133.06,,1.733
1992-03-31,132.92,,1.7363
1992-04-01,134.5,,1.7265
1992-04-02,133.83,,1.7295
1992-04-03,133.25,,1.743
1992-04-06,132.72,,1.75
1992-04-07,133.28,,1.7495
1992-04-08,132.6,,1.7485
1992-04-09,132.23,,1.764
1992-04-10,132.9,,1.7652
1992-04-13,133.28,,1.762
1992-04-14,132.79,,1.771
1992-04-15,133.39,,1.756
1992-04-16,133.9,,1.7477
1992-04-17,134.0,,1.745
1992-04-20,134.5,,1.7425
1992-04-21,134.23,,1.747
1992-04-22,134.15,,1.7625
1992-04-23,134.53,,1.764
1992-04-24,134.53,,1.772
1992-04-27,133.13,,1.78
1992-04-28,133.33,,1.775
1992-04-29,133.5,,1.7698
1992-04-30,133.3,,1.775
1992-05-01,132.75,,1.786
1992-05-04,132.7,,1.783
1992-05-05,133.07,,1.7815
1992-05-06,132.5,,1.7945
1992-05-07,132.7,,1.7965
1992-05-08,133.4,,1.7875
1992-05-11,133.17,,1.7927
1992-05-12,130.5,,1.813
1992-05-13,130.4,,1.813
1992-05-14,130.2,,1.822
1992-05-15,130.25,,1.8185
1992-05-18,128.8,,1.8355
1992-05-19,129.1,,1.8395
1992-05-20,129.58,,1.8308
1992-05-21,130.25,,1.817
1992-05-22,129.4,,1.8142
1992-05-25,,,
1992-05-26,129.33,,1.828
1992-05-27,129.95,,1.801
1992-05-28,129.62,,1.8065
1992-05-29,127.75,,1.829
1992-06-01,127.45,,1.8227
1992-06-02,127.53,,1.8245
1992-06-03,127.8,,1.8178
1992-06-04,127.57,,1.825
1992-06-05,126.8,,1.836
1992-06-08,127.2,,1.834
1992-06-09,127.55,,1.8325
1992-06-10,127.65,,1.833
1992-06-11,126.75,,1.846
1992-06-12,126.65,,1.8515
1992-06-15,126.8,,1.856
1992-06-16,126.7,,1.86
1992-06-17,127.05,,1.853
1992-06-18,126.65,,1.8655
1992-06-19,126.93,,1.8595
1992-06-22,127.1,,1.8615
1992-06-23,127.23,,1.8635
1992-06-24,126.68,,1.877
1992-06-25,125.45,,1.891
1992-06-26,125.72,,1.891
1992-06-29,125.25,,1.907
1992-06-30,125.87,,1.9035
1992-07-01,124.92,,1.911
1992-07-02,124.6,,1.918
1992-07-03,124.8,,1.9085
1992-07-06,124.55,,1.9102
1992-07-07,124.42,,1.9248
1992-07-08,124.85,,1.9195
1992-07-09,125.8,,1.896
1992-07-10,125.4,,1.921
1992-07-13,124.95,,1.929
1992-07-14,126.0,,1.913
1992-07-15,125.0,,1.9257
1992-07-16,125.45,,1.9355
1992-07-17,124.55,,1.9495
1992-07-20,125.25,,1.918
1992-07-21,125.3,,1.9095
1992-07-22,126.9,,1.9035
1992-07-23,126.63,,1.913
1992-07-24,127.67,,1.8985
1992-07-27,127.73,,1.916
1992-07-28,127.58,,1.929
1992-07-29,127.93,,1.9175
1992-07-30,127.65,,1.9195
1992-07-31,127.35,,1.92
1992-08-03,127.28,,1.9237
1992-08-04,127.25,,1.9215
1992-08-05,127.4,,1.913
1992-08-06,127.75,,1.907
1992-08-07,127.5,,1.929
1992-08-10,128.05,,1.927
1992-08-11,128.05,,1.9215
1992-08-12,127.72,,1.928
1992-08-13,127.27,,1.931
1992-08-14,126.25,,1.916
1992-08-17,125.75,,1.9257
1992-08-18,126.25,,1.9295
1992-08-19,126.3,,1.935
1992-08-20,126.32,,1.939
1992-08-21,126.07,,1.9475
1992-08-24,124.68,,1.9945
1992-08-25,124.9,,1.988
1992-08-26,124.95,,1.9865
1992-08-27,124.9,,1.9762
1992-08-28,123.26,,1.9825
1992-08-31,122.95,,1.9893
1992-09-01,122.95,,1.996
1992-09-02,123.0,,2.0035
1992-09-03,124.0,,1.983
1992-09-04,123.22,,1.9945
1992-09-07,,,
1992-09-08,122.68,,2.003
1992-09-09,123.23,,1.975
1992-09-10,122.98,,1.976
1992-09-11,124.23,,1.9235
1992-09-14,124.25,,1.8915
1992-09-15,124.38,,1.8715
1992-09-16,124.95,,1.811
1992-09-17,124.43,,1.7815
1992-09-18,124.63,,1.737
1992-09-21,123.72,,1.7125
1992-09-22,121.2,,1.7082
1992-09-23,120.15,,1.7085
1992-09-24,120.7,,1.709
1992-09-25,120.5,,1.714
1992-09-28,119.58,,1.7295
1992-09-29,119.75,,1.769
1992-09-30,120.0,,1.779
1992-10-01,120.0,,1.734
1992-10-02,119.35,,1.706
1992-10-05,119.65,,1.701
1992-10-06,119.92,,1.7125
1992-10-07,120.02,,1.7175
1992-10-08,120.97,,1.6895
1992-10-09,122.0,,1.6975
1992-10-12,,,
1992-10-13,121.5,,1.714
1992-10-14,121.02,,1.7098
1992-10-15,120.4,,1.7
1992-10-16,119.85,,1.6555
1992-10-19,119.85,,1.63
1992-10-20,121.95,,1.6235
1992-10-21,121.8,,1.6135
1992-10-22,120.75,,1.6195
1992-10-23,121.77,,1.613
1992-10-26,122.03,,1.5865
1992-10-27,122.48,,1.5775
1992-10-28,122.5,,1.578
1992-10-29,123.36,,1.57
1992-10-30,123.3,,1.5625
1992-11-02,123.95,,1.533
1992-11-03,122.25,,1.5479
1992-11-04,122.8,,1.5535
1992-11-05,122.67,,1.538
1992-11-06,123.2,,1.5365
1992-11-09,123.9,,1.52
1992-11-10,124.4,,1.513
1992-11-11,,,
1992-11-12,124.12,,1.523
1992-11-13,123.85,,1.549
1992-11-16,124.85,,1.518
1992-11-17,124.55,,1.519
1992-11-18,124.38,,1.5205
1992-11-19,123.55,,1.532
1992-11-20,124.22,,1.521
1992-11-23,124.18,,1.5175
1992-11-24,124.1,,1.519
1992-11-25,123.93,,1.525
1992-11-26,,,
1992-11-27,124.4,,1.5095
1992-11-30,124.42,,1.5135
1992-12-01,124.4,,1.535
1992-12-02,124.41,,1.548
1992-12-03,124.67,,1.565
1992-12-04,124.9,,1.557
1992-12-07,124.44,,1.586
1992-12-08,124.0,,1.5975
1992-12-09,124.1,,1.5695
1992-12-10,123.73,,1.557
1992-12-11,123.89,,1.5578
1992-12-14,123.85,,1.565
1992-12-15,124.1,,1.5665
1992-12-16,122.9,,1.5772
1992-12-17,123.1,,1.574
1992-12-18,123.28,,1.566
1992-12-21,122.97,,1.564
1992-12-22,123.52,,1.5385
1992-12-23,123.85,,1.526
1992-12-24,123.9,,1.523
1992-12-25,,,
1992-12-28,124.75,,1.5115
1992-12-29,124.7,,1.5125
1992-12-30,124.59,,1.512
1992-12-31,124.85,,1.513
1993-01-01,,,
1993-01-04,125.4,,1.501
1993-01-05,125.11,,1.545
1993-01-06,125.1,,1.5413
1993-01-07,125.25,,1.536
1993-01-08,125.27,,1.54
1993-01-11,125.05,,1.5535
1993-01-12,125.3,,1.54
1993-01-13,126.03,,1.54
1993-01-14,125.75,,1.539
1993-01-15,126.1,,1.53
1993-01-18,,,
1993-01-19,125.55,,1.548
1993-01-20,124.9,,1.5416
1993-01-21,125.0,,1.5175
1993-01-22,124.85,,1.532
1993-01-25,123.28,,1.5585
1993-01-26,123.63,,1.5385
1993-01-27,124.1,,1.5145
1993-01-28,124.23,,1.5165
1993-01-29,124.97,,1.4855
1993-02-01,124.95,,1.454
1993-02-02,124.86,,1.446
1993-02-03,124.33,,1.4345
1993-02-04,124.58,,1.4452
1993-02-05,124.43,,1.4475
1993-02-08,124.02,,1.4395
1993-02-09,121.38,,1.431
1993-02-10,120.97,,1.4255
1993-02-11,120.5,,1.418
1993-02-12,120.9,,1.4175
1993-02-15,,,
1993-02-16,119.8,,1.4475
1993-02-17,119.4,,1.4439
1993-02-18,119.6,,1.446
1993-02-19,119.11,,1.4525
1993-02-22,116.45,,1.4544
1993-02-23,116.65,,1.4585
1993-02-24,116.9,,1.4375
1993-02-25,117.5,,1.43
1993-02-26,118.1,,1.4215
1993-03-01,118.75,,1.4363
1993-03-02,117.77,,1.4475
1993-03-03,117.25,,1.449
1993-03-04,116.8,,1.4535
1993-03-05,117.65,,1.447
1993-03-08,116.62,,1.4455
1993-03-09,117.4,,1.4345
1993-03-10,118.12,,1.432
1993-03-11,117.57,,1.4349
1993-03-12,117.8,,1.433
1993-03-15,118.45,,1.434
1993-03-16,116.9,,1.4445
1993-03-17,117.25,,1.451
1993-03-18,116.88,,1.4755
1993-03-19,115.95,,1.4892
1993-03-22,115.67,,1.4876
1993-03-23,115.7,,1.4832
1993-03-24,116.88,,1.482
1993-03-25,117.3,,1.4743
1993-03-26,116.4,,1.4905
1993-03-29,116.77,,1.4904
1993-03-30,116.62,,1.495
1993-03-31,114.9,,1.509
1993-04-01,114.1,,1.526
1993-04-02,114.2,,1.513
1993-04-05,113.6,,1.52
1993-04-06,114.0,,1.5127
1993-04-07,113.7,,1.5138
1993-04-08,113.45,,1.5253
1993-04-09,113.2,,1.5282
1993-04-12,112.75,,1.5478
1993-04-13,113.4,,1.5585
1993-04-14,113.9,,1.552
1993-04-15,113.4,,1.543
1993-04-16,112.63,,1.5255
1993-04-19,111.03,,1.5379
1993-04-20,110.8,,1.5424
1993-04-21,111.1,,1.5363
1993-04-22,110.05,,1.548
1993-04-23,110.62,,1.5755
1993-04-26,110.45,,1.59
1993-04-27,111.25,,1.5775
1993-04-28,112.4,,1.571
1993-04-29,111.75,,1.5705
1993-04-30,111.27,,1.5695
1993-05-03,110.9,,1.561
1993-05-04,110.3,,1.5703
1993-05-05,110.25,,1.566
1993-05-06,110.3,,1.57
1993-05-07,110.35,,1.5715
1993-05-10,111.75,,1.535
1993-05-11,111.05,,1.542
1993-05-12,111.5,,1.534
1993-05-13,111.7,,1.5255
1993-05-14,110.85,,1.5385
1993-05-17,111.4,,1.5322
1993-05-18,111.59,,1.5314
1993-05-19,110.52,,1.5408
1993-05-20,110.5,,1.5563
1993-05-21,110.43,,1.5415
1993-05-24,110.35,,1.535
1993-05-25,109.5,,1.542
1993-05-26,108.65,,1.546
1993-05-27,107.8,,1.5545
1993-05-28,107.17,,1.5605
1993-05-31,,,
1993-06-01,107.23,,1.551
1993-06-02,107.68,,1.541
1993-06-03,107.4,,1.5393
1993-06-04,107.75,,1.517
1993-06-07,107.36,,1.5225
1993-06-08,106.3,,1.5175
1993-06-09,106.55,,1.515
1993-06-10,106.16,,1.519
1993-06-11,106.1,,1.5245
1993-06-14,105.15,,1.527
1993-06-15,105.6,,1.522
1993-06-16,106.6,,1.5035
1993-06-17,106.75,,1.5145
1993-06-18,109.5,,1.496
1993-06-21,111.05,,1.488
1993-06-22,111.35,,1.4772
1993-06-23,109.15,,1.4717
1993-06-24,109.25,,1.4675
1993-06-25,106.15,,1.4778
1993-06-28,106.05,,1.493
1993-06-29,107.13,,1.503
1993-06-30,106.8,,1.493
1993-07-01,107.85,,1.5065
1993-07-02,108.7,,1.5075
1993-07-05,,,
1993-07-06,108.28,,1.5097
1993-07-07,107.7,,1.4935
1993-07-08,108.75,,1.4948
1993-07-09,109.67,,1.4779
1993-07-12,109.65,,1.478
1993-07-13,108.34,,1.4929
1993-07-14,107.5,,1.5012
1993-07-15,108.25,,1.4883
1993-07-16,107.8,,1.4795
1993-07-19,108.5,,1.4985
1993-07-20,108.4,,1.501
1993-07-21,108.5,,1.5155
1993-07-22,106.9,,1.5085
1993-07-23,106.8,,1.4964
1993-07-26,106.9,,1.5015
1993-07-27,106.35,,1.489
1993-07-28,105.33,,1.4945
1993-07-29,106.3,,1.4861
1993-07-30,105.05,,1.485
1993-08-02,104.35,,1.4897
1993-08-03,104.43,,1.5045
1993-08-04,104.8,,1.5005
1993-08-05,104.25,,1.491
1993-08-06,104.45,,1.4985
1993-08-09,104.93,,1.4927
1993-08-10,104.67,,1.4802
1993-08-11,103.68,,1.4737
1993-08-12,103.17,,1.463
1993-08-13,102.18,,1.4595
1993-08-16,101.1,,1.484
1993-08-17,101.55,,1.4885
1993-08-18,101.6,,1.5112
1993-08-19,103.95,,1.505
1993-08-20,104.85,,1.512
1993-08-23,103.12,,1.5013
1993-08-24,103.73,,1.4962
1993-08-25,104.95,,1.4818
1993-08-26,104.4,,1.499
1993-08-27,104.0,,1.5005
1993-08-30,103.94,,1.4905
1993-08-31,104.73,,1.4868
1993-09-01,105.7,,1.5075
1993-09-02,106.0,,1.5012
1993-09-03,105.05,,1.5262
1993-09-06,,,
1993-09-07,104.05,,1.5425
1993-09-08,105.64,,1.5395
1993-09-09,105.2,,1.55
1993-09-10,106.2,,1.5495
1993-09-13,106.3,,1.542
1993-09-14,105.85,,1.5463
1993-09-15,106.3,,1.5512
1993-09-16,104.45,,1.533
1993-09-17,104.5,,1.5345
1993-09-20,104.31,,1.5317
1993-09-21,106.5,,1.503
1993-09-22,106.5,,1.5198
1993-09-23,106.07,,1.5055
1993-09-24,106.05,,1.5013
1993-09-27,105.9,,1.5123
1993-09-28,105.25,,1.5152
1993-09-29,105.2,,1.512
1993-09-30,106.05,,1.496
1993-10-01,106.05,,1.5048
1993-10-04,105.8,,1.514
1993-10-05,105.57,,1.5165
1993-10-06,105.6,,1.5257
1993-10-07,105.15,,1.522
1993-10-08,105.57,,1.5352
1993-10-11,,,
1993-10-12,105.95,,1.532
1993-10-13,106.02,,1.5223
1993-10-14,107.43,,1.5127
1993-10-15,107.08,,1.512
1993-10-18,107.47,,1.498
1993-10-19,107.07,,1.4924
1993-10-20,107.31,,1.4893
1993-10-21,108.35,,1.4863
1993-10-22,108.16,,1.4725
1993-10-25,108.36,,1.4863
1993-10-26,108.14,,1.477
1993-10-27,108.47,,1.4783
1993-10-28,108.5,,1.48
1993-10-29,108.35,,1.4882
1993-11-01,108.28,,1.4807
1993-11-02,107.57,,1.4825
1993-11-03,107.3,,1.4805
1993-11-04,108.27,,1.4788
1993-11-05,108.2,,1.4865
1993-11-08,108.07,,1.4808
1993-11-09,108.26,,1.4682
1993-11-10,107.28,,1.4753
1993-11-11,,,
1993-11-12,106.3,,1.4818
1993-11-15,106.9,,1.4907
1993-11-16,106.73,,1.483
1993-11-17,107.0,,1.4765
1993-11-18,107.1,,1.4775
1993-11-19,108.3,,1.4712
1993-11-22,108.27,,1.4745
1993-11-23,108.45,,1.487
1993-11-24,108.15,,1.488
1993-11-25,,,
1993-11-26,108.75,,1.4795
1993-11-29,109.27,,1.488
1993-11-30,109.08,,1.4852
1993-12-01,108.7,,1.4805
1993-12-02,108.74,,1.4823
1993-12-03,108.46,,1.49
1993-12-06,108.23,,1.4985
1993-12-07,107.6,,1.4915
1993-12-08,108.62,,1.495
1993-12-09,108.75,,1.4945
1993-12-10,109.18,,1.4945
1993-12-13,108.98,,1.4903
1993-12-14,109.38,,1.4882
1993-12-15,109.66,,1.4831
1993-12-16,109.72,,1.4885
1993-12-17,110.1,,1.491
1993-12-20,110.55,,1.4855
1993-12-21,111.08,,1.4887
1993-12-22,110.57,,1.4945
1993-12-23,110.55,,1.5043
1993-12-24,110.95,,1.503
1993-12-27,111.53,,1.5035
1993-12-28,111.35,,1.5072
1993-12-29,111.6,,1.491
1993-12-30,112.0,,1.4763
1993-12-31,111.7,,1.4775
1994-01-03,112.5,,1.476
1994-01-04,112.75,,1.484
1994-01-05,113.1,,1.487
1994-01-06,112.75,,1.4855
1994-01-07,111.97,,1.49
1994-01-10,112.38,,1.4923
1994-01-11,112.35,,1.4905
1994-01-12,112.4,,1.5018
1994-01-13,111.92,,1.4957
1994-01-14,111.24,,1.4913
1994-01-17,,,
1994-01-18,110.75,,1.4965
1994-01-19,110.85,,1.491
1994-01-20,111.6,,1.5
1994-01-21,111.25,,1.4948
1994-01-24,111.8,,1.4905
1994-01-25,111.15,,1.493
1994-01-26,110.28,,1.494
1994-01-27,109.62,,1.493
1994-01-28,109.45,,1.4995
1994-01-31,108.72,,1.5005
1994-02-01,108.05,,1.503
1994-02-02,108.03,,1.4953
1994-02-03,108.18,,1.493
1994-02-04,108.98,,1.479
1994-02-07,108.56,,1.4825
1994-02-08,108.66,,1.4718
1994-02-09,107.89,,1.4615
1994-02-10,108.45,,1.4622
1994-02-11,107.67,,1.4648
1994-02-14,104.08,,1.4708
1994-02-15,103.95,,1.475
1994-02-16,103.8,,1.4755
1994-02-17,104.2,,1.477
1994-02-18,104.15,,1.4791
1994-02-21,,,
1994-02-22,105.27,,1.4784
1994-02-23,105.8,,1.4755
1994-02-24,105.15,,1.4847
1994-02-25,104.63,,1.4875
1994-02-28,104.22,,1.4875
1994-03-01,104.8,,1.4854
1994-03-02,103.7,,1.4944
1994-03-03,103.73,,1.4964
1994-03-04,105.6,,1.4895
1994-03-07,105.73,,1.492
1994-03-08,105.3,,1.4877
1994-03-09,105.88,,1.4915
1994-03-10,105.7,,1.5008
1994-03-11,105.05,,1.501
1994-03-14,106.0,,1.4943
1994-03-15,105.97,,1.4925
1994-03-16,105.85,,1.4927
1994-03-17,105.82,,1.4947
1994-03-18,106.05,,1.4925
1994-03-21,106.25,,1.4838
1994-03-22,106.0,,1.4865
1994-03-23,106.4,,1.4937
1994-03-24,105.52,,1.4948
1994-03-25,104.85,,1.4975
1994-03-28,104.12,,1.4965
1994-03-29,103.45,,1.485
1994-03-30,103.07,,1.4823
1994-03-31,102.4,,1.488
1994-04-01,103.75,,1.4735
1994-04-04,103.3,,1.468
1994-04-05,103.85,,1.4621
1994-04-06,104.45,,1.4686
1994-04-07,104.85,,1.4684
1994-04-08,105.02,,1.4763
1994-04-11,103.45,,1.4715
1994-04-12,103.62,,1.4745
1994-04-13,103.57,,1.477
1994-04-14,104.15,,1.4765
1994-04-15,103.6,,1.4729
1994-04-18,103.4,,1.4725
1994-04-19,103.23,,1.4775
1994-04-20,103.3,,1.4858
1994-04-21,103.65,,1.4948
1994-04-22,103.6,,1.488
1994-04-25,103.26,,1.4915
1994-04-26,102.95,,1.5037
1994-04-27,102.35,,1.5055
1994-04-28,101.77,,1.5075
1994-04-29,102.05,,1.5118
1994-05-02,101.79,,1.5187
1994-05-03,101.2,,1.513
1994-05-04,102.0,,1.4995
1994-05-05,102.7,,1.498
1994-05-06,102.72,,1.4935
1994-05-09,102.7,,1.4975
1994-05-10,104.0,,1.4905
1994-05-11,104.42,,1.4911
1994-05-12,104.23,,1.4995
1994-05-13,104.9,,1.4985
1994-05-16,104.8,,1.5025
1994-05-17,104.37,,1.5065
1994-05-18,103.55,,1.5085
1994-05-19,104.25,,1.508
1994-05-20,103.97,,1.5098
1994-05-23,104.33,,1.5055
1994-05-24,104.9,,1.5058
1994-05-25,104.5,,1.5095
1994-05-26,104.45,,1.5108
1994-05-27,104.3,,1.5095
1994-05-30,,,
1994-05-31,104.74,,1.512
1994-06-01,104.7,,1.5172
1994-06-02,104.98,,1.5082
1994-06-03,105.38,,1.5055
1994-06-06,105.25,,1.5083
1994-06-07,104.9,,1.508
1994-06-08,104.05,,1.5063
1994-06-09,104.45,,1.5067
1994-06-10,103.7,,1.5084
1994-06-13,103.0,,1.5202
1994-06-14,102.5,,1.5192
1994-06-15,102.78,,1.5194
1994-06-16,103.28,,1.52
1994-06-17,102.75,,1.5307
1994-06-20,101.9,,1.5385
1994-06-21,101.78,,1.5405
1994-06-22,101.17,,1.5315
1994-06-23,101.1,,1.5415
1994-06-24,100.5,,1.5519
1994-06-27,100.05,,1.5495
1994-06-28,100.03,,1.5512
1994-06-29,98.82,,1.5462
1994-06-30,98.51,,1.5483
1994-07-01,98.51,,1.539
1994-07-04,,,
1994-07-05,98.87,,1.5415
1994-07-06,98.23,,1.5505
1994-07-07,98.86,,1.5421
1994-07-08,98.1,,1.5445
1994-07-11,97.37,,1.5645
1994-07-12,96.81,,1.5725
1994-07-13,97.9,,1.5675
1994-07-14,98.4,,1.5615
1994-07-15,98.1,,1.5574
1994-07-18,98.51,,1.5622
1994-07-19,99.2,,1.5513
1994-07-20,98.55,,1.5493
1994-07-21,98.55,,1.5395
1994-07-22,98.55,,1.531
1994-07-25,98.95,,1.532
1994-07-26,98.03,,1.5244
1994-07-27,98.18,,1.5306
1994-07-28,99.18,,1.5317
1994-07-29,100.05,,1.5415
1994-08-01,99.35,,1.5368
1994-08-02,100.37,,1.5378
1994-08-03,100.42,,1.5395
1994-08-04,100.2,,1.5387
1994-08-05,100.37,,1.5425
1994-08-08,101.33,,1.5422
1994-08-09,101.2,,1.5385
1994-08-10,101.2,,1.5393
1994-08-11,100.85,,1.5395
1994-08-12,100.27,,1.545
1994-08-15,100.1,,1.5422
1994-08-16,100.31,,1.5427
1994-08-17,100.31,,1.54
1994-08-18,98.85,,1.545
1994-08-19,98.57,,1.549
1994-08-22,98.01,,1.551
1994-08-23,98.4,,1.5535
1994-08-24,98.62,,1.5535
1994-08-25,99.71,,1.5535
1994-08-26,100.4,,1.5355
1994-08-29,100.05,,1.534
1994-08-30,99.63,,1.535
1994-08-31,100.11,,1.5362
1994-09-01,99.63,,1.5445
1994-09-02,99.2,,1.5475
1994-09-05,,,
1994-09-06,98.77,,1.5487
1994-09-07,99.25,,1.5462
1994-09-08,99.48,,1.5436
1994-09-09,99.2,,1.5503
1994-09-12,99.0,,1.5696
1994-09-13,98.96,,1.5623
1994-09-14,99.05,,1.5673
1994-09-15,99.45,,1.563
1994-09-16,98.72,,1.584
1994-09-19,98.58,,1.566
1994-09-20,97.79,,1.5745
1994-09-21,97.92,,1.578
1994-09-22,98.05,,1.576
1994-09-23,97.7,,1.5813
1994-09-26,98.65,,1.5745
1994-09-27,98.37,,1.5775
1994-09-28,98.77,,1.576
1994-09-29,98.67,,1.58
1994-09-30,99.05,,1.577
1994-10-03,99.5,,1.5785
1994-10-04,99.65,,1.5783
1994-10-05,99.47,,1.586
1994-10-06,99.65,,1.5875
1994-10-07,100.37,,1.5865
1994-10-10,,,
1994-10-11,100.5,,1.578
1994-10-12,99.95,,1.581
1994-10-13,99.75,,1.5815
1994-10-14,98.43,,1.591
1994-10-17,97.68,,1.61
1994-10-18,97.79,,1.6135
1994-10-19,97.3,,1.618
1994-10-20,97.2,,1.6215
1994-10-21,97.37,,1.6255
1994-10-24,97.2,,1.6275
1994-10-25,96.95,,1.6365
1994-10-26,97.05,,1.632
1994-10-27,96.95,,1.6368
1994-10-28,97.4,,1.623
1994-10-31,96.9,,1.635
1994-11-01,96.77,,1.632
1994-11-02,97.0,,1.6345
1994-11-03,98.2,,1.6125
1994-11-04,97.65,,1.6105
1994-11-07,97.24,,1.616
1994-11-08,96.93,,1.621
1994-11-09,97.78,,1.605
1994-11-10,97.92,,1.5992
1994-11-11,,,
1994-11-14,98.07,,1.588
1994-11-15,98.28,,1.584
1994-11-16,98.37,,1.5715
1994-11-17,98.1,,1.577
1994-11-18,98.5,,1.568
1994-11-21,98.41,,1.566
1994-11-22,98.19,,1.5695
1994-11-23,98.27,,1.5725
1994-11-24,,,
1994-11-25,98.75,,1.563
1994-11-28,98.59,,1.563
1994-11-29,98.95,,1.5643
1994-11-30,98.91,,1.567
1994-12-01,99.4,,1.5652
1994-12-02,100.39,,1.5602
1994-12-05,100.32,,1.559
1994-12-06,100.35,,1.561
1994-12-07,100.13,,1.5641
1994-12-08,100.41,,1.5632
1994-12-09,100.22,,1.5602
1994-12-12,100.04,,1.5637
1994-12-13,100.32,,1.5605
1994-12-14,100.3,,1.5612
1994-12-15,100.26,,1.563
1994-12-16,100.28,,1.563
1994-12-19,100.15,,1.5622
1994-12-20,100.32,,1.56
1994-12-21,100.23,,1.5595
1994-12-22,100.45,,1.5462
1994-12-23,100.22,,1.5445
1994-12-26,,,
1994-12-27,100.46,,1.545
1994-12-28,100.33,,1.5435
1994-12-29,99.65,,1.5602
1994-12-30,99.6,,1.5665
1995-01-02,,,
1995-01-03,100.52,,1.5624
1995-01-04,101.4,,1.5605
1995-01-05,100.97,,1.5635
1995-01-06,101.37,,1.5518
1995-01-09,100.33,,1.5573
1995-01-10,100.4,,1.5585
1995-01-11,99.9,,1.5592
1995-01-12,98.8,,1.5715
1995-01-13,98.77,,1.567
1995-01-16,,,
1995-01-17,99.0,,1.568
1995-01-18,99.55,,1.5707
1995-01-19,99.43,,1.575
1995-01-20,99.4,,1.5877
1995-01-23,99.75,,1.5955
1995-01-24,99.64,,1.596
1995-01-25,99.6,,1.5932
1995-01-26,99.31,,1.5908
1995-01-27,99.35,,1.5885
1995-01-30,98.4,,1.5935
1995-01-31,99.43,,1.5815
1995-02-01,99.4,,1.5805
1995-02-02,99.5,,1.583
1995-02-03,99.75,,1.5643
1995-02-06,99.3,,1.56
1995-02-07,99.42,,1.557
1995-02-08,98.98,,1.5523
1995-02-09,98.85,,1.5565
1995-02-10,98.86,,1.5627
1995-02-13,98.66,,1.5635
1995-02-14,98.65,,1.5575
1995-02-15,98.52,,1.5605
1995-02-16,97.55,,1.5775
1995-02-17,97.48,,1.5765
1995-02-20,,,
1995-02-21,97.3,,1.5815
1995-02-22,97.03,,1.586
1995-02-23,96.8,,1.593
1995-02-24,97.1,,1.5885
1995-02-27,96.75,,1.5835
1995-02-28,96.6,,1.584
1995-03-01,96.75,,1.5843
1995-03-02,95.81,,1.591
1995-03-03,94.4,,1.621
1995-03-06,92.6,,1.633
1995-03-07,90.85,,1.644
1995-03-08,91.27,,1.619
1995-03-09,90.57,,1.6152
1995-03-10,91.23,,1.5802
1995-03-13,90.5,,1.5968
1995-03-14,90.97,,1.5855
1995-03-15,89.4,,1.603
1995-03-16,90.3,,1.586
1995-03-17,89.19,,1.582
1995-03-20,89.42,,1.5805
1995-03-21,89.38,,1.5855
1995-03-22,88.92,,1.586
1995-03-23,88.31,,1.5923
1995-03-24,89.1,,1.588
1995-03-27,89.07,,1.5955
1995-03-28,89.22,,1.61
1995-03-29,88.31,,1.608
1995-03-30,89.53,,1.5985
1995-03-31,86.85,,1.619
1995-04-03,86.25,,1.616
1995-04-04,86.36,,1.6015
1995-04-05,86.25,,1.6065
1995-04-06,85.47,,1.6058
1995-04-07,84.32,,1.6015
1995-04-10,83.1,,1.594
1995-04-11,83.8,,1.5945
1995-04-12,84.0,,1.59
1995-04-13,83.59,,1.6068
1995-04-14,83.35,,1.602
1995-04-17,82.1,,1.6195
1995-04-18,81.4,,1.614
1995-04-19,81.12,,1.616
1995-04-20,82.95,,1.6127
1995-04-21,82.92,,1.61
1995-04-24,83.26,,1.6055
1995-04-25,81.95,,1.6135
1995-04-26,83.98,,1.6105
1995-04-27,83.58,,1.6162
1995-04-28,84.04,,1.6091
1995-05-01,83.53,,1.618
1995-05-02,83.69,,1.6125
1995-05-03,83.45,,1.6172
1995-05-04,83.62,,1.6185
1995-05-05,84.03,,1.599
1995-05-08,83.0,,1.608
1995-05-09,82.95,,1.5885
1995-05-10,83.87,,1.5815
1995-05-11,85.8,,1.5576
1995-05-12,87.0,,1.571
1995-05-15,86.86,,1.5652
1995-05-16,86.2,,1.569
1995-05-17,86.73,,1.5685
1995-05-18,87.43,,1.5625
1995-05-19,86.77,,1.5735
1995-05-22,87.47,,1.575
1995-05-23,87.38,,1.566
1995-05-24,87.15,,1.5755
1995-05-25,85.05,,1.6037
1995-05-26,82.85,,1.604
1995-05-29,,,
1995-05-30,83.0,,1.601
1995-05-31,84.65,,1.5865
1995-06-01,84.95,,1.5945
1995-06-02,84.9,,1.586
1995-06-05,84.63,,1.5955
1995-06-06,85.1,,1.59
1995-06-07,84.24,,1.5942
1995-06-08,84.9,,1.592
1995-06-09,84.4,,1.5945
1995-06-12,83.92,,1.595
1995-06-13,84.33,,1.5955
1995-06-14,84.4,,1.6085
1995-06-15,84.82,,1.5955
1995-06-16,84.66,,1.607
1995-06-19,84.95,,1.5995
1995-06-20,84.65,,1.603
1995-06-21,84.38,,1.6049
1995-06-22,84.65,,1.5998
1995-06-23,84.5,,1.6045
1995-06-26,84.34,,1.5855
1995-06-27,84.08,,1.5845
1995-06-28,85.7,,1.574
1995-06-29,84.7,,1.5915
1995-06-30,84.78,,1.5905
1995-07-03,84.8,,1.5972
1995-07-04,,,
1995-07-05,84.94,,1.595
1995-07-06,85.18,,1.5985
1995-07-07,86.77,,1.5945
1995-07-10,87.09,,1.5905
1995-07-11,87.45,,1.588
1995-07-12,87.51,,1.5915
1995-07-13,87.4,,1.6005
1995-07-14,87.89,,1.5945
1995-07-17,88.65,,1.5945
1995-07-18,88.35,,1.5962
1995-07-19,87.75,,1.5955
1995-07-20,87.76,,1.597
1995-07-21,88.55,,1.594
1995-07-24,87.55,,1.5976
1995-07-25,87.88,,1.5879
1995-07-26,87.95,,1.5956
1995-07-27,87.95,,1.5964
1995-07-28,88.18,,1.6003
1995-07-31,88.34,,1.598
1995-08-01,88.43,,1.5992
1995-08-02,90.82,,1.5995
1995-08-03,90.45,,1.6068
1995-08-04,91.25,,1.6073
1995-08-07,91.3,,1.6018
1995-08-08,91.77,,1.601
1995-08-09,91.57,,1.6002
1995-08-10,92.83,,1.5888
1995-08-11,93.77,,1.5776
1995-08-14,93.61,,1.574
1995-08-15,96.68,,1.5553
1995-08-16,97.8,,1.5515
1995-08-17,97.85,,1.5345
1995-08-18,96.95,,1.543
1995-08-21,96.55,,1.5405
1995-08-22,96.73,,1.5355
1995-08-23,96.5,,1.5415
1995-08-24,96.55,,1.5432
1995-08-25,96.64,,1.5418
1995-08-28,96.6,,1.5525
1995-08-29,97.63,,1.5453
1995-08-30,98.95,,1.544
1995-08-31,97.75,,1.5515
1995-09-01,97.49,,1.5533
1995-09-04,,,
1995-09-05,97.77,,1.5565
1995-09-06,98.79,,1.5501
1995-09-07,98.58,,1.55
1995-09-08,99.75,,1.5482
1995-09-11,99.78,,1.5483
1995-09-12,100.87,,1.5545
1995-09-13,102.5,,1.548
1995-09-14,102.55,,1.5505
1995-09-15,103.52,,1.552
1995-09-18,103.55,,1.546
1995-09-19,104.2,,1.546
1995-09-20,103.25,,1.5525
1995-09-21,100.1,,1.5695
1995-09-22,98.5,,1.5795
1995-09-25,99.88,,1.5715
1995-09-26,100.83,,1.5708
1995-09-27,100.17,,1.5722
1995-09-28,99.73,,1.5805
1995-09-29,99.1,,1.5795
1995-10-02,100.72,,1.5909
1995-10-03,101.65,,1.5808
1995-10-04,100.73,,1.5837
1995-10-05,100.25,,1.584
1995-10-06,100.85,,1.5812
1995-10-09,,,
1995-10-10,100.64,,1.5778
1995-10-11,100.9,,1.573
1995-10-12,100.28,,1.5735
1995-10-13,100.8,,1.5725
1995-10-16,100.45,,1.575
1995-10-17,100.33,,1.574
1995-10-18,100.62,,1.5695
1995-10-19,100.59,,1.5725
1995-10-20,100.25,,1.5759
1995-10-23,99.7,,1.58
1995-10-24,100.17,,1.581
1995-10-25,101.27,,1.5795
1995-10-26,101.8,,1.574
1995-10-27,101.71,,1.5795
1995-10-30,101.65,,1.5775
1995-10-31,102.26,,1.5807
1995-11-01,103.07,,1.5778
1995-11-02,103.59,,1.5813
1995-11-03,103.88,,1.5805
1995-11-06,103.2,,1.5793
1995-11-07,103.18,,1.5778
1995-11-08,102.5,,1.5805
1995-11-09,100.75,,1.5794
1995-11-10,100.95,,1.5753
1995-11-13,101.7,,1.5555
1995-11-14,101.68,,1.5605
1995-11-15,100.9,,1.558
1995-11-16,102.15,,1.5558
1995-11-17,102.03,,1.5505
1995-11-20,101.35,,1.5495
1995-11-21,101.63,,1.5583
1995-11-22,100.5,,1.565
1995-11-23,,,
1995-11-24,101.5,,1.56
1995-11-27,101.8,,1.5505
1995-11-28,101.12,,1.548
1995-11-29,101.46,,1.5383
1995-11-30,101.8,,1.5302
1995-12-01,101.2,,1.536
1995-12-04,101.05,,1.536
1995-12-05,101.42,,1.541
1995-12-06,101.37,,1.5422
1995-12-07,101.4,,1.5353
1995-12-08,100.95,,1.5329
1995-12-11,101.07,,1.5348
1995-12-12,101.85,,1.5313
1995-12-13,101.75,,1.5325
1995-12-14,101.5,,1.541
1995-12-15,102.14,,1.5395
1995-12-18,101.7,,1.539
1995-12-19,101.85,,1.542
1995-12-20,102.0,,1.5373
1995-12-21,101.81,,1.5388
1995-12-22,102.6,,1.5425
1995-12-25,,,
1995-12-26,102.38,,1.5555
1995-12-27,102.8,,1.56
1995-12-28,102.87,,1.539
1995-12-29,103.28,,1.5535
1996-01-01,,,
1996-01-02,103.92,,1.5565
1996-01-03,104.35,,1.5517
1996-01-04,106.41,,1.5463
1996-01-05,105.13,,1.552
1996-01-08,105.8,,1.5495
1996-01-09,104.9,,1.5475
1996-01-10,105.28,,1.5456
1996-01-11,104.8,,1.5445
1996-01-12,105.07,,1.5487
1996-01-15,,,
1996-01-16,105.88,,1.538
1996-01-17,105.38,,1.5255
1996-01-18,105.44,,1.5228
1996-01-19,105.4,,1.5093
1996-01-22,105.76,,1.5135
1996-01-23,105.8,,1.5135
1996-01-24,106.92,,1.5092
1996-01-25,106.9,,1.5075
1996-01-26,106.6,,1.503
1996-01-29,106.8,,1.5063
1996-01-30,107.29,,1.5037
1996-01-31,106.95,,1.5096
1996-02-01,107.08,,1.5132
1996-02-02,106.7,,1.519
1996-02-05,105.02,,1.5352
1996-02-06,105.54,,1.5402
1996-02-07,106.2,,1.5365
1996-02-08,106.9,,1.5374
1996-02-09,107.1,,1.5318
1996-02-12,106.67,,1.5308
1996-02-13,106.93,,1.534
1996-02-14,106.77,,1.5371
1996-02-15,106.18,,1.5385
1996-02-16,105.35,,1.5487
1996-02-19,,,
1996-02-20,106.1,,1.5445
1996-02-21,105.25,,1.5425
1996-02-22,104.95,,1.5435
1996-02-23,104.73,,1.541
1996-02-26,104.33,,1.54
1996-02-27,104.37,,1.5398
1996-02-28,104.47,,1.5335
1996-02-29,105.12,,1.532
1996-03-01,105.7,,1.5273
1996-03-04,105.05,,1.5284
1996-03-05,105.1,,1.529
1996-03-06,105.37,,1.529
1996-03-07,105.25,,1.53
1996-03-08,105.94,,1.524
1996-03-11,105.35,,1.5238
1996-03-12,105.54,,1.5213
1996-03-13,105.29,,1.5225
1996-03-14,105.48,,1.5231
1996-03-15,105.87,,1.525
1996-03-18,106.02,,1.53
1996-03-19,106.26,,1.5327
1996-03-20,106.44,,1.5376
1996-03-21,106.72,,1.536
1996-03-22,106.8,,1.5334
1996-03-25,106.19,,1.523
1996-03-26,106.39,,1.524
1996-03-27,106.64,,1.5181
1996-03-28,106.34,,1.5239
1996-03-29,107.0,,1.5262
1996-04-01,107.53,,1.5244
1996-04-02,107.48,,1.5248
1996-04-03,106.94,,1.526
1996-04-04,107.09,,1.5295
1996-04-05,107.67,,1.5287
1996-04-08,107.42,,1.531
1996-04-09,108.18,,1.5243
1996-04-10,108.56,,1.5115
1996-04-11,108.52,,1.5125
1996-04-12,108.67,,1.5123
1996-04-15,108.36,,1.5085
1996-04-16,108.28,,1.5071
1996-04-17,108.27,,1.507
1996-04-18,107.1,,1.51
1996-04-19,107.1,,1.5168
1996-04-22,106.7,,1.5112
1996-04-23,106.59,,1.5161
1996-04-24,106.77,,1.5138
1996-04-25,106.47,,1.5127
1996-04-26,105.54,,1.5103
1996-04-29,104.52,,1.5094
1996-04-30,104.63,,1.505
1996-05-01,105.08,,1.4948
1996-05-02,104.49,,1.503
1996-05-03,104.83,,1.5042
1996-05-06,104.93,,1.5072
1996-05-07,104.97,,1.5125
1996-05-08,105.15,,1.5215
1996-05-09,104.8,,1.522
1996-05-10,105.5,,1.5223
1996-05-13,104.96,,1.5145
1996-05-14,105.8,,1.5149
1996-05-15,106.85,,1.513
1996-05-16,106.67,,1.5133
1996-05-17,106.53,,1.515
1996-05-20,107.14,,1.513
1996-05-21,107.0,,1.5115
1996-05-22,107.04,,1.5103
1996-05-23,106.78,,1.5134
1996-05-24,107.9,,1.511
1996-05-27,,,
1996-05-28,108.7,,1.5127
1996-05-29,108.77,,1.5211
1996-05-30,107.65,,1.5345
1996-05-31,107.99,,1.5495
1996-06-03,108.37,,1.5515
1996-06-04,109.2,,1.5485
1996-06-05,108.84,,1.5474
1996-06-06,109.26,,1.5405
1996-06-07,109.23,,1.541
1996-06-10,109.07,,1.5322
1996-06-11,109.5,,1.5355
1996-06-12,109.47,,1.5345
1996-06-13,108.85,,1.532
1996-06-14,108.87,,1.5358
1996-06-17,108.85,,1.545
1996-06-18,108.04,,1.5435
1996-06-19,108.05,,1.5433
1996-06-20,108.1,,1.5418
1996-06-21,109.1,,1.5383
1996-06-24,108.94,,1.54
1996-06-25,109.03,,1.5405
1996-06-26,109.5,,1.5414
1996-06-27,109.45,,1.5462
1996-06-28,109.48,,1.5529
1996-07-01,109.56,,1.5545
1996-07-02,110.1,,1.5583
1996-07-03,110.31,,1.5587
1996-07-04,,,
1996-07-05,110.95,,1.5522
1996-07-08,110.94,,1.553
1996-07-09,110.28,,1.5495
1996-07-10,110.18,,1.5504
1996-07-11,110.18,,1.5555
1996-07-12,110.69,,1.5525
1996-07-15,110.45,,1.55
1996-07-16,109.15,,1.5585
1996-07-17,108.62,,1.5432
1996-07-18,107.93,,1.5479
1996-07-19,108.22,,1.5466
1996-07-22,107.5,,1.5512
1996-07-23,108.09,,1.5515
1996-07-24,108.29,,1.5525
1996-07-25,108.38,,1.5572
1996-07-26,108.33,,1.5545
1996-07-29,109.2,,1.557
1996-07-30,108.08,,1.5558
1996-07-31,106.77,,1.5556
1996-08-01,106.75,,1.5572
1996-08-02,107.05,,1.5418
1996-08-05,106.64,,1.5442
1996-08-06,106.92,,1.5375
1996-08-07,107.95,,1.5418
1996-08-08,108.14,,1.5497
1996-08-09,108.12,,1.549
1996-08-12,107.72,,1.5505
1996-08-13,107.59,,1.5499
1996-08-14,107.94,,1.5483
1996-08-15,108.01,,1.5504
1996-08-16,107.96,,1.5468
1996-08-19,107.87,,1.5444
1996-08-20,108.3,,1.5473
1996-08-21,108.34,,1.5497
1996-08-22,108.23,,1.5508
1996-08-23,108.4,,1.553
1996-08-26,107.7,,1.5553
1996-08-27,107.78,,1.553
1996-08-28,108.44,,1.5593
1996-08-29,108.5,,1.5563
1996-08-30,108.7,,1.5612
1996-09-02,,,
1996-09-03,109.28,,1.5671
1996-09-04,108.85,,1.567
1996-09-05,109.09,,1.5667
1996-09-06,109.37,,1.5607
1996-09-09,109.19,,1.5582
1996-09-10,109.84,,1.5569
1996-09-11,110.25,,1.555
1996-09-12,110.3,,1.5538
1996-09-13,110.44,,1.5544
1996-09-16,110.15,,1.5566
1996-09-17,110.39,,1.5545
1996-09-18,109.21,,1.5602
1996-09-19,109.38,,1.5515
1996-09-20,109.87,,1.5555
1996-09-23,109.86,,1.5568
1996-09-24,109.82,,1.558
1996-09-25,110.38,,1.5633
1996-09-26,110.45,,1.5613
1996-09-27,110.85,,1.563
1996-09-30,111.65,,1.5653
1996-10-01,111.37,,1.564
1996-10-02,111.66,,1.5685
1996-10-03,111.48,,1.5661
1996-10-04,111.63,,1.5623
1996-10-07,111.27,,1.5635
1996-10-08,111.31,,1.5631
1996-10-09,111.47,,1.5642
1996-10-10,111.28,,1.5651
1996-10-11,111.66,,1.5755
1996-10-14,,,
1996-10-15,112.28,,1.5823
1996-10-16,112.14,,1.5835
1996-10-17,112.22,,1.5863
1996-10-18,112.54,,1.5903
1996-10-21,112.76,,1.5916
1996-10-22,112.86,,1.5953
1996-10-23,112.97,,1.5968
1996-10-24,112.85,,1.5918
1996-10-25,113.33,,1.6062
1996-10-28,114.12,,1.6122
1996-10-29,114.11,,1.6099
1996-10-30,113.97,,1.6326
1996-10-31,113.79,,1.6278
1996-11-01,113.28,,1.6358
1996-11-04,113.97,,1.6435
1996-11-05,114.22,,1.645
1996-11-06,113.98,,1.64
1996-11-07,111.54,,1.6475
1996-11-08,111.63,,1.647
1996-11-11,,,
1996-11-12,111.5,,1.647
1996-11-13,111.41,,1.655
1996-11-14,111.29,,1.6653
1996-11-15,111.3,,1.6646
1996-11-18,111.31,,1.67
1996-11-19,111.55,,1.676
1996-11-20,111.25,,1.678
1996-11-21,111.42,,1.6887
1996-11-22,111.41,,1.68
1996-11-25,112.69,,1.6695
1996-11-26,112.66,,1.673
1996-11-27,113.33,,1.676
1996-11-28,,,
1996-11-29,113.88,,1.682
1996-12-02,113.8,,1.684
1996-12-03,113.59,,1.642
1996-12-04,113.13,,1.6387
1996-12-05,112.35,,1.6268
1996-12-06,112.84,,1.6415
1996-12-09,113.27,,1.6475
1996-12-10,113.28,,1.6505
1996-12-11,112.9,,1.658
1996-12-12,113.55,,1.657
1996-12-13,113.8,,1.6603
1996-12-16,114.24,,1.6622
1996-12-17,113.63,,1.672
1996-12-18,113.65,,1.6722
1996-12-19,114.0,,1.6525
1996-12-20,114.25,,1.667
1996-12-23,114.12,,1.6715
1996-12-24,114.5,,1.6715
1996-12-25,,,
1996-12-26,114.92,,1.6726
1996-12-27,116.13,,1.6917
1996-12-30,115.88,,1.6908
1996-12-31,115.77,,1.7123
1997-01-01,,,
1997-01-02,115.49,,1.687
1997-01-03,116.33,,1.69
1997-01-06,115.8,,1.685
1997-01-07,115.34,,1.695
1997-01-08,115.86,,1.6871
1997-01-09,116.19,,1.6945
1997-01-10,116.1,,1.6814
1997-01-13,116.41,,1.6713
1997-01-14,116.9,,1.6695
1997-01-15,117.24,,1.6785
1997-01-16,116.54,,1.6762
1997-01-17,117.11,,1.6602
1997-01-20,,,
1997-01-21,117.8,,1.6632
1997-01-22,118.92,,1.6534
1997-01-23,119.65,,1.6285
1997-01-24,119.06,,1.6283
1997-01-27,119.45,,1.624
1997-01-28,121.19,,1.6155
1997-01-29,121.98,,1.6207
1997-01-30,121.55,,1.6183
1997-01-31,121.25,,1.6012
1997-02-03,121.68,,1.6135
1997-02-04,122.34,,1.6207
1997-02-05,123.59,,1.638
1997-02-06,123.82,,1.6355
1997-02-07,124.54,,1.6228
1997-02-10,122.74,,1.639
1997-02-11,123.17,,1.644
1997-02-12,124.02,,1.6338
1997-02-13,124.35,,1.623
1997-02-14,124.06,,1.6207
1997-02-17,,,
1997-02-18,123.92,,1.6022
1997-02-19,124.3,,1.6138
1997-02-20,122.83,,1.6107
1997-02-21,123.28,,1.6155
1997-02-24,122.18,,1.6333
1997-02-25,121.93,,1.6323
1997-02-26,121.9,,1.633
1997-02-27,120.8,,1.6265
1997-02-28,120.83,,1.6287
1997-03-03,121.15,,1.6175
1997-03-04,121.95,,1.6155
1997-03-05,121.5,,1.6117
1997-03-06,121.28,,1.6131
1997-03-07,121.88,,1.6032
1997-03-10,121.7,,1.6005
1997-03-11,121.77,,1.6058
1997-03-12,122.68,,1.5932
1997-03-13,123.24,,1.5965
1997-03-14,123.46,,1.6022
1997-03-17,123.65,,1.59
1997-03-18,122.45,,1.589
1997-03-19,122.8,,1.5968
1997-03-20,123.59,,1.5948
1997-03-21,122.82,,1.6015
1997-03-24,122.93,,1.6171
1997-03-25,123.9,,1.6172
1997-03-26,124.23,,1.6276
1997-03-27,123.65,,1.6312
1997-03-28,123.9,,1.6315
1997-03-31,123.72,,1.6448
1997-04-01,122.7,,1.6485
1997-04-02,122.72,,1.6425
1997-04-03,122.8,,1.646
1997-04-04,124.27,,1.6389
1997-04-07,125.67,,1.6277
1997-04-08,126.08,,1.6233
1997-04-09,126.86,,1.622
1997-04-10,125.95,,1.623
1997-04-11,126.04,,1.6245
1997-04-14,126.48,,1.6225
1997-04-15,126.35,,1.6255
1997-04-16,125.75,,1.6225
1997-04-17,126.05,,1.631
1997-04-18,125.88,,1.6315
1997-04-21,125.66,,1.6353
1997-04-22,126.25,,1.6362
1997-04-23,126.16,,1.6213
1997-04-24,125.96,,1.625
1997-04-25,125.88,,1.6235
1997-04-28,126.68,,1.6232
1997-04-29,126.81,,1.6312
1997-04-30,127.03,,1.62
1997-05-01,126.64,,1.6238
1997-05-02,126.57,,1.6215
1997-05-05,126.7,,1.62
1997-05-06,125.45,,1.6375
1997-05-07,125.09,,1.6364
1997-05-08,123.85,,1.62
1997-05-09,120.73,,1.621
1997-05-12,118.95,,1.6235
1997-05-13,118.75,,1.6319
1997-05-14,118.33,,1.64
1997-05-15,116.28,,1.6385
1997-05-16,115.43,,1.6335
1997-05-19,116.05,,1.638
1997-05-20,113.8,,1.6438
1997-05-21,114.08,,1.6465
1997-05-22,115.96,,1.6235
1997-05-23,115.8,,1.6324
1997-05-26,,,
1997-05-27,116.45,,1.629
1997-05-28,115.52,,1.6382
1997-05-29,116.21,,1.6405
1997-05-30,116.4,,1.636
1997-06-02,116.74,,1.6343
1997-06-03,116.15,,1.6342
1997-06-04,116.3,,1.6272
1997-06-05,115.67,,1.6328
1997-06-06,115.4,,1.628
1997-06-09,112.63,,1.6355
1997-06-10,112.6,,1.6382
1997-06-11,111.42,,1.637
1997-06-12,113.98,,1.6352
1997-06-13,113.5,,1.637
1997-06-16,113.49,,1.6357
1997-06-17,113.35,,1.6385
1997-06-18,113.5,,1.6384
1997-06-19,114.09,,1.648
1997-06-20,114.62,,1.6537
1997-06-23,115.3,,1.6688
1997-06-24,114.8,,1.6643
1997-06-25,113.95,,1.6625
1997-06-26,113.23,,1.666
1997-06-27,114.67,,1.662
1997-06-30,114.61,,1.665
1997-07-01,114.93,,1.6574
1997-07-02,114.52,,1.667
1997-07-03,113.46,,1.6885
1997-07-04,,,
1997-07-07,112.6,,1.687
1997-07-08,112.76,,1.6885
1997-07-09,112.97,,1.684
1997-07-10,113.08,,1.6881
1997-07-11,113.88,,1.6935
1997-07-14,113.76,,1.6882
1997-07-15,115.87,,1.6765
1997-07-16,116.28,,1.6745
1997-07-17,116.13,,1.675
1997-07-18,115.46,,1.6761
1997-07-21,115.88,,1.6776
1997-07-22,115.68,,1.6744
1997-07-23,115.85,,1.6779
1997-07-24,115.95,,1.6729
1997-07-25,116.75,,1.6628
1997-07-28,117.76,,1.6292
1997-07-29,118.0,,1.6275
1997-07-30,118.33,,1.621
1997-07-31,118.37,,1.6388
1997-08-01,118.47,,1.6348
1997-08-04,118.34,,1.6283
1997-08-05,119.26,,1.625
1997-08-06,118.65,,1.6008
1997-08-07,118.4,,1.5875
1997-08-08,115.3,,1.585
1997-08-11,115.85,,1.5902
1997-08-12,116.21,,1.5775
1997-08-13,115.78,,1.5825
1997-08-14,117.75,,1.5865
1997-08-15,117.8,,1.609
1997-08-18,117.81,,1.6088
1997-08-19,118.45,,1.6035
1997-08-20,118.08,,1.5923
1997-08-21,117.78,,1.5905
1997-08-22,117.26,,1.6081
1997-08-25,118.73,,1.6052
1997-08-26,118.32,,1.6121
1997-08-27,118.88,,1.6103
1997-08-28,118.75,,1.6158
1997-08-29,120.65,,1.6203
1997-09-01,,,
1997-09-02,121.55,,1.5897
1997-09-03,121.03,,1.5846
1997-09-04,120.72,,1.5855
1997-09-05,121.09,,1.592
1997-09-08,121.02,,1.5827
1997-09-09,119.05,,1.5882
1997-09-10,119.26,,1.589
1997-09-11,119.58,,1.5968
1997-09-12,120.93,,1.6085
1997-09-15,120.4,,1.6042
1997-09-16,121.1,,1.5941
1997-09-17,120.99,,1.5985
1997-09-18,121.98,,1.6137
1997-09-19,121.93,,1.6112
1997-09-22,122.25,,1.6025
1997-09-23,121.53,,1.6115
1997-09-24,120.4,,1.6103
1997-09-25,121.3,,1.6279
1997-09-26,120.87,,1.61
1997-09-29,121.0,,1.6142
1997-09-30,120.71,,1.6117
1997-10-01,120.8,,1.6145
1997-10-02,121.8,,1.6135
1997-10-03,121.93,,1.613
1997-10-06,121.93,,1.613
1997-10-07,122.01,,1.6195
1997-10-08,121.09,,1.6208
1997-10-09,121.18,,1.6245
1997-10-10,120.13,,1.6207
1997-10-13,,,
1997-10-14,121.75,,1.6197
1997-10-15,121.31,,1.6235
1997-10-16,119.87,,1.6187
1997-10-17,120.19,,1.6145
1997-10-20,121.4,,1.6297
1997-10-21,120.66,,1.6338
1997-10-22,120.71,,1.6338
1997-10-23,121.67,,1.6317
1997-10-24,121.73,,1.6347
1997-10-27,121.87,,1.6548
1997-10-28,119.7,,1.6756
1997-10-29,120.53,,1.6721
1997-10-30,120.68,,1.6655
1997-10-31,120.39,,1.6786
1997-11-03,121.04,,1.6763
1997-11-04,121.83,,1.6832
1997-11-05,122.56,,1.6775
1997-11-06,123.16,,1.692
1997-11-07,123.97,,1.6905
1997-11-10,124.15,,1.6893
1997-11-11,,,
1997-11-12,126.1,,1.7035
1997-11-13,125.93,,1.701
1997-11-14,126.78,,1.6931
1997-11-17,125.85,,1.6931
1997-11-18,125.85,,1.6955
1997-11-19,127.22,,1.6911
1997-11-20,126.81,,1.6925
1997-11-21,125.85,,1.6892
1997-11-24,127.07,,1.69
1997-11-25,127.45,,1.6805
1997-11-26,127.51,,1.6735
1997-11-27,,,
1997-11-28,127.74,,1.6885
1997-12-01,129.15,,1.6825
1997-12-02,128.77,,1.6817
1997-12-03,128.72,,1.684
1997-12-04,129.4,,1.6705
1997-12-05,130.2,,1.6585
1997-12-08,130.5,,1.6472
1997-12-09,129.8,,1.6528
1997-12-10,129.09,,1.6495
1997-12-11,129.92,,1.6552
1997-12-12,130.73,,1.6501
1997-12-15,131.08,,1.6333
1997-12-16,130.87,,1.6326
1997-12-17,127.0,,1.6507
1997-12-18,128.53,,1.6635
1997-12-19,129.1,,1.6684
1997-12-22,130.38,,1.6617
1997-12-23,130.0,,1.668
1997-12-24,130.06,,1.6675
1997-12-25,,,
1997-12-26,130.3,,1.6695
1997-12-29,130.05,,1.6683
1997-12-30,130.05,,1.6552
1997-12-31,130.45,,1.6427
1998-01-01,,,
1998-01-02,132.4,,1.6417
1998-01-05,133.99,,1.633
1998-01-06,133.88,,1.6335
1998-01-07,131.7,,1.6253
1998-01-08,132.49,,1.6114
1998-01-09,131.52,,1.6165
1998-01-12,132.83,,1.6221
1998-01-13,131.72,,1.6345
1998-01-14,131.43,,1.6301
1998-01-15,130.41,,1.63
1998-01-16,128.88,,1.6337
1998-01-19,,,
1998-01-20,128.8,,1.6271
1998-01-21,127.5,,1.6264
1998-01-22,127.22,,1.6498
1998-01-23,125.78,,1.6687
1998-01-26,126.64,,1.6525
1998-01-27,126.02,,1.6474
1998-01-28,125.26,,1.643
1998-01-29,125.38,,1.64
1998-01-30,127.1,,1.6325
1998-02-02,126.65,,1.638
1998-02-03,126.02,,1.6423
1998-02-04,123.78,,1.658
1998-02-05,123.31,,1.6545
1998-02-06,124.26,,1.6475
1998-02-09,124.28,,1.6338
1998-02-10,123.47,,1.623
1998-02-11,123.53,,1.6324
1998-02-12,123.78,,1.6379
1998-02-13,125.37,,1.6345
1998-02-16,,,
1998-02-17,126.87,,1.6312
1998-02-18,126.35,,1.6395
1998-02-19,126.25,,1.6355
1998-02-20,127.73,,1.6363
1998-02-23,128.92,,1.647
1998-02-24,128.15,,1.6455
1998-02-25,128.62,,1.6484
1998-02-26,127.72,,1.6448
1998-02-27,126.12,,1.6453
1998-03-02,125.38,,1.6472
1998-03-03,126.05,,1.6525
1998-03-04,126.79,,1.646
1998-03-05,127.61,,1.645
1998-03-06,128.42,,1.6325
1998-03-09,127.78,,1.6364
1998-03-10,127.63,,1.6381
1998-03-11,129.3,,1.6467
1998-03-12,129.25,,1.6561
1998-03-13,128.23,,1.6658
1998-03-16,129.4,,1.6682
1998-03-17,129.41,,1.6743
1998-03-18,130.17,,1.6711
1998-03-19,130.43,,1.6678
1998-03-20,130.34,,1.6643
1998-03-23,130.28,,1.679
1998-03-24,130.25,,1.6751
1998-03-25,128.76,,1.6739
1998-03-26,128.71,,1.686
1998-03-27,130.17,,1.6825
1998-03-30,132.16,,1.6775
1998-03-31,133.29,,1.6765
1998-04-01,133.76,,1.674
1998-04-02,133.5,,1.6665
1998-04-03,135.05,,1.6575
1998-04-06,134.71,,1.6635
1998-04-07,133.68,,1.6658
1998-04-08,132.64,,1.6683
1998-04-09,130.21,,1.6725
1998-04-10,128.96,,1.6718
1998-04-13,129.52,,1.6668
1998-04-14,129.35,,1.684
1998-04-15,129.45,,1.683
1998-04-16,131.78,,1.691
1998-04-17,131.85,,1.684
1998-04-20,132.23,,1.6757
1998-04-21,131.33,,1.6762
1998-04-22,130.77,,1.6718
1998-04-23,130.19,,1.6665
1998-04-24,130.9,,1.6678
1998-04-27,132.09,,1.6733
1998-04-28,132.19,,1.6673
1998-04-29,132.05,,1.6702
1998-04-30,132.37,,1.6727
1998-05-01,133.01,,1.6675
1998-05-04,132.98,,1.666
1998-05-05,131.74,,1.6605
1998-05-06,132.73,,1.661
1998-05-07,133.09,,1.6485
1998-05-08,132.88,,1.638
1998-05-11,132.84,,1.63
1998-05-12,134.0,,1.6347
1998-05-13,134.18,,1.6308
1998-05-14,134.23,,1.6306
1998-05-15,134.39,,1.6278
1998-05-18,135.95,,1.6235
1998-05-19,136.34,,1.6232
1998-05-20,135.99,,1.6332
1998-05-21,135.65,,1.6305
1998-05-22,135.77,,1.6318
1998-05-25,,,
1998-05-26,137.38,,1.6365
1998-05-27,137.36,,1.6322
1998-05-28,138.91,,1.6277
1998-05-29,138.5,,1.6308
1998-06-01,139.57,,1.6392
1998-06-02,138.97,,1.6388
1998-06-03,138.34,,1.6385
1998-06-04,138.4,,1.6395
1998-06-05,139.66,,1.6351
1998-06-08,140.58,,1.6324
1998-06-09,140.25,,1.6347
1998-06-10,141.52,,1.6277
1998-06-11,143.25,,1.6292
1998-06-12,144.36,,1.6315
1998-06-15,146.42,,1.6315
1998-06-16,144.05,,1.6525
1998-06-17,137.68,,1.662
1998-06-18,137.61,,1.6705
1998-06-19,134.2,,1.6735
1998-06-22,137.9,,1.672
1998-06-23,139.13,,1.6641
1998-06-24,140.75,,1.6683
1998-06-25,141.67,,1.6722
1998-06-26,142.75,,1.6608
1998-06-29,141.92,,1.6645
1998-06-30,138.29,,1.6695
1998-07-01,138.65,,1.6616
1998-07-02,141.44,,1.6565
1998-07-03,139.35,,1.6471
1998-07-06,140.18,,1.6442
1998-07-07,138.78,,1.6375
1998-07-08,139.6,,1.6369
1998-07-09,141.3,,1.6315
1998-07-10,141.05,,1.6325
1998-07-13,140.98,,1.6412
1998-07-14,139.84,,1.6355
1998-07-15,140.67,,1.6337
1998-07-16,140.25,,1.6387
1998-07-17,139.6,,1.6427
1998-07-20,138.85,,1.648
1998-07-21,140.39,,1.643
1998-07-22,141.1,,1.642
1998-07-23,141.54,,1.6474
1998-07-24,140.93,,1.6594
1998-07-27,142.24,,1.6565
1998-07-28,141.75,,1.6485
1998-07-29,142.46,,1.644
1998-07-30,142.51,,1.6415
1998-07-31,144.65,,1.6349
1998-08-03,145.8,,1.6245
1998-08-04,144.84,,1.633
1998-08-05,144.38,,1.636
1998-08-06,144.6,,1.6332
1998-08-07,146.3,,1.629
1998-08-10,146.54,,1.6328
1998-08-11,147.14,,1.6295
1998-08-12,146.09,,1.629
1998-08-13,145.05,,1.6265
1998-08-14,146.37,,1.6184
1998-08-17,145.78,,1.6162
1998-08-18,145.02,,1.6162
1998-08-19,143.85,,1.6227
1998-08-20,142.6,,1.6275
1998-08-21,144.94,,1.6363
1998-08-24,143.96,,1.641
1998-08-25,144.94,,1.6395
1998-08-26,144.43,,1.6385
1998-08-27,142.2,,1.6405
1998-08-28,142.55,,1.672
1998-08-31,140.9,,1.676
1998-09-01,136.23,,1.674
1998-09-02,137.76,,1.6686
1998-09-03,134.82,,1.6762
1998-09-04,133.99,,1.672
1998-09-07,,,
1998-09-08,132.1,,1.6581
1998-09-09,136.45,,1.662
1998-09-10,134.32,,1.6816
1998-09-11,131.05,,1.6847
1998-09-14,133.22,,1.6775
1998-09-15,133.05,,1.6742
1998-09-16,134.92,,1.6758
1998-09-17,131.88,,1.684
1998-09-18,132.63,,1.6835
1998-09-21,133.4,,1.6845
1998-09-22,135.2,,1.6837
1998-09-23,136.45,,1.6798
1998-09-24,135.33,,1.6945
1998-09-25,135.1,,1.7023
1998-09-28,135.7,,1.704
1998-09-29,133.9,,1.7068
1998-09-30,136.59,,1.6995
1998-10-01,135.75,,1.7045
1998-10-02,135.6,,1.7026
1998-10-05,134.54,,1.6901
1998-10-06,131.15,,1.6833
1998-10-07,123.97,,1.6968
1998-10-08,118.85,,1.7222
1998-10-09,117.0,,1.703
1998-10-12,,,
1998-10-13,118.85,,1.7015
1998-10-14,119.27,,1.7055
1998-10-15,117.5,,1.7028
1998-10-16,115.45,,1.703
1998-10-19,114.46,,1.6995
1998-10-20,118.09,,1.706
1998-10-21,116.85,,1.7005
1998-10-22,117.88,,1.695
1998-10-23,118.06,,1.69
1998-10-26,118.84,,1.683
1998-10-27,118.6,,1.6722
1998-10-28,117.56,,1.672
1998-10-29,117.3,,1.6758
1998-10-30,116.45,,1.6735
1998-11-02,114.52,,1.6652
1998-11-03,115.5,,1.6577
1998-11-04,116.55,,1.6588
1998-11-05,117.45,,1.663
1998-11-06,118.73,,1.658
1998-11-09,121.98,,1.6585
1998-11-10,122.88,,1.658
1998-11-11,,,
1998-11-12,122.77,,1.6568
1998-11-13,122.68,,1.6635
1998-11-16,119.7,,1.6755
1998-11-17,121.3,,1.6775
1998-11-18,121.44,,1.672
1998-11-19,119.65,,1.6677
1998-11-20,120.32,,1.6542
1998-11-23,120.93,,1.654
1998-11-24,120.85,,1.6582
1998-11-25,121.8,,1.6613
1998-11-26,,,
1998-11-27,123.24,,1.6522
1998-11-30,123.21,,1.6485
1998-12-01,122.2,,1.654
1998-12-02,120.17,,1.6625
1998-12-03,118.79,,1.6645
1998-12-04,119.35,,1.6615
1998-12-07,119.63,,1.653
1998-12-08,119.55,,1.654
1998-12-09,118.08,,1.658
1998-12-10,117.07,,1.667
1998-12-11,116.78,,1.6835
1998-12-14,115.08,,1.6885
1998-12-15,116.73,,1.6853
1998-12-16,115.68,,1.6765
1998-12-17,116.33,,1.675
1998-12-18,115.67,,1.6803
1998-12-21,116.08,,1.68
1998-12-22,116.85,,1.6775
1998-12-23,116.02,,1.6767
1998-12-24,116.24,,1.6723
1998-12-25,,,
1998-12-28,115.88,,1.6745
1998-12-29,115.42,,1.6836
1998-12-30,114.88,,1.6665
1998-12-31,113.08,,1.6628
1999-01-01,,,
1999-01-04,112.15,1.1812,1.6581
1999-01-05,111.15,1.176,1.6566
1999-01-06,112.78,1.1636,1.6547
1999-01-07,111.69,1.1672,1.6495
1999-01-08,111.52,1.1554,1.6405
1999-01-11,108.83,1.1534,1.6375
1999-01-12,112.07,1.1548,1.6308
1999-01-13,113.46,1.1698,1.6493
1999-01-14,113.25,1.1689,1.653
1999-01-15,114.19,1.1591,1.65
1999-01-18,,,
1999-01-19,113.76,1.161,1.655
1999-01-20,113.45,1.1575,1.6467
1999-01-21,113.75,1.1577,1.6516
1999-01-22,114.65,1.1582,1.656
1999-01-25,113.8,1.1566,1.6563
1999-01-26,114.03,1.1577,1.6585
1999-01-27,115.62,1.1481,1.6485
1999-01-28,116.36,1.1395,1.647
1999-01-29,116.0,1.1371,1.6457
1999-02-01,115.09,1.1303,1.641
1999-02-02,112.12,1.1328,1.643
1999-02-03,112.46,1.1339,1.6375
1999-02-04,112.03,1.1306,1.6395
1999-02-05,113.14,1.1283,1.637
1999-02-08,114.38,1.1296,1.638
1999-02-09,114.42,1.13,1.6355
1999-02-10,114.45,1.1331,1.629
1999-02-11,114.7,1.1303,1.6244
1999-02-12,114.32,1.1282,1.6311
1999-02-15,,,
1999-02-16,118.08,1.1189,1.6317
1999-02-17,119.03,1.123,1.6338
1999-02-18,119.82,1.1223,1.6338
1999-02-19,121.0,1.1075,1.6255
1999-02-22,120.35,1.1037,1.6238
1999-02-23,121.45,1.0993,1.6138
1999-02-24,121.9,1.0972,1.598
1999-02-25,119.26,1.1068,1.606
1999-02-26,118.7,1.0995,1.6027
1999-03-01,119.79,1.0891,1.6058
1999-03-02,120.47,1.0931,1.6135
1999-03-03,121.68,1.0888,1.6134
1999-03-04,123.5,1.0824,1.6065
1999-03-05,122.57,1.0843,1.6073
1999-03-08,121.73,1.0899,1.6085
1999-03-09,121.4,1.0873,1.6148
1999-03-10,119.84,1.0961,1.6267
1999-03-11,119.57,1.0932,1.627
1999-03-12,118.99,1.0936,1.6335
1999-03-15,117.7,1.093,1.6223
1999-03-16,117.74,1.0915,1.624
1999-03-17,118.15,1.1015,1.6302
1999-03-18,117.53,1.099,1.629
1999-03-19,117.05,1.0923,1.6303
1999-03-22,118.14,1.0915,1.628
1999-03-23,118.02,1.0918,1.6372
1999-03-24,117.35,1.0921,1.641
1999-03-25,118.05,1.0871,1.6314
1999-03-26,120.3,1.0743,1.6205
1999-03-29,119.78,1.0716,1.614
1999-03-30,120.1,1.0732,1.6115
1999-03-31,118.43,1.0808,1.614
1999-04-01,120.19,1.0782,1.6063
1999-04-02,120.6,1.0782,1.6023
1999-04-05,122.0,1.0706,1.6015
1999-04-06,120.74,1.0838,1.592
1999-04-07,121.34,1.0784,1.5975
1999-04-08,120.85,1.0835,1.6083
1999-04-09,121.09,1.0786,1.6068
1999-04-12,120.14,1.0842,1.6127
1999-04-13,120.04,1.078,1.6135
1999-04-14,118.89,1.0779,1.6124
1999-04-15,119.04,1.0717,1.6103
1999-04-16,117.86,1.0688,1.6112
1999-04-19,117.99,1.0608,1.6075
1999-04-20,118.18,1.063,1.6135
1999-04-21,119.76,1.0612,1.6074
1999-04-22,119.84,1.0598,1.6117
1999-04-23,119.26,1.0634,1.617
1999-04-26,119.13,1.059,1.6113
1999-04-27,120.23,1.0649,1.6177
1999-04-28,119.13,1.0616,1.6148
1999-04-29,119.26,1.0591,1.6105
1999-04-30,119.43,1.0564,1.6085
1999-05-03,120.14,1.0571,1.6083
1999-05-04,120.94,1.0593,1.621
1999-05-05,120.91,1.0724,1.6337
1999-05-06,120.77,1.0779,1.6377
1999-05-07,120.78,1.0781,1.635
1999-05-10,120.68,1.0787,1.63
1999-05-11,120.96,1.072,1.6215
1999-05-12,120.86,1.0666,1.6193
1999-05-13,121.67,1.0626,1.619
1999-05-14,122.64,1.065,1.6175
1999-05-17,123.27,1.0672,1.6193
1999-05-18,123.24,1.0672,1.6203
1999-05-19,124.45,1.0641,1.6175
1999-05-20,124.15,1.063,1.6122
1999-05-21,123.9,1.0577,1.602
1999-05-24,123.57,1.0593,1.5978
1999-05-25,122.88,1.0587,1.6021
1999-05-26,122.03,1.0471,1.5963
1999-05-27,121.27,1.0439,1.5957
1999-05-28,120.88,1.0422,1.602
1999-05-31,,,
1999-06-01,120.75,1.0449,1.615
1999-06-02,121.14,1.0357,1.6075
1999-06-03,121.5,1.0355,1.6055
1999-06-04,121.99,1.0327,1.6074
1999-06-07,121.31,1.0296,1.601
1999-06-08,119.88,1.0438,1.605
1999-06-09,119.2,1.045,1.6001
1999-06-10,118.85,1.0477,1.6002
1999-06-11,118.14,1.0516,1.6085
1999-06-14,120.4,1.0416,1.6075
1999-06-15,120.63,1.042,1.595
1999-06-16,120.03,1.0298,1.5862
1999-06-17,119.47,1.0329,1.5925
1999-06-18,120.48,1.0368,1.5924
1999-06-21,122.28,1.0323,1.589
1999-06-22,121.68,1.0323,1.5895
1999-06-23,122.05,1.0316,1.5787
1999-06-24,121.83,1.0372,1.5833
1999-06-25,121.28,1.0448,1.5893
1999-06-28,121.3,1.0373,1.5822
1999-06-29,120.81,1.0337,1.5781
1999-06-30,120.94,1.031,1.5765
1999-07-01,120.99,1.0236,1.5765
1999-07-02,121.13,1.0244,1.5792
1999-07-05,,,
1999-07-06,121.94,1.0249,1.5688
1999-07-07,122.19,1.0224,1.5602
1999-07-08,122.57,1.0198,1.5577
1999-07-09,122.37,1.0186,1.5515
1999-07-12,122.22,1.0139,1.5558
1999-07-13,121.38,1.0176,1.5566
1999-07-14,120.58,1.0215,1.5635
1999-07-15,120.49,1.022,1.5665
1999-07-16,120.98,1.0203,1.5622
1999-07-19,119.18,1.0203,1.563
1999-07-20,118.94,1.042,1.57
1999-07-21,118.25,1.0526,1.5766
1999-07-22,117.27,1.0509,1.5835
1999-07-23,116.51,1.0497,1.578
1999-07-26,116.66,1.0651,1.5905
1999-07-27,116.23,1.0627,1.5895
1999-07-28,116.17,1.0644,1.5935
1999-07-29,115.19,1.0719,1.613
1999-07-30,114.7,1.0694,1.6207
1999-08-02,114.51,1.0661,1.6145
1999-08-03,115.1,1.068,1.6185
1999-08-04,114.2,1.0766,1.62
1999-08-05,113.98,1.0793,1.6198
1999-08-06,114.6,1.077,1.6147
1999-08-09,115.37,1.0694,1.6
1999-08-10,114.44,1.0752,1.618
1999-08-11,115.1,1.066,1.6107
1999-08-12,115.76,1.0636,1.609
1999-08-13,115.66,1.0568,1.6057
1999-08-16,114.83,1.0557,1.6011
1999-08-17,114.18,1.0525,1.6036
1999-08-18,112.3,1.0505,1.6004
1999-08-19,111.14,1.0643,1.618
1999-08-20,111.44,1.0654,1.6133
1999-08-23,111.73,1.0553,1.6076
1999-08-24,111.53,1.0506,1.5946
1999-08-25,111.18,1.0461,1.5865
1999-08-26,111.83,1.0441,1.5876
1999-08-27,111.68,1.046,1.5885
1999-08-30,111.13,1.0445,1.5875
1999-08-31,109.3,1.0581,1.6086
1999-09-01,109.35,1.0582,1.6023
1999-09-02,109.24,1.0689,1.6091
1999-09-03,110.09,1.0605,1.6028
1999-09-06,,,
1999-09-07,110.92,1.0581,1.6057
1999-09-08,110.99,1.059,1.6185
1999-09-09,108.0,1.0543,1.6332
1999-09-10,109.0,1.0402,1.6183
1999-09-13,106.19,1.04,1.609
1999-09-14,105.33,1.0408,1.6085
1999-09-15,103.78,1.0385,1.611
1999-09-16,105.1,1.0418,1.625
1999-09-17,106.94,1.0399,1.6222
1999-09-20,106.42,1.0408,1.623
1999-09-21,104.85,1.046,1.631
1999-09-22,104.03,1.05,1.6363
1999-09-23,104.18,1.0415,1.6375
1999-09-24,104.14,1.0466,1.6428
1999-09-27,106.07,1.0431,1.6455
1999-09-28,106.14,1.0509,1.6485
1999-09-29,106.8,1.0613,1.6425
1999-09-30,106.82,1.0643,1.6457
1999-10-01,105.08,1.0718,1.655
1999-10-04,106.35,1.0703,1.6555
1999-10-05,106.96,1.0693,1.6525
1999-10-06,107.54,1.0704,1.656
1999-10-07,107.67,1.0721,1.652
1999-10-08,107.38,1.063,1.652
1999-10-11,,,
1999-10-12,106.28,1.0737,1.6535
1999-10-13,107.45,1.0758,1.6532
1999-10-14,106.96,1.0799,1.6575
1999-10-15,105.43,1.0887,1.6684
1999-10-18,104.93,1.0863,1.672
1999-10-19,105.5,1.0833,1.6708
1999-10-20,106.16,1.0765,1.6643
1999-10-21,105.96,1.0808,1.6765
1999-10-22,105.81,1.0678,1.6584
1999-10-25,105.35,1.0666,1.6631
1999-10-26,104.83,1.0578,1.6525
1999-10-27,104.24,1.0532,1.6477
1999-10-28,105.13,1.0519,1.64
1999-10-29,104.29,1.0518,1.6425
1999-11-01,104.19,1.0494,1.6404
1999-11-02,104.15,1.0506,1.6445
1999-11-03,105.0,1.0485,1.644
1999-11-04,104.48,1.044,1.6375
1999-11-05,106.33,1.04,1.6205
1999-11-08,105.77,1.0363,1.615
1999-11-09,104.86,1.0401,1.621
1999-11-10,104.58,1.0436,1.625
1999-11-11,,,
1999-11-12,105.34,1.0315,1.6131
1999-11-15,104.88,1.0315,1.623
1999-11-16,105.83,1.0312,1.6164
1999-11-17,105.47,1.0403,1.6231
1999-11-18,105.85,1.0297,1.615
1999-11-19,106.13,1.0313,1.616
1999-11-22,104.87,1.0327,1.6205
1999-11-23,104.2,1.0261,1.6236
1999-11-24,104.62,1.0176,1.609
1999-11-25,,,
1999-11-26,102.19,1.0137,1.6062
1999-11-29,102.43,1.01,1.6024
1999-11-30,101.8,1.0077,1.5935
1999-12-01,102.37,1.0059,1.596
1999-12-02,102.69,1.0023,1.5972
1999-12-03,102.55,1.0016,1.6015
1999-12-06,103.1,1.0252,1.623
1999-12-07,102.39,1.0222,1.6233
1999-12-08,102.97,1.0263,1.6255
1999-12-09,102.57,1.0161,1.623
1999-12-10,102.4,1.0158,1.6225
1999-12-13,103.26,1.012,1.6232
1999-12-14,103.47,1.0067,1.611
1999-12-15,103.54,1.0066,1.6085
1999-12-16,103.04,1.0169,1.6123
1999-12-17,103.27,1.0088,1.607
1999-12-20,102.72,1.0066,1.6035
1999-12-21,102.06,1.0093,1.6103
1999-12-22,101.53,1.008,1.606
1999-12-23,101.73,1.0162,1.6161
1999-12-24,102.95,1.0128,1.6154
1999-12-27,102.1,1.0136,1.6173
1999-12-28,102.19,1.0068,1.6165
1999-12-29,102.05,1.0045,1.6168
1999-12-30,102.33,1.0024,1.613
1999-12-31,102.16,1.007,1.615
2000-01-03,101.7,1.0155,1.627
2000-01-04,103.09,1.0309,1.637
2000-01-05,103.77,1.0335,1.6415
2000-01-06,105.19,1.0324,1.6475
2000-01-07,105.17,1.0294,1.6384
2000-01-10,105.28,1.0252,1.6374
2000-01-11,106.09,1.0322,1.648
2000-01-12,105.76,1.0281,1.6465
2000-01-13,106.09,1.027,1.6482
2000-01-14,105.86,1.0128,1.6353
2000-01-17,,,
2000-01-18,105.49,1.0121,1.638
2000-01-19,105.39,1.0115,1.6438
2000-01-20,105.45,1.0133,1.6538
2000-01-21,104.96,1.01,1.6504
2000-01-24,105.52,1.0019,1.652
2000-01-25,105.87,1.0041,1.6482
2000-01-26,105.85,1.0011,1.6395
2000-01-27,104.91,0.989,1.6363
2000-01-28,107.15,0.9765,1.621
2000-01-31,107.33,0.9757,1.6182
2000-02-01,107.67,0.9731,1.615
2000-02-02,108.4,0.9768,1.606
2000-02-03,107.92,0.9887,1.6025
2000-02-04,107.54,0.976,1.5915
2000-02-07,108.75,0.9783,1.5917
2000-02-08,109.59,0.9862,1.6105
2000-02-09,109.11,0.9914,1.6115
2000-02-10,108.74,0.9865,1.6057
2000-02-11,108.99,0.9847,1.5923
2000-02-14,108.65,0.9783,1.589
2000-02-15,108.75,0.9834,1.595
2000-02-16,109.38,0.9842,1.604
2000-02-17,110.27,0.9863,1.605
2000-02-18,110.88,0.985,1.5984
2000-02-21,,,
2000-02-22,111.04,1.006,1.6165
2000-02-23,111.11,1.0017,1.6047
2000-02-24,110.95,0.9931,1.5981
2000-02-25,110.98,0.9763,1.5908
2000-02-28,109.17,0.9669,1.5935
2000-02-29,109.88,0.9643,1.578
2000-03-01,107.1,0.97,1.5849
2000-03-02,107.37,0.9619,1.5765
2000-03-03,107.8,0.9618,1.581
2000-03-06,107.74,0.9603,1.5732
2000-03-07,106.2,0.956,1.5772
2000-03-08,106.89,0.9576,1.5855
2000-03-09,106.45,0.9684,1.5815
2000-03-10,106.27,0.9659,1.5793
2000-03-13,105.32,0.9648,1.5782
2000-03-14,104.85,0.9644,1.5725
2000-03-15,105.58,0.9696,1.573
2000-03-16,105.63,0.971,1.5747
2000-03-17,106.1,0.9694,1.5705
2000-03-20,106.5,0.971,1.5686
2000-03-21,106.91,0.9703,1.5725
2000-03-22,106.77,0.9608,1.5705
2000-03-23,107.45,0.9691,1.583
2000-03-24,107.25,0.9724,1.591
2000-03-27,107.13,0.9645,1.5855
2000-03-28,105.9,0.9614,1.5872
2000-03-29,105.6,0.9524,1.587
2000-03-30,105.53,0.9594,1.5922
2000-03-31,102.73,0.9574,1.5922
2000-04-03,104.82,0.956,1.598
2000-04-04,105.33,0.9588,1.5965
2000-04-05,105.0,0.9647,1.59
2000-04-06,104.78,0.958,1.58
2000-04-07,105.33,0.959,1.583
2000-04-10,106.37,0.9588,1.5828
2000-04-11,106.95,0.9591,1.5873
2000-04-12,105.86,0.9551,1.5882
2000-04-13,105.76,0.9524,1.5881
2000-04-14,105.12,0.9564,1.586
2000-04-17,104.19,0.955,1.5853
2000-04-18,104.59,0.9477,1.5764
2000-04-19,104.94,0.9369,1.5777
2000-04-20,105.45,0.9376,1.5801
2000-04-21,105.88,0.9379,1.5785
2000-04-24,105.66,0.9396,1.58
2000-04-25,105.71,0.9265,1.5787
2000-04-26,106.46,0.9217,1.5795
2000-04-27,106.36,0.9083,1.5748
2000-04-28,107.98,0.9089,1.556
2000-05-01,108.89,0.912,1.5558
2000-05-02,108.63,0.9068,1.559
2000-05-03,109.14,0.8891,1.5605
2000-05-04,108.17,0.8907,1.5435
2000-05-05,108.53,0.8953,1.5288
2000-05-08,109.03,0.895,1.531
2000-05-09,109.61,0.9023,1.5315
2000-05-10,109.33,0.9097,1.5153
2000-05-11,108.47,0.9021,1.4997
2000-05-12,108.74,0.908,1.5172
2000-05-15,109.48,0.9138,1.5075
2000-05-16,109.75,0.9053,1.5008
2000-05-17,109.53,0.8921,1.4905
2000-05-18,108.7,0.8952,1.4818
2000-05-19,106.89,0.8946,1.4855
2000-05-22,107.02,0.9036,1.4907
2000-05-23,106.72,0.9032,1.4728
2000-05-24,107.58,0.9096,1.4755
2000-05-25,107.48,0.9072,1.4705
2000-05-26,107.18,0.931,1.4875
2000-05-29,,,
2000-05-30,106.44,0.9314,1.495
2000-05-31,107.74,0.9328,1.4968
2000-06-01,108.74,0.9307,1.4915
2000-06-02,108.15,0.9432,1.5079
2000-06-05,107.44,0.9471,1.5135
2000-06-06,105.64,0.957,1.5235
2000-06-07,105.5,0.96,1.5225
2000-06-08,105.86,0.9548,1.506
2000-06-09,106.78,0.9526,1.5079
2000-06-12,106.65,0.9544,1.512
2000-06-13,106.79,0.9619,1.513
2000-06-14,106.89,0.959,1.5023
2000-06-15,106.52,0.953,1.5103
2000-06-16,106.22,0.9648,1.5165
2000-06-19,105.74,0.9622,1.5154
2000-06-20,105.42,0.9557,1.51
2000-06-21,105.5,0.9455,1.497
2000-06-22,104.4,0.9398,1.511
2000-06-23,104.59,0.9358,1.501
2000-06-26,105.66,0.9382,1.499
2000-06-27,105.53,0.9444,1.5
2000-06-28,105.51,0.9444,1.5107
2000-06-29,105.09,0.9515,1.5194
2000-06-30,106.14,0.9545,1.513
2000-07-03,105.64,0.9526,1.5135
2000-07-04,,,
2000-07-05,106.91,0.9548,1.512
2000-07-06,107.37,0.9527,1.512
2000-07-07,107.81,0.9484,1.5143
2000-07-10,107.1,0.9521,1.5137
2000-07-11,106.93,0.9497,1.514
2000-07-12,108.36,0.9401,1.5068
2000-07-13,108.27,0.9339,1.499
2000-07-14,107.88,0.9374,1.499
2000-07-17,108.53,0.9351,1.492
2000-07-18,108.3,0.9322,1.4945
2000-07-19,108.2,0.9237,1.4942
2000-07-20,107.89,0.9292,1.5094
2000-07-21,109.08,0.9343,1.5167
2000-07-24,108.92,0.9314,1.514
2000-07-25,109.3,0.9391,1.519
2000-07-26,109.28,0.9413,1.5154
2000-07-27,109.15,0.9331,1.5116
2000-07-28,109.63,0.9246,1.5025
2000-07-31,109.68,0.9266,1.4983
2000-08-01,109.47,0.9228,1.4992
2000-08-02,108.77,0.9137,1.4926
2000-08-03,108.36,0.9042,1.4947
2000-08-04,108.54,0.9075,1.5022
2000-08-07,108.99,0.9105,1.507
2000-08-08,108.64,0.9019,1.5022
2000-08-09,107.99,0.8991,1.4992
2000-08-10,108.7,0.9077,1.498
2000-08-11,108.68,0.9046,1.504
2000-08-14,109.52,0.9037,1.506
2000-08-15,109.0,0.9135,1.5056
2000-08-16,108.55,0.9143,1.4988
2000-08-17,108.48,0.9152,1.4992
2000-08-18,108.43,0.9068,1.4895
2000-08-21,108.53,0.9027,1.49
2000-08-22,108.34,0.8965,1.4797
2000-08-23,107.02,0.8967,1.4813
2000-08-24,106.89,0.9028,1.4806
2000-08-25,107.17,0.9024,1.4745
2000-08-28,106.45,0.9002,1.4716
2000-08-29,106.2,0.8966,1.4616
2000-08-30,106.47,0.8924,1.456
2000-08-31,106.66,0.8878,1.4515
2000-09-01,105.78,0.8993,1.4605
2000-09-04,,,
2000-09-05,105.88,0.8876,1.4522
2000-09-06,106.08,0.8702,1.4455
2000-09-07,105.1,0.874,1.438
2000-09-08,106.03,0.8664,1.4196
2000-09-11,105.97,0.8624,1.4123
2000-09-12,106.93,0.8596,1.402
2000-09-13,107.11,0.864,1.4125
2000-09-14,107.25,0.8617,1.406
2000-09-15,107.33,0.8572,1.4005
2000-09-18,106.87,0.8523,1.4015
2000-09-19,107.02,0.8514,1.408
2000-09-20,106.77,0.8462,1.4107
2000-09-21,106.5,0.8558,1.428
2000-09-22,107.94,0.8793,1.4568
2000-09-25,107.63,0.8738,1.454
2000-09-26,107.63,0.8815,1.46
2000-09-27,107.44,0.8805,1.4607
2000-09-28,107.59,0.8826,1.4635
2000-09-29,107.9,0.8837,1.4787
2000-10-02,108.81,0.8806,1.4675
2000-10-03,108.66,0.8741,1.4565
2000-10-04,109.29,0.8726,1.4558
2000-10-05,109.3,0.8685,1.4502
2000-10-06,108.81,0.868,1.4445
2000-10-09,,,
2000-10-10,107.9,0.8682,1.4484
2000-10-11,107.63,0.8715,1.462
2000-10-12,107.58,0.8644,1.4735
2000-10-13,107.67,0.8568,1.4597
2000-10-16,108.3,0.8489,1.4455
2000-10-17,108.15,0.8507,1.4426
2000-10-18,107.78,0.8391,1.4464
2000-10-19,108.55,0.8406,1.4422
2000-10-20,109.04,0.84,1.4448
2000-10-23,108.45,0.8364,1.455
2000-10-24,108.08,0.8364,1.449
2000-10-25,108.05,0.827,1.4335
2000-10-26,108.36,0.8271,1.4313
2000-10-27,108.75,0.8406,1.4517
2000-10-30,108.99,0.8432,1.453
2000-10-31,109.15,0.8486,1.4505
2000-11-01,108.48,0.8584,1.4452
2000-11-02,108.39,0.8594,1.444
2000-11-03,107.58,0.8614,1.4484
2000-11-06,107.34,0.8584,1.432
2000-11-07,107.3,0.8583,1.431
2000-11-08,107.57,0.8559,1.4236
2000-11-09,107.41,0.8574,1.4242
2000-11-10,107.83,0.8625,1.4305
2000-11-13,107.7,0.8607,1.4388
2000-11-14,108.15,0.8573,1.4306
2000-11-15,108.75,0.857,1.4257
2000-11-16,109.08,0.8532,1.4228
2000-11-17,108.86,0.8516,1.423
2000-11-20,109.79,0.8486,1.4222
2000-11-21,110.29,0.8458,1.416
2000-11-22,110.16,0.8423,1.4077
2000-11-23,,,
2000-11-24,111.38,0.8382,1.3997
2000-11-27,110.7,0.85,1.4155
2000-11-28,110.23,0.8547,1.4182
2000-11-29,111.28,0.8577,1.4209
2000-11-30,110.93,0.8694,1.421
2000-12-01,111.15,0.8765,1.4373
2000-12-04,111.07,0.8875,1.4523
2000-12-05,111.0,0.8804,1.441
2000-12-06,110.42,0.8877,1.4365
2000-12-07,110.7,0.8891,1.44
2000-12-08,111.29,0.8838,1.4442
2000-12-11,110.77,0.8771,1.4554
2000-12-12,111.5,0.8775,1.448
2000-12-13,112.4,0.8755,1.451
2000-12-14,112.42,0.8858,1.4665
2000-12-15,112.55,0.8981,1.4763
2000-12-18,112.06,0.8929,1.4677
2000-12-19,112.55,0.8902,1.462
2000-12-20,112.58,0.9058,1.4737
2000-12-21,112.18,0.9112,1.4707
2000-12-22,112.75,0.923,1.4783
2000-12-25,,,
2000-12-26,113.62,0.9292,1.48
2000-12-27,114.2,0.9304,1.4912
2000-12-28,114.62,0.9257,1.4907
2000-12-29,114.35,0.9388,1.4955
2001-01-01,,,
2001-01-02,114.73,0.9465,1.4977
2001-01-03,114.26,0.9473,1.5045
2001-01-04,115.47,0.9448,1.493
2001-01-05,116.19,0.9535,1.499
2001-01-08,115.97,0.9486,1.4969
2001-01-09,116.64,0.9397,1.49
2001-01-10,116.26,0.9387,1.491
2001-01-11,117.56,0.952,1.4965
2001-01-12,117.76,0.9486,1.4778
2001-01-15,,,
2001-01-16,117.28,0.9374,1.4675
2001-01-17,118.35,0.9306,1.4723
2001-01-18,117.78,0.9446,1.4755
2001-01-19,117.23,0.9363,1.4683
2001-01-22,116.62,0.9374,1.465
2001-01-23,116.95,0.9389,1.4715
2001-01-24,118.18,0.9258,1.4616
2001-01-25,116.91,0.9219,1.4605
2001-01-26,117.16,0.9213,1.459
2001-01-29,116.67,0.9181,1.457
2001-01-30,115.75,0.9264,1.4615
2001-01-31,116.39,0.9308,1.4613
2001-02-01,115.33,0.9384,1.4775
2001-02-02,115.65,0.9357,1.4692
2001-02-05,114.99,0.9395,1.475
2001-02-06,114.88,0.9304,1.4585
2001-02-07,116.21,0.9331,1.4633
2001-02-08,116.3,0.9184,1.444
2001-02-09,117.57,0.9267,1.449
2001-02-12,117.62,0.9287,1.4513
2001-02-13,117.3,0.9204,1.451
2001-02-14,116.65,0.9197,1.4578
2001-02-15,115.67,0.9057,1.449
2001-02-16,115.46,0.9162,1.4505
2001-02-19,,,
2001-02-20,115.57,0.9096,1.4436
2001-02-21,116.45,0.9077,1.4385
2001-02-22,116.53,0.9069,1.4447
2001-02-23,116.15,0.9095,1.447
2001-02-26,116.63,0.9093,1.444
2001-02-27,116.2,0.9128,1.4405
2001-02-28,117.28,0.9212,1.4433
2001-03-01,117.33,0.9291,1.4553
2001-03-02,119.06,0.934,1.4725
2001-03-05,119.08,0.9289,1.4687
2001-03-06,118.87,0.9313,1.4655
2001-03-07,119.86,0.9274,1.4612
2001-03-08,119.51,0.9281,1.4667
2001-03-09,119.71,0.9315,1.4675
2001-03-12,120.63,0.93,1.467
2001-03-13,120.2,0.9148,1.4513
2001-03-14,120.97,0.9133,1.4497
2001-03-15,122.23,0.9046,1.4436
2001-03-16,122.85,0.8929,1.4265
2001-03-19,122.57,0.8985,1.4237
2001-03-20,122.73,0.9054,1.4285
2001-03-21,123.62,0.897,1.431
2001-03-22,123.84,0.8881,1.4223
2001-03-23,122.64,0.8926,1.4292
2001-03-26,122.81,0.8955,1.4345
2001-03-27,122.99,0.891,1.429
2001-03-28,122.62,0.8882,1.4352
2001-03-29,123.45,0.8807,1.4302
2001-03-30,125.54,0.8794,1.419
2001-04-02,126.75,0.8824,1.42
2001-04-03,125.41,0.893,1.4305
2001-04-04,125.38,0.9013,1.435
2001-04-05,124.33,0.8976,1.4266
2001-04-06,124.03,0.9002,1.4383
2001-04-09,124.85,0.9014,1.447
2001-04-10,124.48,0.8884,1.436
2001-04-11,124.82,0.8856,1.434
2001-04-12,123.51,0.8922,1.4391
2001-04-13,124.15,0.8888,1.4354
2001-04-16,124.64,0.8862,1.436
2001-04-17,123.67,0.8814,1.4287
2001-04-18,122.35,0.8816,1.4257
2001-04-19,121.87,0.8909,1.4366
2001-04-20,122.52,0.9032,1.4428
2001-04-23,121.68,0.896,1.4377
2001-04-24,122.08,0.8946,1.4365
2001-04-25,122.21,0.8972,1.4397
2001-04-26,123.13,0.9011,1.4378
2001-04-27,123.76,0.8924,1.4362
2001-04-30,123.57,0.8874,1.4306
2001-05-01,121.92,0.8937,1.434
2001-05-02,121.72,0.8925,1.4345
2001-05-03,121.19,0.8891,1.4322
2001-05-04,121.05,0.8934,1.4362
2001-05-07,121.34,0.8916,1.44
2001-05-08,121.66,0.8848,1.4315
2001-05-09,122.25,0.8845,1.4209
2001-05-10,122.71,0.8792,1.4186
2001-05-11,122.5,0.8759,1.4177
2001-05-14,123.12,0.8748,1.4176
2001-05-15,123.26,0.8788,1.4236
2001-05-16,123.59,0.8842,1.4293
2001-05-17,122.68,0.8828,1.431
2001-05-18,123.67,0.8774,1.4333
2001-05-21,122.91,0.8762,1.438
2001-05-22,122.79,0.8657,1.4278
2001-05-23,120.39,0.8598,1.4245
2001-05-24,120.15,0.857,1.4103
2001-05-25,120.75,0.8577,1.4207
2001-05-28,,,
2001-05-29,120.1,0.8547,1.4187
2001-05-30,120.27,0.8576,1.4251
2001-05-31,118.88,0.8455,1.4175
2001-06-01,119.13,0.8452,1.416
2001-06-04,119.5,0.8449,1.4123
2001-06-05,120.27,0.8504,1.4113
2001-06-06,120.35,0.8452,1.3906
2001-06-07,119.91,0.8506,1.39
2001-06-08,120.6,0.8505,1.3817
2001-06-11,122.02,0.8425,1.373
2001-06-12,121.74,0.8479,1.3781
2001-06-13,121.89,0.8536,1.3909
2001-06-14,121.42,0.8598,1.4005
2001-06-15,122.97,0.8628,1.4056
2001-06-18,123.2,0.861,1.4034
2001-06-19,122.97,0.8558,1.4008
2001-06-20,123.3,0.8506,1.3952
2001-06-21,124.4,0.8544,1.4167
2001-06-22,124.25,0.857,1.414
2001-06-25,124.02,0.8611,1.413
2001-06-26,123.82,0.8623,1.4154
2001-06-27,124.25,0.8621,1.419
2001-06-28,124.63,0.847,1.407
2001-06-29,124.73,0.8474,1.4077
2001-07-02,124.22,0.8455,1.4168
2001-07-03,124.48,0.8477,1.4058
2001-07-04,,,
2001-07-05,125.77,0.837,1.3998
2001-07-06,125.85,0.8465,1.4106
2001-07-09,125.43,0.8474,1.4081
2001-07-10,125.53,0.8557,1.4098
2001-07-11,124.06,0.8614,1.4121
2001-07-12,124.1,0.853,1.4065
2001-07-13,124.75,0.8527,1.3995
2001-07-16,125.44,0.8549,1.4011
2001-07-17,124.89,0.8549,1.4037
2001-07-18,124.35,0.8701,1.416
2001-07-19,123.61,0.869,1.419
2001-07-20,122.85,0.8713,1.429
2001-07-23,124.19,0.8676,1.4185
2001-07-24,124.0,0.8752,1.4223
2001-07-25,123.64,0.8797,1.428
2001-07-26,123.83,0.8765,1.4265
2001-07-27,123.29,0.8749,1.4256
2001-07-30,125.18,0.875,1.426
2001-07-31,125.0,0.8752,1.4252
2001-08-01,124.87,0.8793,1.433
2001-08-02,123.72,0.8813,1.4295
2001-08-03,123.46,0.8843,1.4268
2001-08-06,123.85,0.8802,1.4175
2001-08-07,123.83,0.8775,1.4169
2001-08-08,123.2,0.8778,1.4135
2001-08-09,123.03,0.8886,1.4218
2001-08-10,121.97,0.894,1.4273
2001-08-13,122.46,0.8983,1.4217
2001-08-14,121.6,0.9025,1.4285
2001-08-15,119.92,0.9114,1.4379
2001-08-16,120.11,0.9138,1.4438
2001-08-17,120.37,0.9165,1.4465
2001-08-20,120.72,0.9127,1.4445
2001-08-21,119.91,0.9115,1.4468
2001-08-22,119.91,0.9194,1.4538
2001-08-23,119.84,0.9166,1.4478
2001-08-24,120.13,0.9116,1.4443
2001-08-27,120.12,0.9098,1.443
2001-08-28,120.48,0.9102,1.4501
2001-08-29,119.79,0.9097,1.4515
2001-08-30,119.4,0.9154,1.4577
2001-08-31,118.75,0.909,1.451
2001-09-03,,,
2001-09-04,119.49,0.8868,1.4444
2001-09-05,120.76,0.8897,1.4553
2001-09-06,120.95,0.8943,1.4561
2001-09-07,120.07,0.9044,1.4626
2001-09-10,121.08,0.8988,1.4585
2001-09-11,,,
2001-09-12,119.53,0.9069,1.4666
2001-09-13,118.81,0.9089,1.4697
2001-09-14,117.38,0.9199,1.4678
2001-09-17,117.59,0.9198,1.4661
2001-09-18,117.32,0.9233,1.4635
2001-09-19,117.3,0.931,1.4714
2001-09-20,115.89,0.9255,1.4642
2001-09-21,116.73,0.9099,1.4547
2001-09-24,117.52,0.9135,1.4616
2001-09-25,117.78,0.9222,1.4692
2001-09-26,117.89,0.9231,1.4745
2001-09-27,119.69,0.9181,1.4733
2001-09-28,119.23,0.9099,1.4691
2001-10-01,120.27,0.9159,1.4785
2001-10-02,120.78,0.9149,1.4618
2001-10-03,120.67,0.9181,1.4756
2001-10-04,120.63,0.9141,1.4774
2001-10-05,120.37,0.9168,1.4795
2001-10-08,,,
2001-10-09,120.2,0.915,1.4605
2001-10-10,120.43,0.9118,1.449
2001-10-11,121.57,0.9008,1.4415
2001-10-12,120.93,0.9078,1.4518
2001-10-15,120.94,0.9077,1.447
2001-10-16,121.27,0.9094,1.4478
2001-10-17,121.05,0.9065,1.4505
2001-10-18,121.18,0.9025,1.444
2001-10-19,121.15,0.8987,1.4372
2001-10-22,122.45,0.8906,1.4265
2001-10-23,122.83,0.8893,1.4214
2001-10-24,122.86,0.8925,1.4263
2001-10-25,122.72,0.8965,1.4306
2001-10-26,122.99,0.8921,1.4348
2001-10-29,122.08,0.9037,1.4525
2001-10-30,122.07,0.906,1.4546
2001-10-31,122.54,0.8993,1.4534
2001-11-01,121.87,0.9044,1.462
2001-11-02,121.68,0.9037,1.4615
2001-11-05,121.72,0.8963,1.457
2001-11-06,121.15,0.8975,1.4591
2001-11-07,121.05,0.8999,1.465
2001-11-08,119.98,0.891,1.454
2001-11-09,120.25,0.8935,1.4574
2001-11-12,,,
2001-11-13,121.45,0.8811,1.4425
2001-11-14,121.67,0.8829,1.4429
2001-11-15,122.4,0.8813,1.431
2001-11-16,122.67,0.8849,1.4278
2001-11-19,123.27,0.8781,1.4107
2001-11-20,122.62,0.8832,1.418
2001-11-21,123.19,0.8781,1.4154
2001-11-22,,,
2001-11-23,124.44,0.877,1.4095
2001-11-26,124.2,0.8811,1.4125
2001-11-27,124.17,0.8812,1.4137
2001-11-28,123.29,0.8863,1.4235
2001-11-29,123.82,0.8879,1.4232
2001-11-30,123.22,0.8958,1.4255
2001-12-03,123.9,0.8897,1.4217
2001-12-04,124.28,0.8898,1.4216
2001-12-05,124.4,0.8856,1.4164
2001-12-06,124.83,0.8916,1.425
2001-12-07,125.66,0.8905,1.4315
2001-12-10,126.27,0.8884,1.4342
2001-12-11,126.23,0.8904,1.4365
2001-12-12,126.52,0.8945,1.444
2001-12-13,126.32,0.8976,1.4454
2001-12-14,127.24,0.9044,1.4547
2001-12-17,127.54,0.904,1.4588
2001-12-18,127.97,0.9019,1.4565
2001-12-19,128.2,0.8997,1.4508
2001-12-20,128.55,0.8972,1.4464
2001-12-21,129.48,0.8864,1.4385
2001-12-24,129.9,0.8773,1.4385
2001-12-25,,,
2001-12-26,130.79,0.8778,1.449
2001-12-27,131.47,0.8843,1.454
2001-12-28,131.3,0.8822,1.4475
2001-12-31,131.04,0.8901,1.4543
2002-01-01,,,
2002-01-02,132.02,0.9031,1.4451
2002-01-03,131.76,0.8992,1.44
2002-01-04,131.02,0.8946,1.4455
2002-01-07,130.93,0.8931,1.4385
2002-01-08,132.53,0.8925,1.4426
2002-01-09,132.62,0.8882,1.4373
2002-01-10,132.61,0.8925,1.4433
2002-01-11,132.17,0.8905,1.4448
2002-01-14,131.83,0.8935,1.4482
2002-01-15,131.14,0.8913,1.445
2002-01-16,131.77,0.8834,1.4375
2002-01-17,132.13,0.88,1.4348
2002-01-18,132.64,0.8844,1.4365
2002-01-21,,,
2002-01-22,133.98,0.8838,1.4295
2002-01-23,134.25,0.8836,1.4273
2002-01-24,134.64,0.8782,1.4229
2002-01-25,134.47,0.8655,1.4096
2002-01-28,133.43,0.8605,1.4074
2002-01-29,133.51,0.8643,1.4132
2002-01-30,132.84,0.8648,1.416
2002-01-31,134.06,0.8594,1.412
2002-02-01,133.77,0.8613,1.4158
2002-02-04,132.71,0.8685,1.4197
2002-02-05,133.9,0.8672,1.417
2002-02-06,133.72,0.8693,1.4138
2002-02-07,133.49,0.869,1.4117
2002-02-08,134.77,0.8727,1.4176
2002-02-11,133.62,0.8778,1.4237
2002-02-12,132.82,0.8768,1.4322
2002-02-13,133.23,0.873,1.4298
2002-02-14,132.26,0.8713,1.4285
2002-02-15,132.76,0.873,1.4315
2002-02-18,,,
2002-02-19,133.45,0.8764,1.4302
2002-02-20,133.76,0.8705,1.4269
2002-02-21,134.27,0.8712,1.4253
2002-02-22,133.85,0.8757,1.4301
2002-02-25,133.89,0.8713,1.4263
2002-02-26,134.35,0.8682,1.4225
2002-02-27,134.63,0.8642,1.4165
2002-02-28,133.96,0.8658,1.4129
2002-03-01,133.35,0.8652,1.419
2002-03-04,132.2,0.8705,1.4228
2002-03-05,132.31,0.8699,1.4212
2002-03-06,130.85,0.8772,1.4238
2002-03-07,127.07,0.8795,1.4245
2002-03-08,128.21,0.8752,1.4227
2002-03-11,128.08,0.8768,1.422
2002-03-12,128.67,0.8759,1.4146
2002-03-13,129.43,0.877,1.4157
2002-03-14,128.94,0.8816,1.42
2002-03-15,129.1,0.8823,1.4238
2002-03-18,131.27,0.8826,1.4256
2002-03-19,132.3,0.8805,1.4213
2002-03-20,131.6,0.8836,1.426
2002-03-21,131.86,0.8836,1.4287
2002-03-22,132.88,0.8791,1.4263
2002-03-25,133.46,0.8768,1.4255
2002-03-26,132.78,0.8767,1.427
2002-03-27,132.61,0.8726,1.4238
2002-03-28,132.61,0.8711,1.4242
2002-03-29,132.7,0.8717,1.425
2002-04-01,133.32,0.8806,1.4407
2002-04-02,133.4,0.8782,1.4358
2002-04-03,132.65,0.8804,1.435
2002-04-04,132.3,0.8779,1.4349
2002-04-05,131.73,0.8805,1.435
2002-04-08,131.27,0.875,1.431
2002-04-09,131.03,0.8793,1.4345
2002-04-10,130.75,0.8794,1.4365
2002-04-11,131.55,0.8829,1.4382
2002-04-12,132.09,0.8792,1.4371
2002-04-15,131.95,0.8802,1.4372
2002-04-16,131.19,0.883,1.4396
2002-04-17,130.7,0.8885,1.4438
2002-04-18,129.84,0.8898,1.4479
2002-04-19,130.5,0.8893,1.4472
2002-04-22,129.9,0.8877,1.4488
2002-04-23,129.89,0.8897,1.4486
2002-04-24,129.76,0.8915,1.448
2002-04-25,128.4,0.8978,1.454
2002-04-26,128.18,0.898,1.4545
2002-04-29,128.13,0.9028,1.4592
2002-04-30,128.45,0.9002,1.4565
2002-05-01,127.45,0.9062,1.4621
2002-05-02,128.02,0.9032,1.4645
2002-05-03,127.21,0.9133,1.4664
2002-05-06,127.27,0.9166,1.4676
2002-05-07,127.8,0.9148,1.4675
2002-05-08,128.64,0.904,1.4533
2002-05-09,128.36,0.9088,1.4585
2002-05-10,127.89,0.9116,1.4606
2002-05-13,127.69,0.9107,1.4588
2002-05-14,128.66,0.9022,1.4474
2002-05-15,127.92,0.9074,1.4558
2002-05-16,128.19,0.9105,1.4567
2002-05-17,126.03,0.9206,1.4602
2002-05-20,125.64,0.9213,1.4588
2002-05-21,123.83,0.9191,1.4568
2002-05-22,124.16,0.9265,1.4589
2002-05-23,124.84,0.9233,1.4545
2002-05-24,124.71,0.922,1.4577
2002-05-27,,,
2002-05-28,124.38,0.9285,1.4618
2002-05-29,124.35,0.9313,1.46
2002-05-30,123.08,0.9373,1.4655
2002-05-31,124.13,0.9339,1.4625
2002-06-03,123.69,0.939,1.4622
2002-06-04,123.95,0.9424,1.4605
2002-06-05,124.4,0.9391,1.4574
2002-06-06,124.34,0.9457,1.4593
2002-06-07,124.49,0.9449,1.4604
2002-06-10,124.6,0.9446,1.461
2002-06-11,125.56,0.9445,1.4686
2002-06-12,125.64,0.9473,1.4705
2002-06-13,125.12,0.944,1.4709
2002-06-14,124.25,0.9448,1.4735
2002-06-17,124.37,0.9442,1.4782
2002-06-18,124.56,0.9483,1.4868
2002-06-19,124.04,0.9544,1.4873
2002-06-20,123.33,0.9646,1.4982
2002-06-21,121.23,0.9705,1.4987
2002-06-24,121.28,0.9786,1.5056
2002-06-25,121.9,0.9692,1.4999
2002-06-26,119.83,0.9825,1.5217
2002-06-27,119.38,0.9885,1.5285
2002-06-28,119.85,0.9856,1.5245
2002-07-01,120.04,0.9893,1.5307
2002-07-02,120.13,0.984,1.53
2002-07-03,119.77,0.9816,1.5268
2002-07-04,,,
2002-07-05,120.19,0.973,1.5206
2002-07-08,118.66,0.9869,1.5348
2002-07-09,117.85,0.9938,1.5465
2002-07-10,117.94,0.989,1.5483
2002-07-11,116.62,0.9927,1.5545
2002-07-12,116.73,0.9904,1.55
2002-07-15,116.06,1.0072,1.5656
2002-07-16,115.71,1.0087,1.5693
2002-07-17,116.24,1.0078,1.5682
2002-07-18,117.02,1.0067,1.5685
2002-07-19,115.73,1.0156,1.5785
2002-07-22,116.22,1.0098,1.58
2002-07-23,117.35,0.9933,1.5657
2002-07-24,116.33,0.9945,1.5745
2002-07-25,116.87,0.9997,1.5754
2002-07-26,118.78,0.9882,1.5635
2002-07-29,119.87,0.9779,1.557
2002-07-30,119.9,0.9879,1.5725
2002-07-31,119.77,0.9796,1.5625
2002-08-01,119.1,0.9843,1.5578
2002-08-02,118.98,0.9882,1.5709
2002-08-05,119.26,0.9846,1.5665
2002-08-06,121.14,0.964,1.5382
2002-08-07,120.37,0.9738,1.5354
2002-08-08,121.04,0.9653,1.5278
2002-08-09,120.15,0.9714,1.5235
2002-08-12,118.85,0.9778,1.5317
2002-08-13,119.08,0.9787,1.531
2002-08-14,116.53,0.9867,1.5442
2002-08-15,117.28,0.9816,1.536
2002-08-16,117.51,0.9836,1.5372
2002-08-19,118.53,0.9775,1.5272
2002-08-20,118.84,0.9779,1.5266
2002-08-21,118.54,0.9796,1.5295
2002-08-22,119.85,0.9697,1.5192
2002-08-23,119.53,0.9726,1.5215
2002-08-26,119.54,0.9731,1.5236
2002-08-27,118.31,0.9814,1.5305
2002-08-28,118.31,0.982,1.5363
2002-08-29,118.34,0.9829,1.5484
2002-08-30,118.76,0.9806,1.5476
2002-09-02,,,
2002-09-03,117.12,0.9959,1.5625
2002-09-04,118.01,0.9923,1.5642
2002-09-05,118.34,0.9911,1.566
2002-09-06,118.48,0.9843,1.5597
2002-09-09,118.85,0.9817,1.5585
2002-09-10,119.78,0.9752,1.5544
2002-09-11,120.64,0.9724,1.5492
2002-09-12,120.68,0.9761,1.5549
2002-09-13,121.5,0.9743,1.5585
2002-09-16,122.17,0.9723,1.544
2002-09-17,122.64,0.9685,1.5343
2002-09-18,121.49,0.9789,1.5525
2002-09-19,121.48,0.9817,1.5545
2002-09-20,123.16,0.9839,1.5558
2002-09-23,123.93,0.9822,1.5575
2002-09-24,123.38,0.9815,1.5565
2002-09-25,122.72,0.9797,1.5625
2002-09-26,122.59,0.9755,1.5563
2002-09-27,122.86,0.9772,1.5548
2002-09-30,121.74,0.9879,1.57
2002-10-01,122.73,0.9859,1.5708
2002-10-02,123.21,0.9842,1.5655
2002-10-03,123.04,0.9871,1.5704
2002-10-04,123.02,0.9821,1.569
2002-10-07,124.44,0.9816,1.5643
2002-10-08,124.26,0.9796,1.5569
2002-10-09,123.55,0.9868,1.5595
2002-10-10,123.64,0.9861,1.5625
2002-10-11,124.04,0.9854,1.5605
2002-10-14,,,
2002-10-15,124.66,0.981,1.5542
2002-10-16,124.3,0.9824,1.5543
2002-10-17,124.8,0.9718,1.5525
2002-10-18,125.52,0.9708,1.5461
2002-10-21,124.71,0.9732,1.5418
2002-10-22,125.09,0.9782,1.5463
2002-10-23,124.17,0.9772,1.5499
2002-10-24,124.77,0.9742,1.5478
2002-10-25,124.14,0.9767,1.5533
2002-10-28,123.64,0.9843,1.5602
2002-10-29,122.55,0.9851,1.5585
2002-10-30,122.91,0.9835,1.5568
2002-10-31,122.78,0.9881,1.563
2002-11-01,122.16,0.9971,1.5638
2002-11-04,122.46,0.9953,1.5545
2002-11-05,121.84,0.9994,1.5625
2002-11-06,122.22,0.9974,1.559
2002-11-07,121.26,1.0092,1.5796
2002-11-08,119.72,1.0139,1.5915
2002-11-11,,,
2002-11-12,119.57,1.0105,1.5879
2002-11-13,120.28,1.006,1.585
2002-11-14,120.45,1.0034,1.5788
2002-11-15,120.37,1.0082,1.579
2002-11-18,121.15,1.0083,1.579
2002-11-19,121.65,1.0107,1.588
2002-11-20,122.52,1.0024,1.575
2002-11-21,122.92,0.9984,1.5753
2002-11-22,122.84,0.9966,1.5778
2002-11-25,122.32,0.9937,1.5667
2002-11-26,121.89,0.9913,1.5485
2002-11-27,122.21,0.9895,1.544
2002-11-28,,,
2002-11-29,122.72,0.9932,1.5553
2002-12-02,124.61,0.9927,1.5555
2002-12-03,124.42,0.9968,1.5687
2002-12-04,124.84,0.9999,1.5682
2002-12-05,124.99,0.9989,1.5708
2002-12-06,123.69,1.0081,1.573
2002-12-09,123.36,1.0088,1.5785
2002-12-10,123.66,1.0073,1.5699
2002-12-11,123.46,1.0083,1.5744
2002-12-12,122.75,1.0189,1.58
2002-12-13,120.71,1.0226,1.5896
2002-12-16,121.28,1.021,1.5905
2002-12-17,121.27,1.0267,1.5963
2002-12-18,121.12,1.0254,1.6
2002-12-19,120.86,1.0217,1.5986
2002-12-20,120.52,1.0268,1.6015
2002-12-23,120.77,1.0217,1.587
2002-12-24,120.27,1.0305,1.5958
2002-12-25,,,
2002-12-26,120.12,1.0358,1.5978
2002-12-27,119.92,1.0411,1.6022
2002-12-30,118.38,1.046,1.6044
2002-12-31,118.75,1.0485,1.6095
2003-01-01,,,
2003-01-02,119.86,1.0361,1.5975
2003-01-03,119.85,1.0418,1.6045
2003-01-06,119.06,1.0469,1.608
2003-01-07,120.18,1.0419,1.6055
2003-01-08,119.35,1.0447,1.6063
2003-01-09,119.57,1.0467,1.6035
2003-01-10,119.44,1.0535,1.6079
2003-01-13,119.03,1.0535,1.603
2003-01-14,117.96,1.0571,1.607
2003-01-15,117.91,1.0576,1.6029
2003-01-16,118.02,1.0569,1.6073
2003-01-17,117.88,1.066,1.6173
2003-01-20,,,
2003-01-21,118.57,1.0677,1.6123
2003-01-22,118.15,1.0729,1.6162
2003-01-23,117.83,1.0767,1.6233
2003-01-24,117.8,1.0825,1.632
2003-01-27,118.64,1.0838,1.6351
2003-01-28,118.67,1.0833,1.64
2003-01-29,118.13,1.0861,1.6457
2003-01-30,119.22,1.0776,1.6482
2003-01-31,119.96,1.0739,1.6448
2003-02-03,120.47,1.0761,1.6405
2003-02-04,119.75,1.0875,1.648
2003-02-05,119.78,1.0842,1.6455
2003-02-06,119.93,1.0828,1.6354
2003-02-07,120.4,1.0801,1.6284
2003-02-10,121.25,1.074,1.6275
2003-02-11,121.19,1.0747,1.6193
2003-02-12,121.3,1.0716,1.6155
2003-02-13,120.49,1.0834,1.6209
2003-02-14,120.41,1.0799,1.6105
2003-02-17,,,
2003-02-18,118.93,1.0708,1.5921
2003-02-19,118.65,1.0744,1.5957
2003-02-20,118.18,1.0821,1.5925
2003-02-21,118.78,1.0787,1.5864
2003-02-24,117.78,1.0783,1.586
2003-02-25,117.14,1.0782,1.5727
2003-02-26,117.19,1.0797,1.5806
2003-02-27,117.58,1.0763,1.5798
2003-02-28,118.22,1.0779,1.5737
2003-03-03,117.93,1.0835,1.5755
2003-03-04,117.96,1.0883,1.582
2003-03-05,117.32,1.0967,1.6003
2003-03-06,117.22,1.0997,1.6049
2003-03-07,116.47,1.1014,1.602
2003-03-10,116.55,1.1062,1.6007
2003-03-11,117.07,1.1028,1.6038
2003-03-12,117.18,1.1023,1.6129
2003-03-13,118.31,1.087,1.6057
2003-03-14,118.59,1.0725,1.5821
2003-03-17,118.45,1.0606,1.5682
2003-03-18,118.9,1.0624,1.5624
2003-03-19,120.13,1.059,1.5648
2003-03-20,120.05,1.0613,1.567
2003-03-21,121.42,1.0545,1.566
2003-03-24,120.69,1.0644,1.5748
2003-03-25,120.03,1.0673,1.5707
2003-03-26,120.13,1.0677,1.5742
2003-03-27,119.78,1.0708,1.5676
2003-03-28,120.18,1.0762,1.5673
2003-03-31,118.07,1.09,1.579
2003-04-01,118.25,1.0904,1.5767
2003-04-02,119.17,1.0765,1.5659
2003-04-03,119.55,1.0736,1.5718
2003-04-04,120.05,1.0711,1.5597
2003-04-07,120.41,1.0621,1.55
2003-04-08,119.91,1.0684,1.5507
2003-04-09,120.55,1.0722,1.5562
2003-04-10,119.58,1.0803,1.5719
2003-04-11,120.47,1.0751,1.5713
2003-04-14,120.3,1.0773,1.5713
2003-04-15,120.2,1.0801,1.5705
2003-04-16,120.04,1.0872,1.574
2003-04-17,119.3,1.0907,1.5748
2003-04-18,119.72,1.0882,1.5733
2003-04-21,120.55,1.0857,1.5592
2003-04-22,119.68,1.0966,1.5768
2003-04-23,120.33,1.0949,1.5815
2003-04-24,119.83,1.1039,1.5971
2003-04-25,120.25,1.104,1.5915
2003-04-28,120.34,1.0999,1.5906
2003-04-29,120.14,1.101,1.5904
2003-04-30,119.07,1.118,1.6
2003-05-01,118.56,1.1238,1.6103
2003-05-02,119.1,1.12,1.602
2003-05-05,118.64,1.1271,1.606
2003-05-06,117.94,1.1354,1.614
2003-05-07,116.51,1.134,1.593
2003-05-08,116.65,1.1453,1.6034
2003-05-09,117.2,1.1498,1.6045
2003-05-12,116.94,1.1557,1.6095
2003-05-13,116.56,1.1499,1.6092
2003-05-14,116.16,1.1498,1.6163
2003-05-15,115.94,1.1457,1.6262
2003-05-16,116.01,1.1542,1.6241
2003-05-19,116.58,1.1686,1.6352
2003-05-20,116.77,1.1685,1.6393
2003-05-21,117.23,1.1707,1.6415
2003-05-22,117.25,1.17,1.6346
2003-05-23,116.89,1.1786,1.6376
2003-05-26,,,
2003-05-27,117.12,1.1853,1.64
2003-05-28,118.73,1.1742,1.635
2003-05-29,118.45,1.1835,1.6484
2003-05-30,119.5,1.1766,1.6393
2003-06-02,118.52,1.1744,1.6372
2003-06-03,119.27,1.1702,1.6278
2003-06-04,118.6,1.1708,1.6333
2003-06-05,117.61,1.187,1.6597
2003-06-06,118.83,1.1695,1.6622
2003-06-09,118.11,1.1743,1.6452
2003-06-10,117.68,1.1686,1.6523
2003-06-11,117.69,1.1764,1.6675
2003-06-12,117.66,1.1767,1.6682
2003-06-13,117.46,1.183,1.6676
2003-06-16,117.79,1.1843,1.6815
2003-06-17,118.2,1.1812,1.684
2003-06-18,118.4,1.171,1.6798
2003-06-19,118.74,1.1678,1.674
2003-06-20,118.39,1.1616,1.6644
2003-06-23,117.55,1.1548,1.6682
2003-06-24,117.96,1.1498,1.6607
2003-06-25,117.54,1.1592,1.6787
2003-06-26,119.32,1.1429,1.664
2003-06-27,119.72,1.1423,1.6492
2003-06-30,119.87,1.1502,1.6529
2003-07-01,119.45,1.158,1.6626
2003-07-02,118.63,1.1524,1.6646
2003-07-03,118.24,1.1503,1.6718
2003-07-04,,,
2003-07-07,118.08,1.1341,1.6515
2003-07-08,118.58,1.1265,1.6326
2003-07-09,117.85,1.1311,1.6306
2003-07-10,117.69,1.139,1.6326
2003-07-11,117.8,1.1304,1.6323
2003-07-14,117.54,1.1298,1.6238
2003-07-15,117.24,1.1233,1.5986
2003-07-16,118.24,1.1209,1.5952
2003-07-17,118.87,1.1164,1.5893
2003-07-18,118.4,1.1239,1.5867
2003-07-21,118.35,1.1346,1.601
2003-07-22,119.34,1.1325,1.5978
2003-07-23,118.77,1.1484,1.609
2003-07-24,119.25,1.1441,1.611
2003-07-25,118.82,1.1513,1.6198
2003-07-28,119.42,1.1497,1.6272
2003-07-29,119.78,1.1466,1.6225
2003-07-30,120.55,1.1367,1.6167
2003-07-31,120.42,1.1231,1.609
2003-08-01,120.0,1.1252,1.6045
2003-08-04,120.47,1.1337,1.608
2003-08-05,119.95,1.1349,1.6085
2003-08-06,120.33,1.1357,1.6081
2003-08-07,118.91,1.139,1.617
2003-08-08,119.02,1.1321,1.608
2003-08-11,118.36,1.1349,1.6068
2003-08-12,118.53,1.1304,1.6028
2003-08-13,119.07,1.1317,1.6082
2003-08-14,119.14,1.1249,1.6
2003-08-15,119.24,1.1255,1.5958
2003-08-18,119.43,1.1138,1.5891
2003-08-19,119.26,1.1117,1.5872
2003-08-20,118.23,1.1104,1.5922
2003-08-21,117.58,1.0976,1.5845
2003-08-22,117.58,1.0871,1.5755
2003-08-25,117.43,1.0892,1.5728
2003-08-26,117.49,1.0893,1.5732
2003-08-27,117.74,1.0906,1.5746
2003-08-28,117.44,1.0896,1.577
2003-08-29,116.71,1.0986,1.5773
2003-09-01,,,
2003-09-02,116.15,1.0872,1.574
2003-09-03,116.04,1.0845,1.5732
2003-09-04,116.77,1.0899,1.5785
2003-09-05,117.06,1.1073,1.5891
2003-09-08,116.48,1.1124,1.5858
2003-09-09,116.33,1.119,1.5909
2003-09-10,117.13,1.1195,1.5897
2003-09-11,117.07,1.1186,1.5937
2003-09-12,117.38,1.1307,1.6062
2003-09-15,117.41,1.1304,1.6018
2003-09-16,116.27,1.1166,1.5871
2003-09-17,115.99,1.1239,1.6044
2003-09-18,115.27,1.124,1.6155
2003-09-19,113.99,1.1346,1.6315
2003-09-22,111.95,1.1468,1.6472
2003-09-23,111.65,1.1487,1.656
2003-09-24,111.7,1.1472,1.6558
2003-09-25,111.86,1.1484,1.6587
2003-09-26,111.8,1.1482,1.6597
2003-09-29,111.07,1.1578,1.6642
2003-09-30,111.43,1.165,1.662
2003-10-01,110.61,1.1708,1.6667
2003-10-02,110.59,1.1717,1.675
2003-10-03,110.9,1.1596,1.663
2003-10-06,110.81,1.1706,1.6742
2003-10-07,109.81,1.1784,1.6628
2003-10-08,109.55,1.1805,1.6598
2003-10-09,109.34,1.1695,1.6609
2003-10-10,108.57,1.1812,1.6654
2003-10-13,,,
2003-10-14,109.29,1.1724,1.6737
2003-10-15,109.56,1.1652,1.6698
2003-10-16,109.36,1.1665,1.676
2003-10-17,109.57,1.163,1.6721
2003-10-20,110.22,1.1671,1.6749
2003-10-21,109.69,1.1676,1.6746
2003-10-22,108.95,1.1805,1.6935
2003-10-23,109.59,1.1795,1.6943
2003-10-24,109.23,1.1833,1.6972
2003-10-27,108.38,1.1762,1.6952
2003-10-28,108.33,1.1689,1.6956
2003-10-29,108.18,1.1673,1.6988
2003-10-30,108.27,1.1694,1.7025
2003-10-31,110.1,1.1609,1.6956
2003-11-03,111.2,1.1454,1.6786
2003-11-04,109.6,1.1497,1.6802
2003-11-05,109.91,1.1473,1.678
2003-11-06,110.15,1.1417,1.6693
2003-11-07,109.29,1.1505,1.6708
2003-11-10,107.98,1.1515,1.6737
2003-11-11,,,
2003-11-12,108.55,1.1647,1.677
2003-11-13,108.33,1.1711,1.688
2003-11-14,108.43,1.1743,1.6841
2003-11-17,108.98,1.1744,1.6885
2003-11-18,108.11,1.1893,1.6998
2003-11-19,109.06,1.1909,1.6982
2003-11-20,108.99,1.1895,1.7024
2003-11-21,108.87,1.1913,1.7025
2003-11-24,109.39,1.1768,1.695
2003-11-25,109.72,1.1785,1.6983
2003-11-26,109.11,1.1918,1.709
2003-11-27,,,
2003-11-28,109.53,1.1995,1.7219
2003-12-01,109.61,1.1956,1.7209
2003-12-02,108.82,1.2084,1.7291
2003-12-03,108.17,1.2093,1.7248
2003-12-04,108.19,1.2077,1.72
2003-12-05,107.78,1.2157,1.727
2003-12-08,107.23,1.2217,1.7334
2003-12-09,107.3,1.2229,1.743
2003-12-10,108.4,1.2215,1.7446
2003-12-11,108.23,1.2164,1.7445
2003-12-12,107.73,1.2284,1.7466
2003-12-15,107.52,1.229,1.745
2003-12-16,107.6,1.2328,1.751
2003-12-17,107.42,1.2381,1.7615
2003-12-18,107.92,1.2376,1.7673
2003-12-19,107.94,1.238,1.7675
2003-12-22,107.4,1.2415,1.7635
2003-12-23,107.44,1.2406,1.765
2003-12-24,107.29,1.2464,1.7748
2003-12-25,,,
2003-12-26,107.18,1.2441,1.7725
2003-12-29,106.93,1.2485,1.7705
2003-12-30,107.0,1.2521,1.7786
2003-12-31,107.13,1.2597,1.7842
2004-01-01,,,
2004-01-02,106.95,1.2592,1.7902
2004-01-05,106.1,1.2679,1.8085
2004-01-06,106.2,1.2773,1.8245
2004-01-07,106.19,1.2665,1.8193
2004-01-08,106.17,1.2772,1.8338
2004-01-09,106.54,1.2853,1.8472
2004-01-12,106.48,1.2802,1.8511
2004-01-13,106.25,1.2735,1.8432
2004-01-14,106.06,1.2726,1.8409
2004-01-15,106.1,1.2588,1.8205
2004-01-16,106.87,1.2395,1.7996
2004-01-19,,,
2004-01-20,107.17,1.2584,1.8187
2004-01-21,106.84,1.2617,1.8295
2004-01-22,106.08,1.2717,1.8446
2004-01-23,106.21,1.261,1.8203
2004-01-26,106.15,1.2552,1.82
2004-01-27,105.56,1.2643,1.8277
2004-01-28,105.52,1.262,1.837
2004-01-29,106.09,1.2389,1.8112
2004-01-30,105.84,1.2452,1.8215
2004-02-02,105.59,1.2426,1.8182
2004-02-03,105.36,1.2561,1.838
2004-02-04,105.53,1.2552,1.8335
2004-02-05,105.52,1.2606,1.8378
2004-02-06,105.57,1.2694,1.8459
2004-02-09,105.68,1.2672,1.858
2004-02-10,105.55,1.2727,1.8697
2004-02-11,105.37,1.2815,1.885
2004-02-12,105.42,1.2807,1.891
2004-02-13,105.6,1.2751,1.883
2004-02-16,,,
2004-02-17,105.8,1.2848,1.9045
2004-02-18,106.37,1.2812,1.9023
2004-02-19,107.09,1.2685,1.8921
2004-02-20,108.83,1.2563,1.8668
2004-02-23,108.22,1.2569,1.8686
2004-02-24,108.11,1.2692,1.8901
2004-02-25,108.99,1.2503,1.8757
2004-02-26,109.59,1.2444,1.8609
2004-02-27,109.26,1.2441,1.8575
2004-03-01,108.93,1.2431,1.868
2004-03-02,110.27,1.2212,1.8386
2004-03-03,110.25,1.2088,1.8192
2004-03-04,110.74,1.2225,1.825
2004-03-05,111.42,1.2401,1.8428
2004-03-08,112.12,1.2371,1.8471
2004-03-09,111.2,1.2428,1.8395
2004-03-10,111.04,1.2226,1.8
2004-03-11,110.89,1.2268,1.8008
2004-03-12,110.82,1.2191,1.7943
2004-03-15,110.48,1.2243,1.7993
2004-03-16,108.95,1.227,1.8105
2004-03-17,108.18,1.2197,1.8132
2004-03-18,106.6,1.2392,1.8363
2004-03-19,106.97,1.2269,1.827
2004-03-22,106.84,1.2368,1.8485
2004-03-23,106.63,1.2311,1.8502
2004-03-24,106.23,1.2213,1.8351
2004-03-25,106.06,1.217,1.8099
2004-03-26,105.93,1.2092,1.8104
2004-03-29,105.52,1.2141,1.8163
2004-03-30,105.61,1.2202,1.8283
2004-03-31,104.18,1.2292,1.84
2004-04-01,103.7,1.2358,1.8564
2004-04-02,104.55,1.2109,1.8293
2004-04-05,105.36,1.2008,1.814
2004-04-06,105.9,1.2089,1.8374
2004-04-07,105.2,1.2171,1.841
2004-04-08,106.1,1.2088,1.8325
2004-04-09,106.45,1.2102,1.8322
2004-04-12,105.5,1.2068,1.8358
2004-04-13,106.96,1.1923,1.816
2004-04-14,108.53,1.194,1.7902
2004-04-15,108.58,1.1914,1.7785
2004-04-16,107.69,1.2025,1.8004
2004-04-19,108.5,1.2019,1.8055
2004-04-20,108.43,1.191,1.7914
2004-04-21,109.55,1.1853,1.772
2004-04-22,109.85,1.1861,1.7684
2004-04-23,109.38,1.1802,1.7674
2004-04-26,108.55,1.1851,1.7857
2004-04-27,109.48,1.1927,1.7925
2004-04-28,109.85,1.183,1.772
2004-04-29,109.96,1.1945,1.7751
2004-04-30,110.37,1.1975,1.7744
2004-05-03,110.34,1.1937,1.772
2004-05-04,110.02,1.2076,1.7907
2004-05-05,108.5,1.2165,1.7932
2004-05-06,109.58,1.209,1.7941
2004-05-07,112.3,1.1885,1.7842
2004-05-10,114.03,1.1834,1.7723
2004-05-11,113.67,1.1818,1.7544
2004-05-12,113.21,1.1911,1.7743
2004-05-13,114.25,1.1801,1.7584
2004-05-14,114.3,1.1874,1.7572
2004-05-17,114.1,1.2009,1.7695
2004-05-18,114.06,1.1971,1.7695
2004-05-19,112.77,1.2015,1.7827
2004-05-20,113.18,1.1926,1.771
2004-05-21,112.09,1.2009,1.788
2004-05-24,112.66,1.1978,1.7908
2004-05-25,112.21,1.2107,1.8135
2004-05-26,111.7,1.2102,1.8142
2004-05-27,110.77,1.2274,1.8369
2004-05-28,110.18,1.2217,1.833
2004-05-31,,,
2004-06-01,110.45,1.221,1.8359
2004-06-02,110.28,1.225,1.8381
2004-06-03,111.14,1.2205,1.8387
2004-06-04,111.27,1.2258,1.8367
2004-06-07,109.61,1.232,1.8386
2004-06-08,109.77,1.2273,1.8361
2004-06-09,109.74,1.2097,1.8292
2004-06-10,109.33,1.211,1.838
2004-06-11,110.09,1.2011,1.8175
2004-06-14,111.15,1.2073,1.8148
2004-06-15,109.59,1.2139,1.8278
2004-06-16,110.15,1.2006,1.8262
2004-06-17,109.63,1.204,1.8341
2004-06-18,108.65,1.2118,1.8368
2004-06-21,108.57,1.211,1.831
2004-06-22,109.0,1.2092,1.8217
2004-06-23,108.64,1.209,1.8184
2004-06-24,107.1,1.217,1.8216
2004-06-25,107.82,1.2145,1.8218
2004-06-28,107.95,1.2193,1.8294
2004-06-29,108.18,1.2124,1.809
2004-06-30,109.43,1.2179,1.8126
2004-07-01,108.24,1.2158,1.816
2004-07-02,108.6,1.2307,1.83
2004-07-05,,,
2004-07-06,109.24,1.229,1.8423
2004-07-07,108.38,1.2384,1.8571
2004-07-08,108.76,1.239,1.8566
2004-07-09,108.21,1.2388,1.8555
2004-07-12,108.24,1.2409,1.864
2004-07-13,109.37,1.2302,1.854
2004-07-14,109.13,1.2385,1.8564
2004-07-15,109.52,1.2373,1.8545
2004-07-16,108.77,1.2437,1.8708
2004-07-19,108.28,1.2431,1.8734
2004-07-20,108.38,1.2377,1.8556
2004-07-21,110.1,1.2224,1.8354
2004-07-22,109.68,1.2273,1.847
2004-07-23,110.11,1.2122,1.8321
2004-07-26,110.08,1.2135,1.8393
2004-07-27,111.09,1.2056,1.8219
2004-07-28,111.78,1.2046,1.8222
2004-07-29,111.88,1.207,1.8174
2004-07-30,111.39,1.2032,1.8183
2004-08-02,111.08,1.2034,1.8273
2004-08-03,110.6,1.2051,1.8243
2004-08-04,111.29,1.2057,1.8248
2004-08-05,111.53,1.205,1.8231
2004-08-06,110.05,1.2272,1.8459
2004-08-09,110.57,1.2261,1.8403
2004-08-10,110.79,1.2306,1.8387
2004-08-11,110.78,1.2222,1.828
2004-08-12,111.14,1.2224,1.821
2004-08-13,110.67,1.2354,1.8432
2004-08-16,110.64,1.2333,1.8392
2004-08-17,110.07,1.2329,1.8288
2004-08-18,109.71,1.2299,1.8225
2004-08-19,109.34,1.2368,1.8313
2004-08-20,109.32,1.2324,1.8213
2004-08-23,109.47,1.2196,1.8143
2004-08-24,109.63,1.2099,1.7935
2004-08-25,110.38,1.209,1.7965
2004-08-26,109.73,1.2084,1.7939
2004-08-27,109.51,1.2025,1.7921
2004-08-30,109.84,1.2049,1.7925
2004-08-31,109.0,1.2183,1.8031
2004-09-01,109.62,1.2179,1.794
2004-09-02,109.52,1.2164,1.7916
2004-09-03,110.47,1.2052,1.7759
2004-09-06,,,
2004-09-07,109.32,1.2093,1.7733
2004-09-08,109.22,1.2164,1.7882
2004-09-09,109.69,1.2189,1.7853
2004-09-10,109.33,1.2282,1.7979
2004-09-13,110.13,1.2251,1.7956
2004-09-14,109.4,1.2268,1.8001
2004-09-15,110.34,1.2144,1.7772
2004-09-16,109.75,1.2154,1.7909
2004-09-17,109.97,1.2174,1.7921
2004-09-20,109.87,1.2172,1.788
2004-09-21,109.94,1.2264,1.7946
2004-09-22,110.53,1.2261,1.7949
2004-09-23,110.39,1.2298,1.8003
2004-09-24,110.72,1.2256,1.8031
2004-09-27,111.13,1.2307,1.8076
2004-09-28,111.48,1.2306,1.8105
2004-09-29,110.9,1.2308,1.797
2004-09-30,110.2,1.2417,1.809
2004-10-01,110.45,1.24,1.7976
2004-10-04,111.13,1.2274,1.7827
2004-10-05,111.21,1.2316,1.7828
2004-10-06,111.34,1.2298,1.779
2004-10-07,111.15,1.2286,1.7822
2004-10-08,109.44,1.2418,1.7935
2004-10-11,,,
2004-10-12,109.79,1.232,1.7879
2004-10-13,109.78,1.2271,1.789
2004-10-14,109.6,1.2393,1.7972
2004-10-15,109.14,1.2478,1.8048
2004-10-18,109.23,1.252,1.801
2004-10-19,108.36,1.2515,1.8039
2004-10-20,108.16,1.2627,1.8187
2004-10-21,107.43,1.2622,1.8297
2004-10-22,107.42,1.2639,1.8277
2004-10-25,106.61,1.2783,1.8404
2004-10-26,106.63,1.2758,1.8369
2004-10-27,106.67,1.2725,1.8323
2004-10-28,106.09,1.2759,1.832
2004-10-29,106.04,1.2746,1.8345
2004-11-01,106.41,1.2741,1.8323
2004-11-02,106.29,1.2703,1.8385
2004-11-03,106.2,1.2787,1.8445
2004-11-04,106.02,1.2883,1.844
2004-11-05,105.6,1.2938,1.8542
2004-11-08,105.57,1.2936,1.8564
2004-11-09,105.57,1.293,1.8589
2004-11-10,106.91,1.2925,1.8476
2004-11-11,,,
2004-11-12,105.53,1.2973,1.8552
2004-11-15,105.53,1.2944,1.848
2004-11-16,105.35,1.2979,1.8544
2004-11-17,104.18,1.3031,1.858
2004-11-18,104.23,1.2982,1.8514
2004-11-19,102.8,1.3059,1.86
2004-11-22,103.2,1.3048,1.859
2004-11-23,103.42,1.309,1.8713
2004-11-24,102.94,1.3162,1.8813
2004-11-25,,,
2004-11-26,102.58,1.3288,1.8965
2004-11-29,102.61,1.3286,1.8948
2004-11-30,103.04,1.3259,1.9073
2004-12-01,102.78,1.3308,1.9297
2004-12-02,103.11,1.3268,1.9225
2004-12-03,102.56,1.339,1.9375
2004-12-06,102.68,1.3431,1.9423
2004-12-07,102.74,1.3437,1.9459
2004-12-08,104.74,1.3252,1.9283
2004-12-09,104.93,1.3274,1.9185
2004-12-10,105.45,1.3224,1.9134
2004-12-13,104.67,1.3309,1.9235
2004-12-14,105.59,1.328,1.9239
2004-12-15,104.02,1.3429,1.9446
2004-12-16,104.36,1.3287,1.9375
2004-12-17,104.28,1.3295,1.939
2004-12-20,104.01,1.3396,1.9482
2004-12-21,104.33,1.3377,1.9263
2004-12-22,103.95,1.339,1.9125
2004-12-23,103.71,1.3491,1.9193
2004-12-24,103.65,1.3536,1.9236
2004-12-27,102.97,1.3625,1.9369
2004-12-28,103.13,1.3621,1.9316
2004-12-29,104.19,1.3568,1.9157
2004-12-30,103.11,1.3623,1.922
2004-12-31,102.68,1.3538,1.916
2005-01-03,102.83,1.3476,1.9058
2005-01-04,104.27,1.3295,1.8834
2005-01-05,103.95,1.3292,1.8875
2005-01-06,104.87,1.3187,1.8751
2005-01-07,104.93,1.3062,1.8702
2005-01-10,104.32,1.3109,1.8751
2005-01-11,103.42,1.3161,1.8796
2005-01-12,102.26,1.3281,1.8932
2005-01-13,102.55,1.3207,1.8832
2005-01-14,102.5,1.3106,1.8695
2005-01-17,,,
2005-01-18,102.36,1.3043,1.8693
2005-01-19,102.52,1.3036,1.8742
2005-01-20,103.31,1.2959,1.872
2005-01-21,102.85,1.3049,1.874
2005-01-24,102.67,1.3041,1.8778
2005-01-25,104.16,1.2954,1.8647
2005-01-26,102.9,1.3081,1.8833
2005-01-27,103.15,1.3032,1.8866
2005-01-28,103.45,1.3033,1.885
2005-01-31,103.55,1.3049,1.885
2005-02-01,103.93,1.3017,1.8792
2005-02-02,104.05,1.3015,1.8826
2005-02-03,104.55,1.2959,1.8805
2005-02-04,103.7,1.2927,1.885
2005-02-07,104.68,1.2773,1.8607
2005-02-08,105.65,1.2783,1.857
2005-02-09,105.84,1.2797,1.8582
2005-02-10,105.69,1.2882,1.8708
2005-02-11,105.75,1.2864,1.866
2005-02-14,104.94,1.2981,1.8917
2005-02-15,104.47,1.2986,1.8894
2005-02-16,105.62,1.2994,1.878
2005-02-17,105.4,1.3083,1.895
2005-02-18,105.69,1.3075,1.8949
2005-02-21,,,
2005-02-22,104.15,1.323,1.9092
2005-02-23,104.96,1.3208,1.9066
2005-02-24,105.41,1.3205,1.9104
2005-02-25,105.21,1.3195,1.9149
2005-02-28,104.25,1.3274,1.9249
2005-03-01,104.37,1.3189,1.9206
2005-03-02,104.71,1.3127,1.9124
2005-03-03,105.02,1.313,1.9098
2005-03-04,104.46,1.3244,1.9243
2005-03-07,105.22,1.3203,1.9159
2005-03-08,104.51,1.3342,1.9292
2005-03-09,103.87,1.3384,1.9239
2005-03-10,104.15,1.3409,1.9233
2005-03-11,103.93,1.3465,1.9261
2005-03-14,105.01,1.3346,1.9116
2005-03-15,104.54,1.3315,1.9134
2005-03-16,104.1,1.3423,1.9264
2005-03-17,104.57,1.3373,1.924
2005-03-18,104.7,1.3311,1.9192
2005-03-21,105.1,1.3165,1.8974
2005-03-22,104.99,1.321,1.8997
2005-03-23,105.76,1.3005,1.8712
2005-03-24,106.26,1.2957,1.8709
2005-03-25,106.32,1.2954,1.8684
2005-03-28,107.22,1.2877,1.8657
2005-03-29,107.49,1.2913,1.8752
2005-03-30,107.33,1.2944,1.8816
2005-03-31,107.22,1.2969,1.8888
2005-04-01,107.57,1.2896,1.8789
2005-04-04,108.28,1.2838,1.8733
2005-04-05,108.43,1.2842,1.8773
2005-04-06,108.67,1.2868,1.8787
2005-04-07,108.44,1.2906,1.8768
2005-04-08,108.26,1.2912,1.8824
2005-04-11,107.79,1.2972,1.8908
2005-04-12,108.26,1.2873,1.8842
2005-04-13,107.32,1.2918,1.893
2005-04-14,108.18,1.2819,1.8806
2005-04-15,107.65,1.2928,1.893
2005-04-18,107.39,1.3037,1.9052
2005-04-19,107.02,1.3034,1.9165
2005-04-20,106.82,1.308,1.9197
2005-04-21,106.85,1.3093,1.9104
2005-04-22,105.85,1.3068,1.9151
2005-04-25,105.67,1.2984,1.9117
2005-04-26,106.03,1.2964,1.904
2005-04-27,105.98,1.2938,1.9047
2005-04-28,105.97,1.2916,1.9097
2005-04-29,104.64,1.2919,1.9122
2005-05-02,105.07,1.2857,1.8959
2005-05-03,105.16,1.2889,1.891
2005-05-04,104.77,1.2936,1.9
2005-05-05,104.41,1.2936,1.9048
2005-05-06,104.93,1.2832,1.892
2005-05-09,105.54,1.2839,1.8836
2005-05-10,105.53,1.2877,1.8828
2005-05-11,105.74,1.2803,1.8735
2005-05-12,106.68,1.2706,1.865
2005-05-13,107.14,1.2645,1.853
2005-05-16,107.02,1.263,1.8368
2005-05-17,107.15,1.2644,1.8401
2005-05-18,107.05,1.266,1.8382
2005-05-19,107.43,1.2628,1.8367
2005-05-20,108.17,1.2553,1.8246
2005-05-23,107.72,1.2575,1.8288
2005-05-24,107.46,1.2588,1.8288
2005-05-25,107.73,1.2602,1.8312
2005-05-26,107.95,1.2517,1.8205
2005-05-27,107.88,1.2568,1.8227
2005-05-30,,,
2005-05-31,107.97,1.2349,1.8231
2005-06-01,108.42,1.2232,1.812
2005-06-02,108.31,1.2266,1.8156
2005-06-03,107.84,1.2227,1.8119
2005-06-06,106.86,1.2268,1.8209
2005-06-07,106.64,1.2277,1.832
2005-06-08,106.89,1.232,1.8368
2005-06-09,107.52,1.2216,1.8209
2005-06-10,108.45,1.2127,1.8128
2005-06-13,109.58,1.2035,1.8011
2005-06-14,109.38,1.2038,1.8062
2005-06-15,109.34,1.2106,1.8219
2005-06-16,109.08,1.2089,1.8206
2005-06-17,108.83,1.224,1.8266
2005-06-20,109.42,1.214,1.8231
2005-06-21,108.52,1.2134,1.824
2005-06-22,108.89,1.213,1.8218
2005-06-23,108.79,1.2054,1.818
2005-06-24,109.22,1.2088,1.8221
2005-06-27,109.39,1.2152,1.8252
2005-06-28,109.89,1.2078,1.8157
2005-06-29,110.27,1.2101,1.808
2005-06-30,110.91,1.2098,1.793
2005-07-01,111.68,1.1957,1.7708
2005-07-04,,,
2005-07-05,111.61,1.1917,1.757
2005-07-06,112.07,1.1918,1.7583
2005-07-07,112.08,1.1928,1.7418
2005-07-08,112.17,1.1934,1.736
2005-07-11,111.76,1.2066,1.7563
2005-07-12,110.94,1.22,1.7753
2005-07-13,112.08,1.209,1.7554
2005-07-14,112.14,1.2089,1.7585
2005-07-15,112.32,1.2037,1.7533
2005-07-18,111.62,1.2077,1.7523
2005-07-19,112.95,1.2001,1.7364
2005-07-20,113.42,1.2046,1.7303
2005-07-21,110.47,1.2113,1.7471
2005-07-22,110.98,1.2079,1.7413
2005-07-25,111.59,1.2054,1.7455
2005-07-26,112.3,1.2007,1.7415
2005-07-27,112.3,1.2048,1.7438
2005-07-28,112.34,1.2121,1.7547
2005-07-29,112.25,1.2129,1.7593
2005-08-01,112.12,1.2195,1.7695
2005-08-02,111.28,1.2209,1.7728
2005-08-03,111.05,1.2337,1.7808
2005-08-04,111.17,1.2383,1.7797
2005-08-05,112.09,1.2327,1.7748
2005-08-08,111.87,1.2361,1.7863
2005-08-09,112.07,1.2347,1.7844
2005-08-10,110.67,1.2345,1.7922
2005-08-11,109.92,1.2434,1.8071
2005-08-12,109.55,1.2428,1.8148
2005-08-15,109.4,1.2362,1.8088
2005-08-16,109.37,1.2342,1.8096
2005-08-17,109.63,1.229,1.8076
2005-08-18,110.54,1.2178,1.7949
2005-08-19,110.68,1.2147,1.7933
2005-08-22,109.75,1.2235,1.8022
2005-08-23,109.83,1.2213,1.7996
2005-08-24,110.35,1.2239,1.7965
2005-08-25,109.9,1.2311,1.8045
2005-08-26,109.85,1.2324,1.8066
2005-08-29,110.53,1.2248,1.8006
2005-08-30,111.49,1.2204,1.784
2005-08-31,110.84,1.233,1.8012
2005-09-01,110.16,1.2447,1.8279
2005-09-02,109.66,1.2538,1.8403
2005-09-05,,,
2005-09-06,109.67,1.2483,1.842
2005-09-07,110.06,1.2439,1.8394
2005-09-08,110.49,1.24,1.8388
2005-09-09,109.69,1.2433,1.84
2005-09-12,109.91,1.2288,1.8236
2005-09-13,110.85,1.2263,1.8214
2005-09-14,110.27,1.2282,1.8244
2005-09-15,110.48,1.2216,1.8069
2005-09-16,111.38,1.2214,1.8035
2005-09-19,111.3,1.2153,1.8041
2005-09-20,111.54,1.2177,1.8046
2005-09-21,111.33,1.2208,1.8097
2005-09-22,111.63,1.2153,1.7917
2005-09-23,112.17,1.2077,1.7788
2005-09-26,112.41,1.2036,1.7746
2005-09-27,113.32,1.2011,1.7677
2005-09-28,113.27,1.2016,1.7639
2005-09-29,113.14,1.202,1.762
2005-09-30,113.29,1.2058,1.7696
2005-10-03,114.17,1.1914,1.7558
2005-10-04,114.33,1.1918,1.7587
2005-10-05,113.72,1.1984,1.7655
2005-10-06,113.54,1.2133,1.7728
2005-10-07,113.82,1.2115,1.7599
2005-10-10,,,
2005-10-11,114.21,1.2015,1.7489
2005-10-12,114.36,1.204,1.7532
2005-10-13,114.97,1.1938,1.7484
2005-10-14,114.03,1.2073,1.7677
2005-10-17,114.86,1.204,1.7553
2005-10-18,115.71,1.1939,1.7487
2005-10-19,115.47,1.1988,1.7627
2005-10-20,115.48,1.1982,1.7712
2005-10-21,115.93,1.1958,1.7692
2005-10-24,115.18,1.1998,1.7711
2005-10-25,114.78,1.2099,1.7855
2005-10-26,115.81,1.2082,1.7766
2005-10-27,115.14,1.2148,1.7836
2005-10-28,115.52,1.2089,1.7781
2005-10-31,116.36,1.1995,1.7689
2005-11-01,116.63,1.1998,1.763
2005-11-02,116.76,1.2067,1.7755
2005-11-03,117.21,1.1971,1.772
2005-11-04,118.2,1.1828,1.751
2005-11-07,117.57,1.1795,1.744
2005-11-08,117.1,1.1773,1.7415
2005-11-09,117.51,1.1748,1.7415
2005-11-10,118.05,1.174,1.7462
2005-11-11,,,
2005-11-14,118.88,1.1667,1.7349
2005-11-15,118.93,1.1695,1.7366
2005-11-16,119.17,1.1672,1.7166
2005-11-17,118.81,1.1706,1.719
2005-11-18,119.21,1.1741,1.7147
2005-11-21,119.03,1.1734,1.7165
2005-11-22,119.22,1.1737,1.7138
2005-11-23,118.76,1.1799,1.7214
2005-11-24,,,
2005-11-25,119.65,1.1724,1.7155
2005-11-28,119.25,1.1804,1.7221
2005-11-29,119.48,1.1786,1.7203
2005-11-30,119.66,1.179,1.7321
2005-12-01,120.62,1.1702,1.729
2005-12-02,120.77,1.1699,1.7304
2005-12-05,120.83,1.1787,1.7397
2005-12-06,120.82,1.1784,1.7402
2005-12-07,120.93,1.1722,1.735
2005-12-08,120.27,1.183,1.7514
2005-12-09,120.54,1.1824,1.7554
2005-12-12,119.9,1.1969,1.774
2005-12-13,120.11,1.1926,1.7674
2005-12-14,116.81,1.2041,1.7739
2005-12-15,116.55,1.1965,1.7648
2005-12-16,115.78,1.2012,1.7716
2005-12-19,116.01,1.1996,1.7641
2005-12-20,117.01,1.1848,1.7544
2005-12-21,117.4,1.1816,1.7402
2005-12-22,116.55,1.1883,1.7395
2005-12-23,116.38,1.1857,1.7326
2005-12-26,,,
2005-12-27,117.07,1.1856,1.7308
2005-12-28,117.62,1.1875,1.7226
2005-12-29,117.86,1.1846,1.7261
2005-12-30,117.88,1.1842,1.7188
2006-01-02,,,
2006-01-03,116.34,1.198,1.7404
2006-01-04,116.31,1.2091,1.7588
2006-01-05,115.96,1.2101,1.7566
2006-01-06,114.45,1.2148,1.7697
2006-01-09,114.66,1.2064,1.7645
2006-01-10,114.64,1.2063,1.7645
2006-01-11,113.96,1.2135,1.7643
2006-01-12,114.31,1.2035,1.7612
2006-01-13,114.43,1.2103,1.7715
2006-01-16,,,
2006-01-17,115.83,1.2073,1.7628
2006-01-18,115.35,1.2083,1.7622
2006-01-19,115.07,1.211,1.7618
2006-01-20,115.42,1.2101,1.7663
2006-01-23,114.67,1.2276,1.7842
2006-01-24,114.54,1.2287,1.7885
2006-01-25,115.73,1.2252,1.7874
2006-01-26,116.27,1.2229,1.783
2006-01-27,117.16,1.213,1.7733
2006-01-30,117.55,1.2091,1.7688
2006-01-31,116.88,1.2158,1.782
2006-02-01,117.85,1.2092,1.7781
2006-02-02,118.26,1.21,1.7807
2006-02-03,118.95,1.2021,1.7626
2006-02-06,118.94,1.1971,1.7462
2006-02-07,118.01,1.1974,1.7444
2006-02-08,118.69,1.1935,1.7405
2006-02-09,118.66,1.1963,1.7411
2006-02-10,117.64,1.192,1.7454
2006-02-13,117.63,1.1905,1.7438
2006-02-14,117.43,1.1895,1.7343
2006-02-15,117.93,1.1884,1.7401
2006-02-16,117.91,1.1882,1.7354
2006-02-17,118.43,1.1906,1.7403
2006-02-20,,,
2006-02-21,118.85,1.1912,1.7447
2006-02-22,118.51,1.1905,1.7425
2006-02-23,117.0,1.1923,1.7522
2006-02-24,116.87,1.1882,1.7448
2006-02-27,115.97,1.186,1.7409
2006-02-28,115.82,1.1925,1.7539
2006-03-01,116.18,1.1899,1.7473
2006-03-02,116.07,1.2003,1.7493
2006-03-03,116.46,1.2028,1.7531
2006-03-06,117.46,1.2002,1.7492
2006-03-07,117.76,1.1888,1.7362
2006-03-08,117.9,1.1914,1.7359
2006-03-09,117.96,1.192,1.7366
2006-03-10,119.07,1.1886,1.7256
2006-03-13,119.01,1.1942,1.731
2006-03-14,117.36,1.2025,1.7479
2006-03-15,117.3,1.2045,1.746
2006-03-16,117.13,1.2151,1.7552
2006-03-17,115.89,1.2197,1.7567
2006-03-20,116.25,1.2168,1.7563
2006-03-21,117.23,1.2079,1.7459
2006-03-22,116.72,1.2095,1.7483
2006-03-23,117.6,1.1984,1.7367
2006-03-24,117.5,1.2034,1.7427
2006-03-27,116.62,1.2015,1.747
2006-03-28,117.23,1.2078,1.7497
2006-03-29,117.8,1.203,1.7356
2006-03-30,117.41,1.2132,1.7448
2006-03-31,117.48,1.2139,1.7393
2006-04-03,117.82,1.2124,1.7389
2006-04-04,117.44,1.2258,1.7559
2006-04-05,117.59,1.2272,1.7497
2006-04-06,117.72,1.2216,1.7504
2006-04-07,118.31,1.2109,1.7407
2006-04-10,118.66,1.2091,1.7405
2006-04-11,118.61,1.2125,1.7467
2006-04-12,118.47,1.2107,1.7508
2006-04-13,118.42,1.2107,1.7529
2006-04-14,118.65,1.2106,1.751
2006-04-17,117.68,1.2267,1.7716
2006-04-18,117.75,1.2274,1.7762
2006-04-19,117.58,1.2345,1.7895
2006-04-20,117.49,1.2326,1.7801
2006-04-21,116.91,1.234,1.7817
2006-04-24,114.93,1.2373,1.7839
2006-04-25,114.83,1.2412,1.7876
2006-04-26,114.72,1.2464,1.7897
2006-04-27,114.02,1.2525,1.8011
2006-04-28,113.79,1.2624,1.822
2006-05-01,113.06,1.2607,1.8286
2006-05-02,113.26,1.2644,1.8397
2006-05-03,113.44,1.2639,1.8446
2006-05-04,113.46,1.2684,1.8485
2006-05-05,112.45,1.2733,1.8588
2006-05-08,111.55,1.272,1.8584
2006-05-09,111.31,1.2747,1.8632
2006-05-10,110.55,1.2799,1.8648
2006-05-11,110.26,1.2855,1.8842
2006-05-12,110.49,1.2888,1.8911
2006-05-15,110.21,1.2826,1.8836
2006-05-16,110.07,1.2817,1.8819
2006-05-17,110.6,1.2722,1.882
2006-05-18,110.89,1.2795,1.8878
2006-05-19,111.76,1.275,1.8755
2006-05-22,111.62,1.285,1.8861
2006-05-23,111.35,1.2844,1.8809
2006-05-24,112.8,1.2747,1.8678
2006-05-25,111.92,1.2777,1.8719
2006-05-26,112.58,1.2739,1.8566
2006-05-29,,,
2006-05-30,112.18,1.2868,1.8825
2006-05-31,112.26,1.2833,1.8732
2006-06-01,112.43,1.2824,1.8686
2006-06-02,111.66,1.2912,1.8817
2006-06-05,111.7,1.2953,1.8786
2006-06-06,113.26,1.2828,1.8608
2006-06-07,113.35,1.2799,1.8585
2006-06-08,114.22,1.2648,1.8425
2006-06-09,113.89,1.2636,1.8426
2006-06-12,114.17,1.2587,1.844
2006-06-13,115.06,1.2574,1.8398
2006-06-14,114.85,1.2631,1.8491
2006-06-15,115.06,1.2616,1.8477
2006-06-16,115.12,1.2623,1.8484
2006-06-19,115.26,1.2577,1.8401
2006-06-20,115.02,1.2568,1.8399
2006-06-21,114.76,1.2665,1.846
2006-06-22,115.94,1.2582,1.8306
2006-06-23,116.26,1.2522,1.8204
2006-06-26,116.38,1.2554,1.819
2006-06-27,116.26,1.2589,1.8237
2006-06-28,116.42,1.2532,1.8159
2006-06-29,116.17,1.2534,1.8108
2006-06-30,114.51,1.2779,1.8491
2006-07-03,114.92,1.2793,1.841
2006-07-04,,,
2006-07-05,115.65,1.2726,1.8342
2006-07-06,115.18,1.2757,1.8376
2006-07-07,113.98,1.2822,1.8513
2006-07-10,113.97,1.2751,1.842
2006-07-11,114.15,1.2754,1.8431
2006-07-12,115.41,1.2706,1.8347
2006-07-13,115.45,1.2673,1.8404
2006-07-14,116.33,1.2641,1.8364
2006-07-17,117.08,1.2529,1.8203
2006-07-18,117.44,1.25,1.8271
2006-07-19,117.08,1.256,1.8377
2006-07-20,116.83,1.2639,1.8495
2006-07-21,116.34,1.2684,1.8586
2006-07-24,116.65,1.263,1.8492
2006-07-25,117.3,1.2576,1.8407
2006-07-26,116.85,1.2628,1.8474
2006-07-27,115.55,1.2732,1.8627
2006-07-28,114.74,1.2748,1.8645
2006-07-31,114.44,1.2764,1.8685
2006-08-01,114.96,1.2778,1.8711
2006-08-02,114.54,1.2798,1.8781
2006-08-03,115.27,1.2779,1.8847
2006-08-04,114.21,1.2894,1.9098
2006-08-07,114.85,1.2867,1.9102
2006-08-08,115.01,1.2839,1.9077
2006-08-09,115.14,1.2888,1.9089
2006-08-10,115.59,1.2765,1.8888
2006-08-11,116.18,1.2757,1.8952
2006-08-14,116.53,1.2735,1.8902
2006-08-15,115.96,1.2788,1.8948
2006-08-16,115.71,1.2864,1.8999
2006-08-17,115.44,1.287,1.894
2006-08-18,115.79,1.281,1.8808
2006-08-21,115.86,1.2914,1.8968
2006-08-22,116.61,1.2804,1.8881
2006-08-23,116.43,1.2794,1.8929
2006-08-24,116.38,1.276,1.8884
2006-08-25,117.31,1.2767,1.8884
2006-08-28,117.15,1.2784,1.8968
2006-08-29,116.92,1.2768,1.8914
2006-08-30,117.07,1.2825,1.9042
2006-08-31,117.35,1.2793,1.9024
2006-09-01,117.21,1.2833,1.905
2006-09-04,,,
2006-09-05,116.04,1.281,1.8926
2006-09-06,116.73,1.2787,1.881
2006-09-07,116.3,1.2757,1.8763
2006-09-08,116.89,1.2673,1.8655
2006-09-11,117.57,1.2699,1.863
2006-09-12,117.82,1.2693,1.8747
2006-09-13,117.47,1.2708,1.8767
2006-09-14,117.47,1.2736,1.8886
2006-09-15,117.72,1.2648,1.8783
2006-09-18,118.02,1.2671,1.8773
2006-09-19,117.6,1.2683,1.8828
2006-09-20,117.29,1.2701,1.8894
2006-09-21,116.76,1.273,1.897
2006-09-22,116.45,1.2796,1.9012
2006-09-25,116.43,1.2747,1.9001
2006-09-26,117.16,1.2687,1.8954
2006-09-27,117.53,1.2699,1.8866
2006-09-28,117.84,1.2697,1.8746
2006-09-29,117.99,1.2687,1.8716
2006-10-02,117.66,1.2744,1.8861
2006-10-03,117.84,1.2727,1.8873
2006-10-04,118.02,1.2687,1.8839
2006-10-05,117.69,1.2687,1.8772
2006-10-06,118.89,1.26,1.8712
2006-10-09,,,
2006-10-10,119.68,1.2541,1.8548
2006-10-11,119.49,1.2547,1.8568
2006-10-12,119.53,1.2537,1.8558
2006-10-13,119.81,1.2502,1.8551
2006-10-16,119.25,1.2518,1.8606
2006-10-17,118.63,1.2564,1.8734
2006-10-18,119.09,1.2516,1.8675
2006-10-19,118.35,1.2594,1.876
2006-10-20,118.73,1.2613,1.8828
2006-10-23,119.32,1.2544,1.871
2006-10-24,119.25,1.2565,1.8745
2006-10-25,119.13,1.2591,1.8772
2006-10-26,118.62,1.2669,1.8876
2006-10-27,117.61,1.2725,1.8968
2006-10-30,117.38,1.2717,1.9025
2006-10-31,116.82,1.2773,1.9084
2006-11-01,117.01,1.2771,1.9091
2006-11-02,117.12,1.278,1.9088
2006-11-03,118.06,1.2705,1.9011
2006-11-06,118.4,1.2715,1.8967
2006-11-07,117.44,1.2806,1.9098
2006-11-08,117.74,1.2775,1.9057
2006-11-09,117.92,1.2835,1.9067
2006-11-10,117.47,1.2861,1.912
2006-11-13,118.14,1.281,1.9024
2006-11-14,117.72,1.2812,1.8946
2006-11-15,118.06,1.2808,1.8883
2006-11-16,118.12,1.2808,1.8902
2006-11-17,117.73,1.2823,1.8936
2006-11-20,118.16,1.281,1.8963
2006-11-21,118.0,1.2824,1.8984
2006-11-22,116.61,1.2928,1.9145
2006-11-23,,,
2006-11-24,115.93,1.3081,1.9315
2006-11-27,116.12,1.312,1.9368
2006-11-28,116.14,1.3162,1.948
2006-11-29,116.29,1.3146,1.9492
2006-11-30,115.55,1.3261,1.9693
2006-12-01,115.33,1.3316,1.9794
2006-12-04,115.37,1.3327,1.9788
2006-12-05,114.98,1.3327,1.9746
2006-12-06,115.07,1.3307,1.9692
2006-12-07,115.13,1.3296,1.9628
2006-12-08,116.23,1.3215,1.9564
2006-12-11,117.02,1.3223,1.9552
2006-12-12,117.15,1.3233,1.9655
2006-12-13,117.43,1.3215,1.9663
2006-12-14,117.61,1.3174,1.9646
2006-12-15,117.84,1.3095,1.9538
2006-12-18,118.14,1.3073,1.9458
2006-12-19,117.93,1.3194,1.9666
2006-12-20,118.39,1.3183,1.9648
2006-12-21,118.26,1.3175,1.9622
2006-12-22,118.9,1.3131,1.957
2006-12-25,,,
2006-12-26,118.93,1.3132,1.9568
2006-12-27,118.76,1.3125,1.9566
2006-12-28,118.95,1.3158,1.9621
2006-12-29,119.02,1.3197,1.9586
2007-01-01,,,
2007-01-02,118.83,1.3286,1.9736
2007-01-03,119.58,1.3169,1.9498
2007-01-04,119.28,1.3094,1.9443
2007-01-05,118.77,1.3005,1.9305
2007-01-08,118.49,1.3023,1.9385
2007-01-09,119.45,1.2995,1.94
2007-01-10,119.52,1.294,1.9334
2007-01-11,120.49,1.2904,1.9439
2007-01-12,120.36,1.2926,1.9577
2007-01-15,,,
2007-01-16,120.64,1.2918,1.9605
2007-01-17,120.54,1.2948,1.972
2007-01-18,121.32,1.2942,1.9715
2007-01-19,121.22,1.2968,1.9759
2007-01-22,121.56,1.2957,1.9772
2007-01-23,121.54,1.3025,1.9847
2007-01-24,120.77,1.2964,1.9675
2007-01-25,120.97,1.298,1.9703
2007-01-26,121.53,1.2909,1.9598
2007-01-29,121.81,1.2948,1.9592
2007-01-30,121.7,1.2954,1.9617
2007-01-31,121.02,1.2998,1.9611
2007-02-01,120.67,1.3021,1.9686
2007-02-02,121.02,1.296,1.9662
2007-02-05,120.34,1.2933,1.96
2007-02-06,120.35,1.2969,1.9693
2007-02-07,120.65,1.302,1.9699
2007-02-08,121.19,1.3034,1.9586
2007-02-09,121.59,1.3005,1.9512
2007-02-12,121.77,1.2962,1.9474
2007-02-13,121.24,1.3024,1.9443
2007-02-14,120.8,1.3126,1.9628
2007-02-15,119.49,1.314,1.9532
2007-02-16,119.23,1.3137,1.9499
2007-02-19,,,
2007-02-20,120.1,1.3134,1.9547
2007-02-21,120.99,1.3126,1.9524
2007-02-22,121.3,1.3134,1.9571
2007-02-23,121.1,1.3164,1.9639
2007-02-26,120.76,1.3159,1.9631
2007-02-27,118.67,1.3246,1.9661
2007-02-28,118.33,1.323,1.9613
2007-03-01,117.53,1.3173,1.9579
2007-03-02,116.82,1.3182,1.9458
2007-03-05,116.01,1.3094,1.9235
2007-03-06,116.5,1.3108,1.927
2007-03-07,116.41,1.3148,1.9315
2007-03-08,117.35,1.3129,1.93
2007-03-09,118.15,1.3118,1.9318
2007-03-12,117.51,1.3186,1.9291
2007-03-13,116.96,1.3199,1.9322
2007-03-14,116.33,1.3227,1.9337
2007-03-15,117.26,1.3249,1.9365
2007-03-16,116.77,1.3307,1.9423
2007-03-19,117.58,1.3299,1.946
2007-03-20,117.32,1.3291,1.958
2007-03-21,117.83,1.3305,1.9596
2007-03-22,117.79,1.3359,1.9672
2007-03-23,117.82,1.3302,1.9632
2007-03-26,117.84,1.3336,1.9694
2007-03-27,117.8,1.3357,1.9664
2007-03-28,116.83,1.3331,1.9611
2007-03-29,117.75,1.3336,1.9627
2007-03-30,117.56,1.3374,1.9685
2007-04-02,117.69,1.3374,1.9786
2007-04-03,118.83,1.3363,1.9781
2007-04-04,118.72,1.3364,1.9756
2007-04-05,118.66,1.3426,1.9708
2007-04-06,119.33,1.338,1.9655
2007-04-09,119.28,1.3367,1.9608
2007-04-10,119.07,1.3436,1.9718
2007-04-11,119.36,1.3436,1.9786
2007-04-12,118.99,1.3484,1.9769
2007-04-13,119.27,1.3518,1.9829
2007-04-16,119.84,1.355,1.9907
2007-04-17,118.96,1.3569,2.0061
2007-04-18,118.27,1.3574,2.0041
2007-04-19,118.36,1.3605,2.0029
2007-04-20,118.81,1.3601,2.0047
2007-04-23,118.47,1.358,2.0017
2007-04-24,118.52,1.3622,2.0028
2007-04-25,118.62,1.3647,2.0042
2007-04-26,119.5,1.359,1.9903
2007-04-27,119.59,1.3625,1.9985
2007-04-30,119.44,1.366,2.0
2007-05-01,119.77,1.36,1.9993
2007-05-02,120.05,1.3598,1.991
2007-05-03,120.33,1.3566,1.9878
2007-05-04,120.16,1.3587,1.9931
2007-05-07,119.96,1.3616,1.9944
2007-05-08,119.89,1.3532,1.9902
2007-05-09,119.8,1.3549,1.9963
2007-05-10,120.37,1.3512,1.9833
2007-05-11,120.19,1.3519,1.9824
2007-05-14,120.37,1.3544,1.9803
2007-05-15,120.22,1.3603,1.9862
2007-05-16,120.74,1.3522,1.9774
2007-05-17,121.3,1.3494,1.9748
2007-05-18,121.09,1.3511,1.9755
2007-05-21,121.57,1.3457,1.9695
2007-05-22,121.47,1.3464,1.9768
2007-05-23,121.52,1.3482,1.9879
2007-05-24,121.46,1.3429,1.9852
2007-05-25,121.72,1.3452,1.9845
2007-05-28,,,
2007-05-29,121.79,1.3483,1.9814
2007-05-30,121.48,1.3419,1.9747
2007-05-31,121.76,1.3453,1.9797
2007-06-01,122.1,1.344,1.9804
2007-06-04,121.72,1.3488,1.9922
2007-06-05,121.49,1.3526,1.9941
2007-06-06,121.08,1.3492,1.9915
2007-06-07,121.34,1.3456,1.9798
2007-06-08,121.62,1.3359,1.9657
2007-06-11,121.78,1.3359,1.9686
2007-06-12,121.76,1.3325,1.975
2007-06-13,122.37,1.3295,1.9728
2007-06-14,122.97,1.3311,1.9696
2007-06-15,123.55,1.3365,1.9765
2007-06-18,123.67,1.3401,1.9822
2007-06-19,123.39,1.3416,1.9884
2007-06-20,123.6,1.3426,1.9937
2007-06-21,123.68,1.3399,1.9924
2007-06-22,124.09,1.3438,1.9975
2007-06-25,123.84,1.345,1.9962
2007-06-26,123.49,1.3468,1.9997
2007-06-27,122.52,1.3433,1.9965
2007-06-28,123.01,1.3466,2.0022
2007-06-29,123.39,1.352,2.0063
2007-07-02,122.32,1.3627,2.0161
2007-07-03,122.4,1.3615,2.0168
2007-07-04,,,
2007-07-05,122.82,1.3592,2.0114
2007-07-06,123.27,1.3626,2.0119
2007-07-09,123.34,1.3623,2.0166
2007-07-10,122.19,1.3714,2.0248
2007-07-11,122.13,1.3757,2.032
2007-07-12,122.5,1.3776,2.0288
2007-07-13,121.99,1.3788,2.0344
2007-07-16,121.9,1.3785,2.0374
2007-07-17,122.36,1.3782,2.0455
2007-07-18,121.83,1.3808,2.0534
2007-07-19,122.06,1.3811,2.049
2007-07-20,121.15,1.3831,2.0566
2007-07-23,121.31,1.3817,2.0585
2007-07-24,120.57,1.3824,2.0626
2007-07-25,120.33,1.3711,2.0511
2007-07-26,119.14,1.373,2.0488
2007-07-27,118.56,1.3647,2.029
2007-07-30,118.41,1.3681,2.0238
2007-07-31,119.13,1.3711,2.0364
2007-08-01,118.71,1.3682,2.0309
2007-08-02,119.35,1.3693,2.0346
2007-08-03,118.43,1.3785,2.0426
2007-08-06,118.04,1.3789,2.0293
2007-08-07,118.48,1.3747,2.0202
2007-08-08,119.76,1.3808,2.0368
2007-08-09,118.69,1.3701,2.0271
2007-08-10,118.0,1.3686,2.0219
2007-08-13,118.47,1.3624,2.0123
2007-08-14,118.21,1.3581,2.0
2007-08-15,117.19,1.3479,1.9923
2007-08-16,114.03,1.3402,1.9829
2007-08-17,113.81,1.3492,1.9828
2007-08-20,114.49,1.3468,1.983
2007-08-21,114.42,1.3483,1.9813
2007-08-22,114.95,1.3535,1.9916
2007-08-23,115.81,1.356,2.0035
2007-08-24,116.12,1.3645,2.0099
2007-08-27,116.05,1.3645,2.0134
2007-08-28,114.7,1.3626,2.0065
2007-08-29,115.52,1.3675,2.0182
2007-08-30,115.81,1.3648,2.016
2007-08-31,115.83,1.3641,2.0165
2007-09-03,115.83,1.3641,2.0165
2007-09-04,116.21,1.3606,2.0109
2007-09-05,115.15,1.3669,2.0221
2007-09-06,115.33,1.3697,2.0242
2007-09-07,113.57,1.3772,2.0283
2007-09-10,113.43,1.3794,2.0288
2007-09-11,113.97,1.3837,2.0319
2007-09-12,114.24,1.3904,2.0314
2007-09-13,115.37,1.3885,2.0278
2007-09-14,115.31,1.3848,2.0067
2007-09-17,114.93,1.386,1.992
2007-09-18,115.75,1.3869,1.9973
2007-09-19,116.21,1.395,1.9983
2007-09-20,114.18,1.4092,2.0132
2007-09-21,115.6,1.4076,2.0208
2007-09-24,114.92,1.4086,2.0222
2007-09-25,114.48,1.4128,2.0169
2007-09-26,115.66,1.4126,2.0159
2007-09-27,115.76,1.4138,2.0235
2007-09-28,114.97,1.4219,2.0389
2007-10-01,115.91,1.4229,2.0436
2007-10-02,115.83,1.4163,2.0417
2007-10-03,116.74,1.4135,2.0369
2007-10-04,116.59,1.4128,2.0392
2007-10-05,116.83,1.4154,2.0436
2007-10-08,116.83,1.4154,2.0436
2007-10-09,116.98,1.4092,2.0331
2007-10-10,117.17,1.4157,2.0432
2007-10-11,117.71,1.4228,2.0342
2007-10-12,117.5,1.4168,2.034
2007-10-15,117.37,1.4216,2.0419
2007-10-16,116.61,1.4165,2.0327
2007-10-17,116.62,1.4208,2.0387
2007-10-18,115.64,1.4291,2.0457
2007-10-19,115.15,1.4263,2.0484
2007-10-22,114.07,1.4138,2.0279
2007-10-23,114.65,1.4248,2.0495
2007-10-24,113.94,1.4237,2.0491
2007-10-25,114.09,1.4299,2.0485
2007-10-26,114.01,1.439,2.0514
2007-10-29,114.69,1.4405,2.0609
2007-10-30,114.72,1.4424,2.0671
2007-10-31,115.27,1.4468,2.0777
2007-11-01,114.87,1.4435,2.0818
2007-11-02,114.74,1.4481,2.082
2007-11-05,114.54,1.4469,2.0799
2007-11-06,114.51,1.4555,2.0859
2007-11-07,113.29,1.4667,2.1045
2007-11-08,112.66,1.4691,2.1104
2007-11-09,110.9,1.4665,2.0911
2007-11-12,,,
2007-11-13,110.31,1.4598,2.0729
2007-11-14,111.38,1.467,2.0586
2007-11-15,110.78,1.4639,2.0483
2007-11-16,111.05,1.4652,2.048
2007-11-19,110.05,1.4658,2.0478
2007-11-20,110.05,1.4787,2.0652
2007-11-21,108.54,1.4829,2.0585
2007-11-22,108.54,1.4829,2.0585
2007-11-23,108.17,1.4825,2.0564
2007-11-26,108.17,1.4862,2.0681
2007-11-27,108.64,1.4817,2.0653
2007-11-28,110.38,1.475,2.0688
2007-11-29,109.94,1.4766,2.0642
2007-11-30,111.02,1.4688,2.0567
2007-12-03,110.44,1.4657,2.0658
2007-12-04,109.68,1.4759,2.0577
2007-12-05,110.85,1.4666,2.0288
2007-12-06,111.05,1.4638,2.0289
2007-12-07,111.72,1.4664,2.0289
2007-12-10,111.6,1.4714,2.0457
2007-12-11,111.77,1.4702,2.0387
2007-12-12,112.36,1.4702,2.0494
2007-12-13,112.26,1.4591,2.0395
2007-12-14,113.35,1.4433,2.0197
2007-12-17,113.2,1.4369,2.0168
2007-12-18,113.17,1.4392,2.014
2007-12-19,113.44,1.4344,1.9931
2007-12-20,112.97,1.4353,1.9821
2007-12-21,113.95,1.4361,1.9833
2007-12-24,114.45,1.4409,1.9774
2007-12-25,,,
2007-12-26,114.08,1.45,1.9833
2007-12-27,114.0,1.4601,1.9907
2007-12-28,112.93,1.4718,1.9929
2007-12-31,111.71,1.4603,1.9843
2008-01-01,,,
2008-01-02,109.7,1.4738,1.9824
2008-01-03,109.58,1.4736,1.9733
2008-01-04,108.38,1.4786,1.9757
2008-01-07,109.1,1.4684,1.9703
2008-01-08,109.29,1.4717,1.9731
2008-01-09,109.4,1.4663,1.9564
2008-01-10,109.38,1.474,1.9565
2008-01-11,109.11,1.4787,1.9592
2008-01-14,108.18,1.4877,1.9583
2008-01-15,107.07,1.4842,1.9671
2008-01-16,107.27,1.4643,1.9638
2008-01-17,107.01,1.469,1.9744
2008-01-18,106.82,1.4616,1.9529
2008-01-21,,,
2008-01-22,106.76,1.4609,1.9577
2008-01-23,105.42,1.4574,1.9515
2008-01-24,106.68,1.4737,1.9733
2008-01-25,107.31,1.4673,1.9802
2008-01-28,106.65,1.4789,1.9857
2008-01-29,107.08,1.4767,1.9857
2008-01-30,107.25,1.4782,1.988
2008-01-31,106.74,1.4841,1.9895
2008-02-01,106.3,1.4851,1.9687
2008-02-04,106.73,1.4832,1.9777
2008-02-05,106.94,1.4638,1.9626
2008-02-06,106.75,1.4647,1.9604
2008-02-07,106.82,1.4495,1.942
2008-02-08,107.34,1.4505,1.9473
2008-02-11,106.64,1.4506,1.9486
2008-02-12,107.42,1.4592,1.9622
2008-02-13,108.15,1.4569,1.9618
2008-02-14,107.97,1.4635,1.9708
2008-02-15,107.67,1.4674,1.9613
2008-02-18,,,
2008-02-19,107.5,1.4742,1.9511
2008-02-20,107.97,1.4663,1.9405
2008-02-21,107.6,1.4813,1.9614
2008-02-22,106.98,1.4825,1.9668
2008-02-25,107.88,1.4822,1.9668
2008-02-26,107.73,1.4889,1.9747
2008-02-27,106.38,1.5132,1.9923
2008-02-28,105.64,1.5172,1.9879
2008-02-29,104.19,1.5187,1.9864
2008-03-03,103.57,1.5195,1.985
2008-03-04,102.67,1.521,1.9854
2008-03-05,103.99,1.5282,1.9939
2008-03-06,103.1,1.5356,2.0073
2008-03-07,102.69,1.5333,2.0128
2008-03-10,101.8,1.5369,2.0166
2008-03-11,102.87,1.5329,2.0041
2008-03-12,102.38,1.5495,2.0211
2008-03-13,100.58,1.5584,2.0311
2008-03-14,100.2,1.5604,2.0294
2008-03-17,96.88,1.5765,2.0008
2008-03-18,98.23,1.5784,2.0216
2008-03-19,99.34,1.5642,1.9858
2008-03-20,98.79,1.5417,1.9823
2008-03-21,99.4,1.5447,1.9826
2008-03-24,100.77,1.5394,1.9852
2008-03-25,100.07,1.5595,1.9997
2008-03-26,99.12,1.5761,2.0019
2008-03-27,99.87,1.5798,2.0097
2008-03-28,99.71,1.5759,1.989
2008-03-31,99.85,1.5805,1.9855
2008-04-01,101.77,1.5615,1.9774
2008-04-02,102.77,1.5618,1.9827
2008-04-03,102.21,1.5667,1.9961
2008-04-04,101.75,1.5735,1.9947
2008-04-07,102.62,1.5713,1.9855
2008-04-08,102.55,1.5705,1.969
2008-04-09,101.83,1.5804,1.9726
2008-04-10,101.71,1.5744,1.9742
2008-04-11,101.09,1.5796,1.9707
2008-04-14,100.87,1.5827,1.9816
2008-04-15,101.33,1.5801,1.9627
2008-04-16,101.4,1.5978,1.9756
2008-04-17,102.22,1.5924,1.9908
2008-04-18,104.56,1.5742,1.9965
2008-04-21,103.38,1.5881,1.9813
2008-04-22,102.7,1.601,1.9994
2008-04-23,103.55,1.5898,1.9786
2008-04-24,104.2,1.5668,1.9716
2008-04-25,104.17,1.5634,1.9833
2008-04-28,104.3,1.5648,1.9908
2008-04-29,103.4,1.5604,1.9747
2008-04-30,104.53,1.5568,1.9847
2008-05-01,104.04,1.5458,1.9749
2008-05-02,105.33,1.5431,1.9756
2008-05-05,105.12,1.5491,1.9679
2008-05-06,104.54,1.5548,1.9747
2008-05-07,105.28,1.537,1.9522
2008-05-08,103.87,1.5409,1.9543
2008-05-09,103.01,1.5447,1.9486
2008-05-12,103.83,1.5536,1.9616
2008-05-13,104.41,1.5509,1.947
2008-05-14,105.2,1.5467,1.9451
2008-05-15,104.61,1.5492,1.9488
2008-05-16,103.86,1.5591,1.958
2008-05-19,104.55,1.5516,1.9472
2008-05-20,103.66,1.5667,1.9705
2008-05-21,103.34,1.5772,1.9669
2008-05-22,104.03,1.5703,1.9785
2008-05-23,103.22,1.5784,1.9818
2008-05-26,,,
2008-05-27,103.98,1.5731,1.9751
2008-05-28,104.69,1.5628,1.9806
2008-05-29,105.52,1.5527,1.9759
2008-05-30,105.46,1.556,1.9793
2008-06-02,104.41,1.555,1.9666
2008-06-03,105.29,1.5454,1.965
2008-06-04,104.99,1.5453,1.9548
2008-06-05,106.0,1.556,1.9563
2008-06-06,105.33,1.5731,1.9695
2008-06-09,106.06,1.5718,1.9758
2008-06-10,107.19,1.5473,1.9543
2008-06-11,106.77,1.5562,1.9646
2008-06-12,107.94,1.5418,1.9467
2008-06-13,107.92,1.5368,1.9496
2008-06-16,108.19,1.5472,1.9637
2008-06-17,108.03,1.5519,1.9544
2008-06-18,108.05,1.5502,1.957
2008-06-19,107.95,1.5502,1.9729
2008-06-20,107.42,1.5626,1.9737
2008-06-23,107.89,1.5492,1.9609
2008-06-24,107.76,1.5591,1.9707
2008-06-25,108.29,1.557,1.9672
2008-06-26,107.29,1.5738,1.9873
2008-06-27,106.28,1.5749,1.9938
2008-06-30,106.17,1.5748,1.9906
2008-07-01,105.73,1.5778,1.993
2008-07-02,105.87,1.5869,1.9925
2008-07-03,106.79,1.5708,1.9825
2008-07-04,,,
2008-07-07,107.55,1.5646,1.9697
2008-07-08,107.35,1.5653,1.9685
2008-07-09,107.12,1.5744,1.9812
2008-07-10,107.03,1.5771,1.9777
2008-07-11,106.14,1.5898,1.9895
2008-07-14,106.18,1.5914,1.9925
2008-07-15,104.78,1.5923,2.0036
2008-07-16,104.64,1.5847,1.9995
2008-07-17,105.82,1.5861,2.0038
2008-07-18,106.75,1.5855,1.9985
2008-07-21,106.74,1.5877,1.9979
2008-07-22,107.11,1.5811,1.9941
2008-07-23,107.68,1.5708,2.0021
2008-07-24,107.62,1.5657,1.9832
2008-07-25,107.89,1.5687,1.988
2008-07-28,107.49,1.5747,1.9943
2008-07-29,108.19,1.5588,1.9805
2008-07-30,108.17,1.5559,1.981
2008-07-31,108.1,1.5589,1.9806
2008-08-01,107.59,1.5567,1.9743
2008-08-04,108.23,1.5569,1.9606
2008-08-05,108.2,1.5468,1.9532
2008-08-06,109.39,1.5409,1.9479
2008-08-07,109.44,1.5341,1.9439
2008-08-08,110.09,1.5047,1.9193
2008-08-11,110.08,1.4958,1.9144
2008-08-12,109.78,1.4905,1.9005
2008-08-13,108.71,1.4895,1.8682
2008-08-14,109.75,1.4856,1.8715
2008-08-15,110.48,1.4695,1.8651
2008-08-18,110.07,1.473,1.8673
2008-08-19,109.68,1.4746,1.8655
2008-08-20,109.98,1.4701,1.8603
2008-08-21,108.35,1.4875,1.8758
2008-08-22,109.88,1.48,1.8544
2008-08-25,109.11,1.4803,1.8587
2008-08-26,109.83,1.466,1.8387
2008-08-27,109.72,1.4684,1.8318
2008-08-28,109.56,1.4685,1.8264
2008-08-29,108.69,1.4669,1.819
2008-09-01,,,
2008-09-02,108.85,1.4522,1.7853
2008-09-03,108.18,1.4489,1.7795
2008-09-04,107.76,1.436,1.7689
2008-09-05,106.96,1.4273,1.7687
2008-09-08,107.91,1.4126,1.7543
2008-09-09,107.1,1.4173,1.7672
2008-09-10,107.86,1.402,1.7547
2008-09-11,106.66,1.3939,1.7497
2008-09-12,107.51,1.4172,1.7896
2008-09-15,105.67,1.4175,1.7877
2008-09-16,105.11,1.4155,1.7802
2008-09-17,104.71,1.4215,1.7895
2008-09-18,104.85,1.4382,1.8186
2008-09-19,107.18,1.4384,1.8297
2008-09-22,106.35,1.4697,1.8484
2008-09-23,105.8,1.4737,1.8558
2008-09-24,106.03,1.4655,1.8502
2008-09-25,106.48,1.4643,1.8406
2008-09-26,106.06,1.4596,1.84
2008-09-29,105.1,1.4381,1.8044
2008-09-30,105.94,1.4081,1.7804
2008-10-01,106.06,1.4058,1.7804
2008-10-02,105.3,1.3854,1.7655
2008-10-03,105.76,1.3816,1.774
2008-10-06,101.26,1.3508,1.738
2008-10-07,102.3,1.3649,1.7592
2008-10-08,99.73,1.368,1.731
2008-10-09,100.67,1.3646,1.7225
2008-10-10,99.44,1.3471,1.7037
2008-10-13,,,
2008-10-14,102.17,1.3658,1.7482
2008-10-15,101.47,1.3567,1.7432
2008-10-16,100.46,1.3416,1.7243
2008-10-17,101.4,1.3462,1.7307
2008-10-20,101.74,1.3314,1.7134
2008-10-21,100.43,1.3102,1.6837
2008-10-22,98.63,1.2835,1.6174
2008-10-23,97.6,1.2878,1.6181
2008-10-24,92.64,1.2639,1.5631
2008-10-27,93.28,1.2446,1.5472
2008-10-28,95.68,1.2476,1.5591
2008-10-29,97.48,1.2851,1.6298
2008-10-30,97.47,1.285,1.627
2008-10-31,98.28,1.2682,1.6165
2008-11-03,98.95,1.2719,1.5855
2008-11-04,100.48,1.3021,1.6095
2008-11-05,98.95,1.3039,1.6156
2008-11-06,98.04,1.2756,1.5814
2008-11-07,98.15,1.2777,1.5788
2008-11-10,97.96,1.276,1.5639
2008-11-11,,,
2008-11-12,95.54,1.2558,1.5012
2008-11-13,95.95,1.2526,1.4799
2008-11-14,96.66,1.2731,1.486
2008-11-17,97.03,1.2726,1.503
2008-11-18,97.38,1.269,1.5042
2008-11-19,96.75,1.2595,1.5095
2008-11-20,94.98,1.2525,1.4789
2008-11-21,95.42,1.2531,1.4816
2008-11-24,96.69,1.289,1.5177
2008-11-25,95.53,1.303,1.5349
2008-11-26,95.46,1.2828,1.5218
2008-11-27,,,
2008-11-28,95.46,1.2694,1.5348
2008-12-01,93.71,1.2634,1.484
2008-12-02,93.64,1.2724,1.4949
2008-12-03,93.25,1.2669,1.4783
2008-12-04,92.78,1.284,1.4791
2008-12-05,92.18,1.2654,1.4606
2008-12-08,92.77,1.2942,1.4831
2008-12-09,92.44,1.2937,1.4776
2008-12-10,92.94,1.3024,1.483
2008-12-11,91.96,1.3294,1.4953
2008-12-12,91.26,1.3349,1.4874
2008-12-15,90.68,1.3664,1.5278
2008-12-16,89.98,1.381,1.532
2008-12-17,87.84,1.4358,1.5457
2008-12-18,89.81,1.4298,1.5103
2008-12-19,89.48,1.3875,1.4854
2008-12-22,90.07,1.3952,1.4805
2008-12-23,90.57,1.3966,1.4761
2008-12-24,90.68,1.3964,1.4673
2008-12-25,,,
2008-12-26,90.65,1.4062,1.47
2008-12-29,90.2,1.4232,1.4591
2008-12-30,90.37,1.4085,1.4395
2008-12-31,90.79,1.3919,1.4619
2009-01-01,,,
2009-01-02,91.12,1.3946,1.452
2009-01-05,93.2,1.3576,1.4602
2009-01-06,94.2,1.3445,1.4777
2009-01-07,92.7,1.3718,1.5254
2009-01-08,91.15,1.3714,1.519
2009-01-09,90.25,1.3495,1.5239
2009-01-12,88.92,1.3347,1.4827
2009-01-13,89.65,1.3198,1.4528
2009-01-14,89.28,1.3174,1.4617
2009-01-15,89.59,1.3094,1.4602
2009-01-16,90.29,1.3244,1.4737
2009-01-19,,,
2009-01-20,90.19,1.2946,1.4023
2009-01-21,87.8,1.287,1.3728
2009-01-22,88.64,1.2955,1.384
2009-01-23,88.72,1.2849,1.3658
2009-01-26,89.25,1.3123,1.396
2009-01-27,88.99,1.3159,1.4148
2009-01-28,88.87,1.3244,1.4317
2009-01-29,89.77,1.2988,1.4262
2009-01-30,89.83,1.2804,1.4413
2009-02-02,89.86,1.2808,1.4228
2009-02-03,89.09,1.301,1.4394
2009-02-04,89.53,1.2857,1.4472
2009-02-05,91.01,1.2838,1.4633
2009-02-06,91.95,1.2874,1.4775
2009-02-09,91.47,1.3064,1.4936
2009-02-10,90.65,1.2966,1.4604
2009-02-11,90.66,1.2893,1.4367
2009-02-12,90.55,1.2822,1.4248
2009-02-13,91.84,1.2879,1.4422
2009-02-16,,,
2009-02-17,92.17,1.2571,1.4224
2009-02-18,93.81,1.2547,1.4235
2009-02-19,94.09,1.2675,1.4307
2009-02-20,93.87,1.269,1.4333
2009-02-23,94.63,1.2747,1.4553
2009-02-24,96.6,1.2742,1.4408
2009-02-25,97.33,1.2731,1.4265
2009-02-26,98.55,1.2764,1.4342
2009-02-27,97.74,1.2662,1.4276
2009-03-02,97.17,1.258,1.3989
2009-03-03,98.16,1.2549,1.4034
2009-03-04,99.34,1.2607,1.4142
2009-03-05,98.32,1.2565,1.4124
2009-03-06,97.88,1.2674,1.411
2009-03-09,98.87,1.2636,1.3757
2009-03-10,98.39,1.2752,1.384
2009-03-11,97.74,1.2774,1.378
2009-03-12,97.86,1.2799,1.3811
2009-03-13,98.04,1.2891,1.3972
2009-03-16,98.17,1.2997,1.4091
2009-03-17,98.85,1.2972,1.4018
2009-03-18,98.08,1.311,1.3974
2009-03-19,93.85,1.373,1.4584
2009-03-20,96.18,1.3566,1.4435
2009-03-23,97.3,1.3569,1.4496
2009-03-24,97.86,1.3524,1.473
2009-03-25,97.7,1.3539,1.4585
2009-03-26,98.47,1.356,1.4497
2009-03-27,97.99,1.3306,1.4325
2009-03-30,97.44,1.3146,1.4148
2009-03-31,99.15,1.3261,1.43
2009-04-01,98.93,1.3223,1.4402
2009-04-02,99.48,1.3458,1.47
2009-04-03,99.94,1.3447,1.4801
2009-04-06,100.65,1.3363,1.4712
2009-04-07,100.71,1.3282,1.4744
2009-04-08,99.95,1.3288,1.4692
2009-04-09,100.43,1.3149,1.4623
2009-04-10,100.3,1.3143,1.4635
2009-04-13,100.12,1.3354,1.4831
2009-04-14,99.08,1.3277,1.4907
2009-04-15,99.37,1.3182,1.499
2009-04-16,99.29,1.3197,1.4909
2009-04-17,99.21,1.303,1.4778
2009-04-20,98.29,1.2903,1.4532
2009-04-21,98.6,1.2978,1.4688
2009-04-22,98.14,1.3012,1.4496
2009-04-23,97.88,1.3048,1.4635
2009-04-24,97.08,1.3277,1.4697
2009-04-27,96.57,1.3136,1.4678
2009-04-28,96.49,1.3061,1.4607
2009-04-29,96.97,1.3324,1.4802
2009-04-30,98.76,1.3244,1.4799
2009-05-01,99.24,1.3267,1.4881
2009-05-04,99.12,1.3365,1.4985
2009-05-05,98.76,1.3375,1.5099
2009-05-06,98.6,1.3313,1.5063
2009-05-07,99.0,1.3411,1.5019
2009-05-08,99.01,1.3494,1.509
2009-05-11,97.45,1.362,1.5145
2009-05-12,96.59,1.3638,1.524
2009-05-13,95.75,1.3612,1.5165
2009-05-14,95.62,1.3608,1.5195
2009-05-15,94.89,1.3539,1.5222
2009-05-18,96.05,1.3503,1.5309
2009-05-19,96.1,1.3608,1.5501
2009-05-20,95.16,1.3765,1.567
2009-05-21,94.97,1.3804,1.5763
2009-05-22,94.45,1.4005,1.5892
2009-05-25,,,
2009-05-26,94.81,1.3992,1.5938
2009-05-27,95.01,1.3924,1.6068
2009-05-28,96.76,1.3948,1.5956
2009-05-29,95.55,1.4126,1.616
2009-06-01,96.53,1.4192,1.6448
2009-06-02,95.72,1.427,1.6515
2009-06-03,95.72,1.4194,1.6405
2009-06-04,96.37,1.4187,1.6173
2009-06-05,98.18,1.399,1.6017
2009-06-08,98.56,1.3884,1.5976
2009-06-09,97.6,1.4014,1.6267
2009-06-10,98.13,1.3983,1.6334
2009-06-11,97.83,1.4093,1.6547
2009-06-12,98.17,1.404,1.6523
2009-06-15,98.03,1.3784,1.6268
2009-06-16,96.26,1.3878,1.6446
2009-06-17,95.65,1.385,1.6293
2009-06-18,96.36,1.3978,1.6369
2009-06-19,96.15,1.3998,1.6537
2009-06-22,95.9,1.3846,1.6343
2009-06-23,95.32,1.4035,1.6344
2009-06-24,95.38,1.4015,1.6486
2009-06-25,96.21,1.3953,1.6336
2009-06-26,95.19,1.4056,1.6498
2009-06-29,95.84,1.4058,1.6533
2009-06-30,96.42,1.402,1.6452
2009-07-01,96.41,1.4186,1.6524
2009-07-02,95.9,1.4018,1.6398
2009-07-03,95.95,1.3991,1.6336
2009-07-06,95.0,1.3938,1.623
2009-07-07,95.11,1.3965,1.6158
2009-07-08,92.9,1.3852,1.6027
2009-07-09,92.79,1.4026,1.6301
2009-07-10,92.33,1.3926,1.6185
2009-07-13,92.74,1.3973,1.6179
2009-07-14,93.03,1.3971,1.6294
2009-07-15,94.09,1.4116,1.6439
2009-07-16,93.59,1.4115,1.6417
2009-07-17,94.08,1.412,1.633
2009-07-20,94.52,1.4211,1.6494
2009-07-21,93.36,1.4196,1.6419
2009-07-22,93.77,1.422,1.6439
2009-07-23,94.75,1.4266,1.6562
2009-07-24,94.86,1.4213,1.6432
2009-07-27,95.32,1.4212,1.6486
2009-07-28,94.6,1.4215,1.6477
2009-07-29,95.13,1.4033,1.6379
2009-07-30,95.67,1.4066,1.6483
2009-07-31,94.54,1.4279,1.6713
2009-08-03,95.23,1.4416,1.6956
2009-08-04,95.41,1.44,1.6932
2009-08-05,94.98,1.4391,1.6977
2009-08-06,95.56,1.4357,1.6774
2009-08-07,97.65,1.418,1.6669
2009-08-10,97.23,1.4143,1.6487
2009-08-11,95.94,1.4141,1.6501
2009-08-12,96.16,1.4215,1.6538
2009-08-13,95.46,1.4283,1.658
2009-08-14,94.64,1.4216,1.6529
2009-08-17,94.33,1.4088,1.6323
2009-08-18,94.72,1.4075,1.6418
2009-08-19,93.87,1.4262,1.6555
2009-08-20,94.12,1.4235,1.6494
2009-08-21,94.6,1.4305,1.6503
2009-08-24,94.47,1.432,1.6417
2009-08-25,94.28,1.435,1.643
2009-08-26,94.25,1.423,1.6235
2009-08-27,93.57,1.4272,1.6212
2009-08-28,93.55,1.4358,1.6331
2009-08-31,92.82,1.4354,1.6314
2009-09-01,93.09,1.4235,1.6168
2009-09-02,92.43,1.4246,1.6269
2009-09-03,92.54,1.4278,1.6354
2009-09-04,92.75,1.4278,1.6378
2009-09-07,,,
2009-09-08,92.21,1.4497,1.6512
2009-09-09,91.85,1.4573,1.6557
2009-09-10,91.86,1.4568,1.6649
2009-09-11,90.3,1.4586,1.6695
2009-09-14,90.85,1.4613,1.6588
2009-09-15,90.95,1.4617,1.6436
2009-09-16,91.0,1.4698,1.6501
2009-09-17,91.15,1.4735,1.6522
2009-09-18,91.31,1.4704,1.6266
2009-09-21,91.87,1.4692,1.6228
2009-09-22,91.08,1.4795,1.638
2009-09-23,91.45,1.4752,1.6404
2009-09-24,91.16,1.4696,1.6068
2009-09-25,89.83,1.4682,1.5967
2009-09-28,89.34,1.465,1.591
2009-09-29,90.26,1.4553,1.5924
2009-09-30,89.49,1.463,1.6004
2009-10-01,89.73,1.4532,1.595
2009-10-02,89.62,1.459,1.5878
2009-10-05,89.56,1.4647,1.5926
2009-10-06,88.77,1.4744,1.5904
2009-10-07,88.76,1.4675,1.5899
2009-10-08,88.44,1.4777,1.609
2009-10-09,89.69,1.4715,1.5896
2009-10-12,,,
2009-10-13,89.71,1.4839,1.5896
2009-10-14,89.44,1.4899,1.5974
2009-10-15,90.39,1.4945,1.6249
2009-10-16,90.73,1.4889,1.635
2009-10-19,90.72,1.4947,1.64
2009-10-20,90.83,1.4905,1.638
2009-10-21,91.04,1.5009,1.661
2009-10-22,91.42,1.5003,1.6595
2009-10-23,91.88,1.5029,1.6351
2009-10-26,91.96,1.4941,1.6351
2009-10-27,92.04,1.4821,1.6334
2009-10-28,91.07,1.4763,1.6375
2009-10-29,91.41,1.4819,1.6559
2009-10-30,90.5,1.4755,1.6479
2009-11-02,90.56,1.4828,1.641
2009-11-03,90.3,1.4658,1.6383
2009-11-04,90.96,1.4836,1.6571
2009-11-05,90.45,1.4857,1.6565
2009-11-06,89.86,1.4835,1.6586
2009-11-09,89.92,1.4999,1.6721
2009-11-10,89.82,1.496,1.6681
2009-11-11,,,
2009-11-12,90.4,1.4865,1.6543
2009-11-13,89.55,1.4886,1.6657
2009-11-16,89.28,1.4977,1.6795
2009-11-17,89.41,1.483,1.6768
2009-11-18,89.36,1.499,1.6756
2009-11-19,88.95,1.4905,1.6658
2009-11-20,88.9,1.487,1.6529
2009-11-23,89.14,1.4968,1.6599
2009-11-24,88.58,1.4937,1.6577
2009-11-25,87.65,1.5085,1.6671
2009-11-26,,,
2009-11-27,86.87,1.4963,1.6494
2009-11-30,86.12,1.4994,1.6409
2009-12-01,86.62,1.51,1.6626
2009-12-02,87.13,1.5059,1.6641
2009-12-03,88.2,1.5081,1.6578
2009-12-04,89.87,1.4885,1.6515
2009-12-07,89.44,1.482,1.6429
2009-12-08,88.41,1.4741,1.6302
2009-12-09,87.83,1.4725,1.6242
2009-12-10,88.2,1.4716,1.6257
2009-12-11,89.23,1.4601,1.6236
2009-12-14,88.65,1.4645,1.6285
2009-12-15,89.91,1.4514,1.6234
2009-12-16,89.52,1.4577,1.6369
2009-12-17,90.35,1.4317,1.6135
2009-12-18,90.47,1.4281,1.6083
2009-12-21,90.95,1.4319,1.6083
2009-12-22,91.67,1.4243,1.5956
2009-12-23,91.52,1.4341,1.5955
2009-12-24,91.69,1.4367,1.5941
2009-12-25,,,
2009-12-28,91.57,1.4392,1.6001
2009-12-29,91.95,1.4356,1.5892
2009-12-30,92.66,1.4316,1.605
2009-12-31,93.08,1.4332,1.6167
2010-01-01,,,
2010-01-04,92.55,1.4419,1.6109
2010-01-05,91.48,1.4402,1.6009
2010-01-06,92.53,1.4404,1.6016
2010-01-07,93.31,1.4314,1.5912
2010-01-08,92.7,1.4357,1.5993
2010-01-11,91.9,1.4536,1.6146
2010-01-12,90.95,1.4523,1.6181
2010-01-13,91.38,1.4492,1.6288
2010-01-14,91.03,1.4478,1.632
2010-01-15,90.79,1.4376,1.624
2010-01-18,,,
2010-01-19,91.13,1.4269,1.637
2010-01-20,91.23,1.4094,1.6287
2010-01-21,90.25,1.4106,1.6214
2010-01-22,90.07,1.4154,1.612
2010-01-25,90.12,1.4146,1.6236
2010-01-26,89.63,1.4063,1.6109
2010-01-27,89.41,1.4053,1.6204
2010-01-28,90.08,1.3993,1.6242
2010-01-29,90.38,1.387,1.6009
2010-02-01,90.8,1.3904,1.5924
2010-02-02,90.39,1.3955,1.5968
2010-02-03,91.11,1.3907,1.5915
2010-02-04,89.11,1.3759,1.5763
2010-02-05,89.25,1.3608,1.5619
2010-02-08,89.32,1.3699,1.565
2010-02-09,89.45,1.3795,1.5679
2010-02-10,89.88,1.3722,1.5606
2010-02-11,89.82,1.364,1.5674
2010-02-12,90.0,1.3625,1.5669
2010-02-15,,,
2010-02-16,90.46,1.3742,1.5732
2010-02-17,90.79,1.3623,1.5704
2010-02-18,91.43,1.3563,1.5582
2010-02-19,91.94,1.3538,1.5437
2010-02-22,91.11,1.359,1.5477
2010-02-23,90.04,1.3537,1.5464
2010-02-24,90.06,1.3576,1.5432
2010-02-25,88.85,1.3476,1.5201
2010-02-26,88.84,1.366,1.5239
2010-03-01,89.28,1.3516,1.4974
2010-03-02,88.95,1.3564,1.494
2010-03-03,88.43,1.3731,1.5124
2010-03-04,89.02,1.3571,1.5031
2010-03-05,90.32,1.3608,1.5115
2010-03-08,90.3,1.3613,1.506
2010-03-09,89.89,1.3586,1.5003
2010-03-10,90.62,1.3658,1.4977
2010-03-11,90.6,1.3674,1.5052
2010-03-12,90.46,1.3753,1.5188
2010-03-15,90.45,1.3652,1.5043
2010-03-16,90.43,1.3758,1.5192
2010-03-17,90.42,1.3739,1.5296
2010-03-18,90.46,1.3603,1.5247
2010-03-19,90.5,1.353,1.5014
2010-03-22,90.02,1.3531,1.5071
2010-03-23,90.24,1.3535,1.5067
2010-03-24,91.89,1.3347,1.4914
2010-03-25,92.69,1.3344,1.4884
2010-03-26,92.56,1.3398,1.4906
2010-03-29,92.65,1.3465,1.4969
2010-03-30,92.89,1.3409,1.509
2010-03-31,93.4,1.3526,1.5186
2010-04-01,93.83,1.3569,1.529
2010-04-02,94.51,1.3487,1.5197
2010-04-05,94.28,1.3486,1.5284
2010-04-06,93.81,1.3378,1.523
2010-04-07,93.59,1.3364,1.5246
2010-04-08,93.16,1.336,1.5272
2010-04-09,93.28,1.3468,1.5371
2010-04-12,93.21,1.3587,1.5368
2010-04-13,92.78,1.3592,1.5416
2010-04-14,93.01,1.3666,1.5484
2010-04-15,93.04,1.354,1.5465
2010-04-16,92.03,1.3487,1.5395
2010-04-19,92.18,1.3458,1.5263
2010-04-20,93.28,1.3446,1.5375
2010-04-21,93.24,1.3383,1.5397
2010-04-22,93.01,1.3298,1.5368
2010-04-23,94.18,1.336,1.5363
2010-04-26,94.06,1.3336,1.5466
2010-04-27,93.01,1.323,1.5285
2010-04-28,94.07,1.313,1.516
2010-04-29,94.16,1.3243,1.5303
2010-04-30,94.24,1.3302,1.5308
2010-05-03,94.68,1.3183,1.5242
2010-05-04,94.58,1.3037,1.5135
2010-05-05,94.3,1.289,1.5134
2010-05-06,92.22,1.2689,1.4889
2010-05-07,91.67,1.2721,1.4739
2010-05-10,93.39,1.2861,1.498
2010-05-11,92.83,1.2715,1.4952
2010-05-12,92.93,1.2642,1.4855
2010-05-13,92.7,1.2568,1.4659
2010-05-14,91.94,1.239,1.4557
2010-05-17,92.08,1.2299,1.4388
2010-05-18,92.52,1.2358,1.4439
2010-05-19,91.16,1.2317,1.4349
2010-05-20,90.07,1.237,1.4344
2010-05-21,90.21,1.2575,1.4466
2010-05-24,90.49,1.2406,1.4437
2010-05-25,89.89,1.2279,1.4352
2010-05-26,90.28,1.2224,1.4401
2010-05-27,90.71,1.237,1.4569
2010-05-28,90.81,1.2369,1.4492
2010-05-31,,,
2010-06-01,91.16,1.2266,1.4673
2010-06-02,92.21,1.2206,1.4641
2010-06-03,92.33,1.2193,1.4616
2010-06-04,91.83,1.1998,1.4493
2010-06-07,92.0,1.1959,1.4498
2010-06-08,91.3,1.1995,1.4422
2010-06-09,91.54,1.2045,1.4585
2010-06-10,91.04,1.2111,1.4674
2010-06-11,91.72,1.2077,1.4545
2010-06-14,91.8,1.2277,1.477
2010-06-15,91.25,1.2327,1.4827
2010-06-16,91.39,1.2323,1.4838
2010-06-17,90.92,1.2365,1.4806
2010-06-18,90.79,1.236,1.4787
2010-06-21,91.18,1.2385,1.4826
2010-06-22,90.59,1.2303,1.485
2010-06-23,89.82,1.231,1.4952
2010-06-24,89.4,1.2288,1.4986
2010-06-25,89.35,1.2332,1.4985
2010-06-28,89.23,1.2316,1.5098
2010-06-29,88.39,1.2187,1.5081
2010-06-30,88.49,1.2291,1.4947
2010-07-01,87.42,1.2464,1.5126
2010-07-02,87.69,1.2577,1.5179
2010-07-05,,,
2010-07-06,87.55,1.2646,1.518
2010-07-07,87.16,1.2594,1.5179
2010-07-08,88.44,1.2683,1.5157
2010-07-09,88.48,1.2639,1.5095
2010-07-12,88.53,1.2573,1.5016
2010-07-13,88.24,1.2719,1.5175
2010-07-14,88.59,1.2755,1.5284
2010-07-15,87.41,1.2893,1.5376
2010-07-16,86.4,1.2919,1.5289
2010-07-19,86.77,1.2963,1.5222
2010-07-20,87.22,1.2905,1.5255
2010-07-21,87.3,1.2818,1.5201
2010-07-22,87.0,1.2903,1.5283
2010-07-23,87.31,1.2874,1.5425
2010-07-26,87.2,1.2983,1.549
2010-07-27,87.88,1.2983,1.5538
2010-07-28,87.62,1.2998,1.5611
2010-07-29,86.87,1.3064,1.5591
2010-07-30,86.43,1.3069,1.5714
2010-08-02,86.42,1.3174,1.5897
2010-08-03,85.88,1.3239,1.5941
2010-08-04,86.26,1.3158,1.5887
2010-08-05,85.83,1.3157,1.586
2010-08-06,85.25,1.3282,1.5979
2010-08-09,85.88,1.3241,1.5945
2010-08-10,85.88,1.3095,1.5776
2010-08-11,85.36,1.2899,1.5688
2010-08-12,85.83,1.2866,1.5573
2010-08-13,86.2,1.2767,1.558
2010-08-16,85.33,1.2838,1.5679
2010-08-17,85.51,1.289,1.5586
2010-08-18,85.31,1.2872,1.5619
2010-08-19,85.27,1.2837,1.5612
2010-08-20,85.63,1.2687,1.5515
2010-08-23,85.16,1.2663,1.5532
2010-08-24,84.16,1.2675,1.5471
2010-08-25,84.56,1.2652,1.546
2010-08-26,84.61,1.2717,1.5574
2010-08-27,85.1,1.2765,1.5528
2010-08-30,84.67,1.2686,1.5473
2010-08-31,84.1,1.2704,1.5358
2010-09-01,84.48,1.2813,1.5472
2010-09-02,84.15,1.2824,1.5393
2010-09-03,84.45,1.2885,1.5452
2010-09-06,,,
2010-09-07,83.75,1.2723,1.5315
2010-09-08,83.85,1.2727,1.5513
2010-09-09,83.83,1.2708,1.5448
2010-09-10,84.13,1.2731,1.5387
2010-09-13,83.53,1.289,1.5466
2010-09-14,83.05,1.3014,1.5559
2010-09-15,85.63,1.3008,1.5641
2010-09-16,85.72,1.3079,1.5612
2010-09-17,85.77,1.3046,1.5635
2010-09-20,85.74,1.3074,1.5564
2010-09-21,85.36,1.3136,1.5551
2010-09-22,84.37,1.3385,1.5649
2010-09-23,84.32,1.3344,1.5723
2010-09-24,84.24,1.3476,1.5829
2010-09-27,84.17,1.3475,1.5851
2010-09-28,83.82,1.3583,1.5808
2010-09-29,83.61,1.3638,1.5812
2010-09-30,83.53,1.3601,1.5731
2010-10-01,83.3,1.3754,1.5829
2010-10-04,83.33,1.3688,1.5849
2010-10-05,83.17,1.3834,1.5915
2010-10-06,82.8,1.3924,1.5903
2010-10-07,82.35,1.3921,1.593
2010-10-08,81.86,1.3923,1.5951
2010-10-11,,,
2010-10-12,81.74,1.3846,1.5799
2010-10-13,81.81,1.3964,1.5843
2010-10-14,81.44,1.4066,1.5992
2010-10-15,81.32,1.3998,1.6027
2010-10-18,81.16,1.3978,1.5907
2010-10-19,81.6,1.3827,1.5739
2010-10-20,81.14,1.3949,1.5857
2010-10-21,81.16,1.3973,1.5753
2010-10-22,81.48,1.3904,1.5677
2010-10-25,80.61,1.3986,1.5748
2010-10-26,81.28,1.3873,1.5871
2010-10-27,81.55,1.3788,1.5782
2010-10-28,80.99,1.3929,1.5945
2010-10-29,80.48,1.3894,1.602
2010-11-01,80.66,1.3888,1.605
2010-11-02,80.8,1.4026,1.601
2010-11-03,81.41,1.4014,1.608
2010-11-04,80.61,1.4224,1.6282
2010-11-05,81.35,1.4033,1.6211
2010-11-08,81.14,1.3927,1.615
2010-11-09,81.15,1.3865,1.605
2010-11-10,82.53,1.3728,1.6071
2010-11-11,,,
2010-11-12,82.44,1.37,1.6172
2010-11-15,82.9,1.3615,1.6064
2010-11-16,83.41,1.3517,1.5881
2010-11-17,83.15,1.3555,1.5941
2010-11-18,83.64,1.3618,1.601
2010-11-19,83.49,1.3654,1.5961
2010-11-22,83.46,1.3612,1.5932
2010-11-23,82.86,1.3388,1.5824
2010-11-24,83.38,1.335,1.5774
2010-11-25,,,
2010-11-26,84.08,1.3243,1.5616
2010-11-29,84.34,1.3092,1.5557
2010-11-30,83.56,1.3036,1.5578
2010-12-01,84.0,1.3149,1.5603
2010-12-02,83.53,1.3228,1.561
2010-12-03,82.73,1.3367,1.5723
2010-12-06,82.7,1.3275,1.568
2010-12-07,83.04,1.3323,1.5802
2010-12-08,84.16,1.3242,1.5792
2010-12-09,83.85,1.3206,1.5733
2010-12-10,83.87,1.3242,1.5809
2010-12-13,83.57,1.3389,1.5882
2010-12-14,83.52,1.3395,1.5795
2010-12-15,84.04,1.3306,1.5613
2010-12-16,84.23,1.3206,1.5612
2010-12-17,84.15,1.3155,1.548
2010-12-20,83.72,1.3124,1.5521
2010-12-21,83.76,1.3131,1.5462
2010-12-22,83.56,1.3089,1.539
2010-12-23,82.97,1.3101,1.54
2010-12-24,,,
2010-12-27,82.91,1.3146,1.5382
2010-12-28,82.21,1.3122,1.5361
2010-12-29,81.9,1.3183,1.5463
2010-12-30,81.67,1.3269,1.5392
2010-12-31,,,
2011-01-03,81.56,1.3371,1.549
2011-01-04,81.96,1.3306,1.5586
2011-01-05,83.22,1.3171,1.5497
2011-01-06,83.15,1.3027,1.549
2011-01-07,83.04,1.2944,1.556
2011-01-10,82.78,1.2945,1.5583
2011-01-11,83.36,1.2978,1.5628
2011-01-12,83.29,1.3066,1.5716
2011-01-13,82.72,1.3364,1.587
2011-01-14,82.99,1.3328,1.5874
2011-01-17,,,
2011-01-18,82.66,1.3399,1.6
2011-01-19,82.03,1.3495,1.5991
2011-01-20,83.02,1.3443,1.5875
2011-01-21,82.63,1.3581,1.5997
2011-01-24,82.44,1.3653,1.5995
2011-01-25,82.35,1.3644,1.5818
2011-01-26,82.27,1.3688,1.5886
2011-01-27,83.03,1.3688,1.5905
2011-01-28,82.03,1.3607,1.5838
2011-01-31,81.97,1.3715,1.6042
2011-02-01,81.48,1.3793,1.6124
2011-02-02,81.82,1.3779,1.6167
2011-02-03,81.48,1.3654,1.6159
2011-02-04,81.99,1.3584,1.6089
2011-02-07,82.4,1.3557,1.6111
2011-02-08,81.92,1.3687,1.6091
2011-02-09,82.47,1.3688,1.6089
2011-02-10,83.11,1.3637,1.6132
2011-02-11,83.52,1.352,1.5986
2011-02-14,83.32,1.3474,1.6023
2011-02-15,83.79,1.3494,1.6128
2011-02-16,83.73,1.3547,1.6063
2011-02-17,83.25,1.3612,1.6172
2011-02-18,83.22,1.3673,1.6245
2011-02-21,,,
2011-02-22,82.94,1.3661,1.6129
2011-02-23,82.39,1.3758,1.6221
2011-02-24,81.67,1.3794,1.6106
2011-02-25,81.76,1.3757,1.6078
2011-02-28,81.94,1.3793,1.6247
2011-03-01,81.86,1.3813,1.6309
2011-03-02,81.62,1.3869,1.6311
2011-03-03,82.41,1.3947,1.6266
2011-03-04,82.35,1.3983,1.625
2011-03-07,82.12,1.3976,1.6204
2011-03-08,82.69,1.3912,1.6164
2011-03-09,82.78,1.3906,1.6202
2011-03-10,82.98,1.3823,1.6063
2011-03-11,81.77,1.3864,1.6033
2011-03-14,81.65,1.3975,1.6181
2011-03-15,80.82,1.3968,1.6064
2011-03-16,80.17,1.3922,1.6028
2011-03-17,78.74,1.4021,1.6143
2011-03-18,81.14,1.4141,1.6187
2011-03-21,81.11,1.4184,1.6276
2011-03-22,81.0,1.4212,1.6387
2011-03-23,80.94,1.4124,1.6246
2011-03-24,80.82,1.42,1.6159
2011-03-25,81.12,1.4144,1.6086
2011-03-28,81.67,1.4104,1.6024
2011-03-29,82.38,1.409,1.5983
2011-03-30,82.98,1.4095,1.6038
2011-03-31,82.76,1.4183,1.6048
2011-04-01,84.05,1.4215,1.6132
2011-04-04,83.98,1.4221,1.6129
2011-04-05,84.65,1.423,1.6282
2011-04-06,85.26,1.4333,1.6314
2011-04-07,84.98,1.4287,1.6304
2011-04-08,84.99,1.4437,1.6341
2011-04-11,84.58,1.4454,1.6386
2011-04-12,83.79,1.4455,1.6263
2011-04-13,83.59,1.4477,1.6285
2011-04-14,83.23,1.4464,1.635
2011-04-15,83.13,1.4443,1.6325
2011-04-18,82.43,1.4211,1.6229
2011-04-19,82.41,1.4319,1.6315
2011-04-20,82.58,1.4513,1.6405
2011-04-21,81.81,1.4585,1.6572
2011-04-22,81.92,1.4545,1.6517
2011-04-25,81.93,1.4576,1.6497
2011-04-26,81.93,1.4625,1.6465
2011-04-27,82.6,1.4659,1.653
2011-04-28,81.57,1.4785,1.6636
2011-04-29,81.31,1.4821,1.6691
2011-05-02,81.23,1.487,1.669
2011-05-03,81.02,1.4875,1.6536
2011-05-04,80.69,1.4859,1.6524
2011-05-05,80.12,1.4583,1.6427
2011-05-06,80.51,1.4495,1.6417
2011-05-09,80.66,1.4301,1.6338
2011-05-10,80.75,1.4358,1.6331
2011-05-11,80.78,1.4269,1.6412
2011-05-12,80.75,1.4229,1.629
2011-05-13,80.76,1.4141,1.6179
2011-05-16,80.82,1.4219,1.624
2011-05-17,81.39,1.4155,1.6206
2011-05-18,81.37,1.427,1.6148
2011-05-19,81.78,1.4254,1.6179
2011-05-20,81.64,1.4172,1.6222
2011-05-23,81.81,1.4015,1.6102
2011-05-24,82.12,1.4107,1.6185
2011-05-25,81.96,1.4102,1.6277
2011-05-26,81.44,1.4088,1.6346
2011-05-27,80.75,1.4287,1.6494
2011-05-30,,,
2011-05-31,81.29,1.4376,1.6439
2011-06-01,80.82,1.4431,1.6391
2011-06-02,80.98,1.4426,1.6325
2011-06-03,80.38,1.4604,1.6397
2011-06-06,80.19,1.462,1.6362
2011-06-07,80.21,1.4675,1.6444
2011-06-08,79.87,1.4587,1.6381
2011-06-09,80.07,1.4534,1.6382
2011-06-10,80.26,1.4365,1.6254
2011-06-13,80.16,1.4368,1.6308
2011-06-14,80.5,1.4473,1.6388
2011-06-15,80.71,1.4221,1.6218
2011-06-16,80.7,1.4155,1.613
2011-06-17,80.1,1.4326,1.6186
2011-06-20,80.26,1.432,1.6206
2011-06-21,80.15,1.4399,1.6232
2011-06-22,80.06,1.4403,1.6131
2011-06-23,80.45,1.4166,1.5977
2011-06-24,80.32,1.4189,1.5985
2011-06-27,80.89,1.4282,1.5972
2011-06-28,80.85,1.4368,1.6016
2011-06-29,80.8,1.4428,1.607
2011-06-30,80.64,1.4523,1.6067
2011-07-01,80.81,1.4508,1.607
2011-07-04,,,
2011-07-05,81.14,1.447,1.6085
2011-07-06,80.9,1.4329,1.5998
2011-07-07,81.26,1.4349,1.5967
2011-07-08,80.64,1.4251,1.603
2011-07-11,80.37,1.4034,1.5932
2011-07-12,79.53,1.4014,1.594
2011-07-13,78.99,1.4167,1.6111
2011-07-14,79.11,1.4182,1.6125
2011-07-15,79.03,1.4156,1.6149
2011-07-18,79.1,1.4042,1.6024
2011-07-19,78.91,1.4156,1.6135
2011-07-20,78.76,1.4188,1.6139
2011-07-21,78.47,1.4372,1.6301
2011-07-22,78.44,1.4366,1.6319
2011-07-25,78.31,1.4357,1.6285
2011-07-26,78.04,1.4495,1.6392
2011-07-27,77.99,1.4373,1.6357
2011-07-28,77.87,1.4303,1.6338
2011-07-29,77.18,1.4388,1.6455
2011-08-01,76.87,1.4202,1.6278
2011-08-02,77.13,1.4232,1.6287
2011-08-03,76.87,1.432,1.6406
2011-08-04,79.01,1.4158,1.6308
2011-08-05,78.48,1.4158,1.6362
2011-08-08,77.53,1.4241,1.6354
2011-08-09,77.16,1.4242,1.6194
2011-08-10,76.41,1.4193,1.6169
2011-08-11,76.68,1.423,1.6228
2011-08-12,76.79,1.4239,1.6284
2011-08-15,76.73,1.4452,1.6387
2011-08-16,76.76,1.4421,1.6424
2011-08-17,76.46,1.4436,1.6591
2011-08-18,76.52,1.432,1.6489
2011-08-19,76.46,1.4408,1.6544
2011-08-22,76.77,1.4384,1.6452
2011-08-23,76.59,1.4431,1.6509
2011-08-24,76.78,1.4402,1.6375
2011-08-25,77.38,1.438,1.6289
2011-08-26,76.62,1.4463,1.6321
2011-08-29,76.96,1.451,1.6398
2011-08-30,76.75,1.4435,1.6279
2011-08-31,76.5,1.4406,1.6269
2011-09-01,76.81,1.4283,1.6179
2011-09-02,76.79,1.4203,1.619
2011-09-05,,,
2011-09-06,77.48,1.3999,1.5954
2011-09-07,77.39,1.4058,1.5948
2011-09-08,77.43,1.3947,1.6021
2011-09-09,77.31,1.3666,1.587
2011-09-12,77.15,1.3635,1.5814
2011-09-13,76.88,1.368,1.5805
2011-09-14,76.71,1.371,1.5773
2011-09-15,76.7,1.3858,1.5808
2011-09-16,76.89,1.3783,1.5802
2011-09-19,76.48,1.3636,1.5674
2011-09-20,76.52,1.3697,1.5718
2011-09-21,76.38,1.3724,1.5619
2011-09-22,76.31,1.3446,1.5358
2011-09-23,76.3,1.3518,1.5475
2011-09-26,76.35,1.3516,1.5553
2011-09-27,76.6,1.3606,1.5681
2011-09-28,76.51,1.3628,1.5648
2011-09-29,76.68,1.3639,1.5685
2011-09-30,77.04,1.3449,1.5624
2011-10-03,76.66,1.3281,1.5474
2011-10-04,76.86,1.3294,1.5403
2011-10-05,76.86,1.3328,1.5436
2011-10-06,76.64,1.3408,1.5398
2011-10-07,76.77,1.3512,1.5628
2011-10-10,,,
2011-10-11,76.66,1.3657,1.5594
2011-10-12,77.3,1.3805,1.5757
2011-10-13,76.88,1.373,1.5729
2011-10-14,77.36,1.3861,1.5808
2011-10-17,76.8,1.377,1.5778
2011-10-18,76.75,1.3719,1.5654
2011-10-19,76.79,1.3775,1.5799
2011-10-20,76.91,1.3672,1.5726
2011-10-21,76.1,1.3873,1.5945
2011-10-24,76.1,1.3932,1.5986
2011-10-25,75.88,1.3911,1.5994
2011-10-26,76.05,1.3838,1.5905
2011-10-27,75.8,1.4172,1.6081
2011-10-28,75.72,1.4164,1.613
2011-10-31,77.97,1.3947,1.6141
2011-11-01,78.28,1.3676,1.5946
2011-11-02,78.04,1.3803,1.5974
2011-11-03,77.96,1.3744,1.5959
2011-11-04,78.17,1.3761,1.6026
2011-11-07,78.06,1.3744,1.6024
2011-11-08,77.79,1.3785,1.6076
2011-11-09,77.77,1.3596,1.5958
2011-11-10,77.58,1.36,1.5935
2011-11-11,,,
2011-11-14,77.02,1.3625,1.5899
2011-11-15,76.99,1.3524,1.5818
2011-11-16,77.02,1.3505,1.577
2011-11-17,76.98,1.3522,1.5801
2011-11-18,76.93,1.3521,1.5783
2011-11-21,76.97,1.3525,1.5662
2011-11-22,77.07,1.35,1.5646
2011-11-23,77.41,1.3347,1.5511
2011-11-24,,,
2011-11-25,77.66,1.3244,1.5467
2011-11-28,78.05,1.3334,1.5538
2011-11-29,77.86,1.3343,1.5625
2011-11-30,77.58,1.3453,1.5705
2011-12-01,77.6,1.3487,1.5698
2011-12-02,77.88,1.3386,1.5592
2011-12-05,77.77,1.3463,1.5689
2011-12-06,77.73,1.3397,1.558
2011-12-07,77.69,1.3386,1.5691
2011-12-08,77.67,1.3324,1.5635
2011-12-09,77.58,1.3368,1.5642
2011-12-12,77.87,1.3188,1.5597
2011-12-13,77.86,1.3094,1.5528
2011-12-14,78.08,1.2972,1.5445
2011-12-15,77.87,1.3013,1.5486
2011-12-16,77.65,1.3025,1.5514
2011-12-19,77.96,1.3017,1.5531
2011-12-20,77.76,1.3076,1.5674
2011-12-21,78.0,1.304,1.568
2011-12-22,78.13,1.3045,1.5667
2011-12-23,78.13,1.304,1.5615
2011-12-26,,,
2011-12-27,77.83,1.3074,1.5671
2011-12-28,77.98,1.2926,1.5478
2011-12-29,77.71,1.2952,1.5386
2011-12-30,76.98,1.2973,1.5537
2012-01-02,,,
2012-01-03,76.67,1.3061,1.5655
2012-01-04,76.68,1.293,1.5638
2012-01-05,77.18,1.2783,1.548
2012-01-06,77.06,1.2723,1.5431
2012-01-09,76.88,1.2745,1.5436
2012-01-10,76.84,1.2782,1.5489
2012-01-11,76.9,1.2686,1.5325
2012-01-12,76.76,1.2818,1.5325
2012-01-13,76.9,1.2682,1.5301
2012-01-16,,,
2012-01-17,76.8,1.274,1.5356
2012-01-18,76.81,1.2825,1.541
2012-01-19,77.23,1.2937,1.5484
2012-01-20,76.97,1.2948,1.554
2012-01-23,76.92,1.3035,1.5582
2012-01-24,77.78,1.3004,1.5595
2012-01-25,78.13,1.2978,1.557
2012-01-26,77.47,1.3152,1.5706
2012-01-27,76.68,1.3192,1.5716
2012-01-30,76.28,1.3123,1.569
2012-01-31,76.34,1.3053,1.5754
2012-02-01,76.11,1.3179,1.5849
2012-02-02,76.13,1.3167,1.5813
2012-02-03,76.54,1.3106,1.5779
2012-02-06,76.54,1.313,1.5832
2012-02-07,76.88,1.3244,1.5891
2012-02-08,76.9,1.3253,1.582
2012-02-09,77.42,1.3297,1.5838
2012-02-10,77.57,1.3187,1.5748
2012-02-13,77.52,1.3211,1.578
2012-02-14,78.39,1.3149,1.5691
2012-02-15,78.22,1.3087,1.571
2012-02-16,78.77,1.311,1.5795
2012-02-17,79.33,1.3149,1.5813
2012-02-20,,,
2012-02-21,79.73,1.3255,1.5796
2012-02-22,80.3,1.3251,1.5677
2012-02-23,80.21,1.3308,1.57
2012-02-24,80.88,1.3463,1.5869
2012-02-27,80.42,1.341,1.5845
2012-02-28,80.44,1.3452,1.5887
2012-02-29,81.1,1.3359,1.5951
2012-03-01,81.16,1.332,1.5953
2012-03-02,81.56,1.3202,1.5852
2012-03-05,81.43,1.3226,1.587
2012-03-06,80.86,1.3114,1.572
2012-03-07,81.06,1.3149,1.5746
2012-03-08,81.5,1.3256,1.5822
2012-03-09,82.59,1.3108,1.5677
2012-03-12,82.21,1.3141,1.5615
2012-03-13,82.66,1.3109,1.5736
2012-03-14,83.78,1.3025,1.5686
2012-03-15,83.28,1.307,1.5669
2012-03-16,83.34,1.3171,1.5845
2012-03-19,83.31,1.3242,1.5894
2012-03-20,83.62,1.3222,1.5857
2012-03-21,83.62,1.319,1.5848
2012-03-22,82.5,1.3194,1.5807
2012-03-23,82.35,1.3263,1.5864
2012-03-26,82.84,1.3328,1.5939
2012-03-27,83.15,1.3336,1.5972
2012-03-28,82.74,1.33,1.5855
2012-03-29,82.28,1.3265,1.5911
2012-03-30,82.41,1.3334,1.5985
2012-04-02,82.16,1.3325,1.6022
2012-04-03,82.18,1.3337,1.5966
2012-04-04,82.62,1.3126,1.5879
2012-04-05,82.33,1.3064,1.5822
2012-04-06,81.56,1.3089,1.5877
2012-04-09,81.36,1.3087,1.5879
2012-04-10,80.94,1.3068,1.5836
2012-04-11,80.88,1.3104,1.5892
2012-04-12,80.87,1.3171,1.5939
2012-04-13,80.99,1.3082,1.5851
2012-04-16,80.46,1.3067,1.5865
2012-04-17,80.72,1.3123,1.5931
2012-04-18,81.29,1.3122,1.602
2012-04-19,81.57,1.3132,1.6058
2012-04-20,81.6,1.3212,1.6123
2012-04-23,81.16,1.3129,1.6102
2012-04-24,81.21,1.3207,1.6135
2012-04-25,81.33,1.321,1.6146
2012-04-26,80.78,1.3232,1.6188
2012-04-27,80.48,1.3248,1.6239
2012-04-30,79.81,1.3229,1.6225
2012-05-01,80.17,1.3226,1.6221
2012-05-02,80.19,1.3154,1.6193
2012-05-03,80.36,1.3147,1.6185
2012-05-04,79.84,1.3091,1.6148
2012-05-07,79.88,1.3052,1.6192
2012-05-08,79.79,1.3015,1.6159
2012-05-09,79.64,1.2954,1.613
2012-05-10,79.91,1.2959,1.6161
2012-05-11,79.86,1.2937,1.608
2012-05-14,79.83,1.2847,1.6116
2012-05-15,80.09,1.2769,1.6025
2012-05-16,80.32,1.273,1.5933
2012-05-17,79.26,1.2709,1.5823
2012-05-18,79.14,1.2721,1.5788
2012-05-21,79.31,1.2769,1.579
2012-05-22,79.98,1.2735,1.5775
2012-05-23,79.33,1.2569,1.5691
2012-05-24,79.47,1.2583,1.5698
2012-05-25,79.64,1.2518,1.5648
2012-05-28,,,
2012-05-29,79.44,1.2488,1.563
2012-05-30,78.93,1.2405,1.5532
2012-05-31,78.29,1.2364,1.5405
2012-06-01,78.21,1.242,1.5383
2012-06-04,78.3,1.2495,1.5382
2012-06-05,78.57,1.2437,1.5355
2012-06-06,79.11,1.2535,1.5475
2012-06-07,79.67,1.2568,1.5557
2012-06-08,79.47,1.2482,1.5433
2012-06-11,79.5,1.2504,1.5515
2012-06-12,79.44,1.2477,1.5562
2012-06-13,79.35,1.2596,1.5557
2012-06-14,79.29,1.2608,1.5533
2012-06-15,78.65,1.2633,1.5654
2012-06-18,78.95,1.2578,1.5665
2012-06-19,78.92,1.2692,1.5732
2012-06-20,79.54,1.2703,1.575
2012-06-21,80.18,1.2586,1.5633
2012-06-22,80.52,1.2545,1.5582
2012-06-25,79.5,1.248,1.5555
2012-06-26,79.46,1.2471,1.562
2012-06-27,79.83,1.2457,1.5549
2012-06-28,79.35,1.2433,1.5503
2012-06-29,79.81,1.2668,1.5686
2012-07-02,79.42,1.2584,1.5679
2012-07-03,79.77,1.262,1.5702
2012-07-04,,,
2012-07-05,79.95,1.2384,1.5531
2012-07-06,79.61,1.2283,1.548
2012-07-09,79.66,1.2299,1.5507
2012-07-10,79.44,1.2255,1.5506
2012-07-11,79.7,1.2244,1.5532
2012-07-12,79.29,1.2199,1.5425
2012-07-13,79.2,1.2232,1.555
2012-07-16,78.8,1.2267,1.5635
2012-07-17,79.04,1.2234,1.5613
2012-07-18,78.79,1.2261,1.5636
2012-07-19,78.6,1.2257,1.5719
2012-07-20,78.49,1.2176,1.563
2012-07-23,78.38,1.2126,1.5512
2012-07-24,78.19,1.2062,1.5521
2012-07-25,78.21,1.2132,1.5479
2012-07-26,78.24,1.228,1.5683
2012-07-27,78.55,1.237,1.5728
2012-07-30,78.2,1.225,1.5694
2012-07-31,78.1,1.2315,1.5686
2012-08-01,78.19,1.2299,1.5596
2012-08-02,78.22,1.2149,1.55
2012-08-03,78.6,1.239,1.565
2012-08-06,78.17,1.2422,1.5625
2012-08-07,78.71,1.2422,1.5658
2012-08-08,78.44,1.2364,1.5659
2012-08-09,78.64,1.2278,1.5623
2012-08-10,78.24,1.2298,1.5679
2012-08-13,78.34,1.2339,1.569
2012-08-14,78.82,1.2329,1.5692
2012-08-15,78.89,1.2288,1.5686
2012-08-16,79.25,1.2356,1.5738
2012-08-17,79.5,1.2315,1.5697
2012-08-20,79.41,1.2343,1.5707
2012-08-21,79.43,1.2472,1.5788
2012-08-22,79.19,1.2472,1.58
2012-08-23,78.46,1.2583,1.5882
2012-08-24,78.65,1.2533,1.5815
2012-08-27,78.67,1.2514,1.58
2012-08-28,78.5,1.2564,1.5828
2012-08-29,78.72,1.2538,1.5839
2012-08-30,78.55,1.2497,1.5794
2012-08-31,78.3,1.2578,1.5864
2012-09-03,,,
2012-09-04,78.35,1.2566,1.5889
2012-09-05,78.34,1.2603,1.5907
2012-09-06,78.96,1.2626,1.5922
2012-09-07,78.14,1.2796,1.6016
2012-09-10,78.24,1.2795,1.6009
2012-09-11,77.78,1.2858,1.6071
2012-09-12,77.86,1.2894,1.6111
2012-09-13,77.41,1.2912,1.6125
2012-09-14,78.22,1.3142,1.6244
2012-09-17,78.68,1.3125,1.6263
2012-09-18,78.59,1.3051,1.6251
2012-09-19,78.4,1.3065,1.6219
2012-09-20,78.3,1.2948,1.6198
2012-09-21,78.17,1.299,1.6251
2012-09-24,77.9,1.2909,1.6199
2012-09-25,77.91,1.2945,1.6232
2012-09-26,77.78,1.2852,1.6145
2012-09-27,77.62,1.2874,1.6217
2012-09-28,77.92,1.2856,1.6132
2012-10-01,78.0,1.29,1.6142
2012-10-02,78.01,1.2951,1.6186
2012-10-03,78.57,1.2909,1.6077
2012-10-04,78.44,1.3001,1.6165
2012-10-05,78.66,1.3059,1.6196
2012-10-08,,,
2012-10-09,78.23,1.2876,1.5987
2012-10-10,78.26,1.2888,1.6007
2012-10-11,78.44,1.2928,1.6028
2012-10-12,78.31,1.2946,1.6075
2012-10-15,78.76,1.295,1.6069
2012-10-16,78.92,1.3036,1.6101
2012-10-17,78.74,1.3133,1.6165
2012-10-18,79.24,1.3106,1.6141
2012-10-19,79.26,1.3022,1.6003
2012-10-22,79.84,1.3063,1.6028
2012-10-23,79.79,1.2971,1.5932
2012-10-24,79.82,1.2946,1.6015
2012-10-25,80.04,1.2958,1.6119
2012-10-26,79.63,1.2938,1.6098
2012-10-29,79.81,1.2906,1.6025
2012-10-30,79.58,1.2979,1.6083
2012-10-31,79.94,1.2958,1.6111
2012-11-01,80.14,1.2937,1.6142
2012-11-02,80.53,1.2848,1.6036
2012-11-05,80.17,1.279,1.5977
2012-11-06,80.28,1.2818,1.5985
2012-11-07,79.85,1.2759,1.5975
2012-11-08,79.74,1.274,1.5979
2012-11-09,79.46,1.2715,1.5912
2012-11-12,,,
2012-11-13,79.42,1.2716,1.5885
2012-11-14,80.2,1.274,1.5849
2012-11-15,81.16,1.2783,1.5865
2012-11-16,81.28,1.2715,1.5866
2012-11-19,81.18,1.2806,1.5908
2012-11-20,81.72,1.2814,1.5927
2012-11-21,82.36,1.2816,1.5936
2012-11-22,,,
2012-11-23,82.34,1.2959,1.6032
2012-11-26,82.11,1.2966,1.6014
2012-11-27,82.23,1.294,1.6028
2012-11-28,81.84,1.2923,1.5997
2012-11-29,82.06,1.2953,1.6026
2012-11-30,82.54,1.301,1.6027
2012-12-03,82.24,1.3066,1.6104
2012-12-04,81.86,1.3081,1.6097
2012-12-05,82.4,1.3077,1.6102
2012-12-06,82.29,1.2968,1.6066
2012-12-07,82.37,1.2942,1.6031
2012-12-10,82.37,1.293,1.6068
2012-12-11,82.42,1.2992,1.6103
2012-12-12,83.1,1.3038,1.6132
2012-12-13,83.54,1.3077,1.613
2012-12-14,83.52,1.3134,1.6139
2012-12-17,83.7,1.3169,1.6203
2012-12-18,84.0,1.3224,1.6256
2012-12-19,84.32,1.326,1.6275
2012-12-20,84.33,1.3224,1.6268
2012-12-21,84.1,1.3166,1.6167
2012-12-24,84.81,1.3179,1.6113
2012-12-25,,,
2012-12-26,85.62,1.3228,1.6118
2012-12-27,86.06,1.3228,1.6106
2012-12-28,86.12,1.322,1.6157
2012-12-31,86.64,1.3186,1.6262
2013-01-01,,,
2013-01-02,87.1,1.3195,1.6255
2013-01-03,86.92,1.311,1.6151
2013-01-04,88.14,1.3047,1.6036
2013-01-07,87.68,1.3099,1.608
2013-01-08,87.31,1.3068,1.604
2013-01-09,87.9,1.3078,1.6024
2013-01-10,88.16,1.322,1.6125
2013-01-11,89.22,1.3353,1.6128
2013-01-14,89.34,1.3369,1.6077
2013-01-15,88.65,1.3342,1.6089
2013-01-16,88.64,1.3305,1.6009
2013-01-17,89.41,1.3356,1.5991
2013-01-18,89.9,1.3303,1.5876
2013-01-21,,,
2013-01-22,88.62,1.3304,1.5862
2013-01-23,88.44,1.3308,1.5848
2013-01-24,90.04,1.3378,1.5789
2013-01-25,91.04,1.3456,1.5799
2013-01-28,90.73,1.3459,1.5686
2013-01-29,90.65,1.3484,1.5751
2013-01-30,91.05,1.3564,1.5793
2013-01-31,91.28,1.3584,1.5856
2013-02-01,92.54,1.3692,1.5744
2013-02-04,92.57,1.3527,1.5737
2013-02-05,93.34,1.3569,1.5652
2013-02-06,93.56,1.3528,1.5655
2013-02-07,93.24,1.3382,1.5712
2013-02-08,92.72,1.3366,1.5814
2013-02-11,93.44,1.3414,1.5668
2013-02-12,93.14,1.345,1.5654
2013-02-13,93.39,1.3448,1.5544
2013-02-14,93.1,1.3334,1.5502
2013-02-15,93.64,1.3362,1.5518
2013-02-18,,,
2013-02-19,93.54,1.3387,1.5432
2013-02-20,93.53,1.335,1.5301
2013-02-21,92.96,1.3204,1.5263
2013-02-22,93.35,1.3166,1.5256
2013-02-25,93.35,1.3172,1.5112
2013-02-26,91.38,1.3054,1.5125
2013-02-27,91.88,1.3104,1.5134
2013-02-28,92.36,1.3079,1.5192
2013-03-01,93.38,1.2988,1.5033
2013-03-04,93.32,1.2996,1.5084
2013-03-05,93.39,1.3019,1.5098
2013-03-06,93.64,1.299,1.5036
2013-03-07,95.0,1.3098,1.5032
2013-03-08,96.0,1.2992,1.4926
2013-03-11,96.12,1.3014,1.4898
2013-03-12,95.96,1.3023,1.4877
2013-03-13,96.0,1.2949,1.4925
2013-03-14,96.16,1.2974,1.5039
2013-03-15,95.26,1.3076,1.5124
2013-03-18,94.92,1.2956,1.5113
2013-03-19,94.85,1.2888,1.5118
2013-03-20,95.51,1.295,1.5133
2013-03-21,95.06,1.2928,1.518
2013-03-22,94.48,1.2996,1.5239
2013-03-25,94.34,1.2881,1.5184
2013-03-26,94.22,1.2858,1.5156
2013-03-27,94.38,1.2782,1.5112
2013-03-28,94.02,1.2842,1.5184
2013-03-29,94.16,1.2816,1.5193
2013-04-01,93.3,1.2857,1.5232
2013-04-02,93.43,1.2836,1.5113
2013-04-03,92.96,1.2847,1.514
2013-04-04,96.12,1.2854,1.5198
2013-04-05,96.86,1.3027,1.5336
2013-04-08,98.9,1.3008,1.5257
2013-04-09,99.02,1.3092,1.5317
2013-04-10,99.61,1.306,1.5315
2013-04-11,99.42,1.3124,1.5403
2013-04-12,98.98,1.3094,1.5373
2013-04-15,98.0,1.3082,1.532
2013-04-16,97.86,1.3141,1.5316
2013-04-17,97.74,1.3049,1.5255
2013-04-18,98.22,1.3072,1.5282
2013-04-19,99.28,1.3066,1.5254
2013-04-22,99.29,1.305,1.5262
2013-04-23,99.43,1.3012,1.5267
2013-04-24,99.39,1.2997,1.5258
2013-04-25,99.42,1.3004,1.5434
2013-04-26,97.84,1.3024,1.5479
2013-04-29,98.09,1.309,1.5497
2013-04-30,97.52,1.3168,1.5539
2013-05-01,97.28,1.3192,1.5578
2013-05-02,97.96,1.3066,1.5519
2013-05-03,99.1,1.3112,1.5563
2013-05-06,99.35,1.3067,1.5538
2013-05-07,99.0,1.3085,1.5468
2013-05-08,98.9,1.3177,1.5563
2013-05-09,99.29,1.3105,1.5502
2013-05-10,101.74,1.2955,1.5334
2013-05-13,101.84,1.2981,1.5291
2013-05-14,102.18,1.2969,1.5258
2013-05-15,102.44,1.2857,1.5198
2013-05-16,102.22,1.2898,1.5302
2013-05-17,102.98,1.2818,1.5173
2013-05-20,102.54,1.2865,1.5223
2013-05-21,102.36,1.291,1.517
2013-05-22,103.52,1.2864,1.5038
2013-05-23,101.66,1.2944,1.512
2013-05-24,100.98,1.292,1.5126
2013-05-27,,,
2013-05-28,102.07,1.287,1.5061
2013-05-29,100.91,1.2944,1.5121
2013-05-30,101.06,1.3042,1.5207
2013-05-31,100.83,1.2988,1.5185
2013-06-03,99.18,1.3098,1.5349
2013-06-04,100.15,1.3075,1.5304
2013-06-05,99.16,1.3088,1.5392
2013-06-06,97.76,1.3248,1.5601
2013-06-07,97.2,1.3242,1.5558
2013-06-10,98.88,1.3234,1.5556
2013-06-11,96.82,1.3278,1.5587
2013-06-12,95.36,1.3354,1.5697
2013-06-13,94.29,1.3314,1.5698
2013-06-14,94.34,1.333,1.5686
2013-06-17,94.87,1.3341,1.5709
2013-06-18,95.2,1.3407,1.5625
2013-06-19,95.22,1.3404,1.5657
2013-06-20,98.18,1.3214,1.5469
2013-06-21,97.48,1.3113,1.5373
2013-06-24,97.7,1.3091,1.5404
2013-06-25,97.87,1.308,1.5418
2013-06-26,97.43,1.3006,1.5332
2013-06-27,98.4,1.3016,1.5235
2013-06-28,99.21,1.301,1.521
2013-07-01,99.62,1.306,1.5247
2013-07-02,100.43,1.3017,1.5171
2013-07-03,99.82,1.3005,1.5264
2013-07-04,,,
2013-07-05,100.94,1.2831,1.491
2013-07-08,101.07,1.2863,1.4932
2013-07-09,101.08,1.2774,1.4837
2013-07-10,100.1,1.2846,1.4935
2013-07-11,98.8,1.3046,1.5127
2013-07-12,99.39,1.3048,1.5108
2013-07-15,100.04,1.3039,1.5088
2013-07-16,99.37,1.3144,1.5122
2013-07-17,99.7,1.3094,1.5184
2013-07-18,100.6,1.3078,1.5193
2013-07-19,100.3,1.3142,1.526
2013-07-22,99.6,1.3193,1.5366
2013-07-23,99.76,1.3212,1.5354
2013-07-24,100.21,1.3228,1.5367
2013-07-25,99.56,1.3234,1.5333
2013-07-26,98.24,1.3269,1.5368
2013-07-29,97.8,1.3262,1.5355
2013-07-30,98.02,1.3266,1.5244
2013-07-31,98.35,1.3282,1.5177
2013-08-01,99.3,1.3217,1.5145
2013-08-02,99.04,1.3268,1.5277
2013-08-05,98.54,1.3257,1.5347
2013-08-06,97.85,1.3296,1.5367
2013-08-07,96.72,1.3329,1.5514
2013-08-08,96.03,1.3392,1.5555
2013-08-09,96.24,1.3338,1.5507
2013-08-12,96.44,1.3312,1.5475
2013-08-13,98.06,1.3247,1.5451
2013-08-14,98.15,1.3256,1.5531
2013-08-15,97.81,1.3263,1.5573
2013-08-16,97.6,1.3321,1.5621
2013-08-19,97.94,1.3348,1.5665
2013-08-20,97.12,1.3426,1.5678
2013-08-21,97.66,1.3368,1.5678
2013-08-22,98.53,1.3362,1.558
2013-08-23,98.57,1.3392,1.5578
2013-08-26,98.64,1.3369,1.5568
2013-08-27,97.3,1.3387,1.5528
2013-08-28,97.65,1.3326,1.552
2013-08-29,98.46,1.3228,1.5488
2013-08-30,98.22,1.3196,1.5468
2013-09-02,,,
2013-09-03,99.43,1.3164,1.5544
2013-09-04,99.61,1.3212,1.5643
2013-09-05,100.08,1.312,1.5593
2013-09-06,99.04,1.3166,1.5633
2013-09-09,99.55,1.326,1.5724
2013-09-10,100.22,1.326,1.5731
2013-09-11,100.08,1.3301,1.5807
2013-09-12,99.24,1.3315,1.5819
2013-09-13,99.38,1.3276,1.5861
2013-09-16,98.98,1.335,1.5927
2013-09-17,99.16,1.3357,1.5901
2013-09-18,99.04,1.3351,1.5965
2013-09-19,99.33,1.3527,1.6043
2013-09-20,99.38,1.3522,1.6021
2013-09-23,98.76,1.352,1.6066
2013-09-24,98.76,1.349,1.6006
2013-09-25,98.62,1.3536,1.608
2013-09-26,98.95,1.3484,1.6012
2013-09-27,98.3,1.3537,1.6135
2013-09-30,98.29,1.3535,1.6179
2013-10-01,98.05,1.3534,1.6208
2013-10-02,97.36,1.3592,1.6224
2013-10-03,97.08,1.3642,1.6169
2013-10-04,97.2,1.3582,1.6069
2013-10-07,97.02,1.3569,1.6082
2013-10-08,96.94,1.3582,1.6089
2013-10-09,97.23,1.3513,1.5943
2013-10-10,98.09,1.3535,1.5975
2013-10-11,98.42,1.3559,1.5945
2013-10-14,,,
2013-10-15,98.58,1.3494,1.5974
2013-10-16,98.9,1.349,1.5904
2013-10-17,97.85,1.3664,1.6166
2013-10-18,97.77,1.3693,1.6184
2013-10-21,98.14,1.3672,1.6149
2013-10-22,98.18,1.3778,1.6221
2013-10-23,97.28,1.3786,1.6171
2013-10-24,97.36,1.381,1.6186
2013-10-25,97.46,1.3794,1.6158
2013-10-28,97.7,1.3786,1.6131
2013-10-29,98.09,1.377,1.6059
2013-10-30,98.14,1.3771,1.6078
2013-10-31,98.1,1.3594,1.6068
2013-11-01,98.78,1.3488,1.5922
2013-11-04,98.62,1.3516,1.595
2013-11-05,98.6,1.347,1.6044
2013-11-06,98.6,1.353,1.608
2013-11-07,98.56,1.339,1.6069
2013-11-08,99.03,1.3357,1.5995
2013-11-11,,,
2013-11-12,99.65,1.3428,1.5916
2013-11-13,99.31,1.3456,1.6033
2013-11-14,99.93,1.3468,1.6077
2013-11-15,100.17,1.348,1.6107
2013-11-18,100.04,1.352,1.611
2013-11-19,100.14,1.3529,1.611
2013-11-20,100.02,1.3451,1.615
2013-11-21,100.95,1.347,1.6155
2013-11-22,101.29,1.3547,1.6211
2013-11-25,101.7,1.3502,1.6146
2013-11-26,101.38,1.3555,1.6187
2013-11-27,102.18,1.3563,1.6267
2013-11-28,,,
2013-11-29,102.45,1.3606,1.6373
2013-12-02,103.04,1.3552,1.6365
2013-12-03,102.36,1.3604,1.6416
2013-12-04,102.48,1.3555,1.6352
2013-12-05,101.82,1.3664,1.6328
2013-12-06,102.88,1.369,1.6327
2013-12-09,103.22,1.3726,1.6403
2013-12-10,102.8,1.3765,1.6424
2013-12-11,102.38,1.3798,1.6389
2013-12-12,103.11,1.3752,1.6326
2013-12-13,103.28,1.3724,1.6294
2013-12-16,102.91,1.3757,1.6311
2013-12-17,102.63,1.3748,1.6254
2013-12-18,103.18,1.3766,1.6388
2013-12-19,104.16,1.3666,1.6382
2013-12-20,104.07,1.3673,1.6355
2013-12-23,104.06,1.3701,1.6356
2013-12-24,104.26,1.3676,1.6371
2013-12-25,,,
2013-12-26,104.72,1.369,1.6425
2013-12-27,105.05,1.3766,1.6491
2013-12-30,105.0,1.3816,1.6522
2013-12-31,105.25,1.3779,1.6574
2014-01-01,,,
2014-01-02,104.84,1.367,1.6441
2014-01-03,104.46,1.3606,1.6424
2014-01-06,104.38,1.3636,1.6412
2014-01-07,104.54,1.3618,1.6421
2014-01-08,104.87,1.3586,1.6461
2014-01-09,104.74,1.3591,1.6459
2014-01-10,104.06,1.3664,1.647
2014-01-13,103.31,1.3647,1.6379
2014-01-14,103.8,1.3682,1.645
2014-01-15,104.42,1.3604,1.6375
2014-01-16,104.32,1.36,1.6335
2014-01-17,104.32,1.3554,1.6429
2014-01-20,,,
2014-01-21,104.14,1.356,1.6469
2014-01-22,104.36,1.3546,1.6571
2014-01-23,103.65,1.368,1.6612
2014-01-24,102.41,1.368,1.6491
2014-01-27,102.26,1.3679,1.6588
2014-01-28,102.8,1.3662,1.6581
2014-01-29,102.2,1.3663,1.6561
2014-01-30,102.83,1.3549,1.6487
2014-01-31,102.28,1.35,1.645
2014-02-03,101.11,1.3523,1.6307
2014-02-04,101.62,1.3507,1.63
2014-02-05,101.38,1.3519,1.6308
2014-02-06,101.84,1.3604,1.6345
2014-02-07,102.32,1.3614,1.6395
2014-02-10,102.14,1.3644,1.6419
2014-02-11,102.63,1.3654,1.6468
2014-02-12,102.48,1.3592,1.6578
2014-02-13,102.2,1.3669,1.6643
2014-02-14,101.82,1.369,1.6736
2014-02-17,,,
2014-02-18,102.31,1.3758,1.6696
2014-02-19,102.3,1.3762,1.6718
2014-02-20,102.32,1.369,1.664
2014-02-21,102.71,1.3722,1.663
2014-02-24,102.44,1.3744,1.6641
2014-02-25,102.2,1.3749,1.6696
2014-02-26,102.36,1.3668,1.6648
2014-02-27,102.12,1.3724,1.6693
2014-02-28,102.08,1.3806,1.675
2014-03-03,101.36,1.3763,1.6712
2014-03-04,102.18,1.3731,1.6665
2014-03-05,102.32,1.3734,1.6729
2014-03-06,103.03,1.3848,1.6743
2014-03-07,103.38,1.3868,1.6725
2014-03-10,103.23,1.388,1.6633
2014-03-11,103.18,1.3867,1.6628
2014-03-12,102.74,1.3904,1.6605
2014-03-13,102.12,1.3927,1.6677
2014-03-14,101.46,1.3924,1.663
2014-03-17,101.62,1.3927,1.6645
2014-03-18,101.37,1.3913,1.6574
2014-03-19,101.54,1.391,1.6629
2014-03-20,102.39,1.3784,1.6511
2014-03-21,102.38,1.3783,1.6498
2014-03-24,102.21,1.3784,1.6491
2014-03-25,102.32,1.3777,1.6507
2014-03-26,102.3,1.3786,1.6566
2014-03-27,102.1,1.3752,1.6627
2014-03-28,102.92,1.3753,1.6637
2014-03-31,102.98,1.3777,1.6675
2014-04-01,103.52,1.3804,1.6639
2014-04-02,103.82,1.3761,1.6634
2014-04-03,103.94,1.3708,1.6583
2014-04-04,103.39,1.3704,1.6594
2014-04-07,103.04,1.3745,1.6616
2014-04-08,102.12,1.3802,1.6743
2014-04-09,101.85,1.3816,1.6751
2014-04-10,101.43,1.3892,1.6781
2014-04-11,101.56,1.3898,1.6736
2014-04-14,101.81,1.3824,1.6741
2014-04-15,101.6,1.3806,1.6725
2014-04-16,102.3,1.382,1.6794
2014-04-17,102.22,1.3832,1.6809
2014-04-18,102.43,1.3816,1.6792
2014-04-21,102.56,1.379,1.6792
2014-04-22,102.6,1.3804,1.6833
2014-04-23,102.26,1.3814,1.6768
2014-04-24,102.34,1.3828,1.6797
2014-04-25,102.12,1.3838,1.681
2014-04-28,102.46,1.3844,1.6812
2014-04-29,102.57,1.3808,1.6829
2014-04-30,102.14,1.387,1.6883
2014-05-01,102.3,1.3867,1.69
2014-05-02,102.34,1.3864,1.6865
2014-05-05,102.06,1.3884,1.687
2014-05-06,101.57,1.3924,1.6976
2014-05-07,101.72,1.3917,1.6964
2014-05-08,101.66,1.3864,1.6944
2014-05-09,101.74,1.3763,1.6849
2014-05-12,102.1,1.376,1.6871
2014-05-13,102.2,1.3711,1.6838
2014-05-14,101.75,1.3718,1.6784
2014-05-15,101.44,1.3712,1.6791
2014-05-16,101.5,1.3708,1.6827
2014-05-19,101.26,1.3716,1.6822
2014-05-20,101.26,1.3702,1.6847
2014-05-21,101.44,1.3657,1.6869
2014-05-22,101.76,1.3652,1.6859
2014-05-23,101.88,1.3628,1.6822
2014-05-26,,,
2014-05-27,102.14,1.3618,1.68
2014-05-28,101.78,1.3596,1.6709
2014-05-29,101.58,1.3608,1.6719
2014-05-30,101.77,1.364,1.6764
2014-06-02,102.3,1.3606,1.6756
2014-06-03,102.42,1.3624,1.6753
2014-06-04,102.69,1.3619,1.6747
2014-06-05,102.44,1.3618,1.6796
2014-06-06,102.5,1.3639,1.6794
2014-06-09,102.52,1.3589,1.6798
2014-06-10,102.37,1.3543,1.6753
2014-06-11,101.94,1.3532,1.6795
2014-06-12,101.83,1.3556,1.6853
2014-06-13,102.06,1.3522,1.6953
2014-06-16,101.82,1.3578,1.6988
2014-06-17,102.18,1.3543,1.6965
2014-06-18,102.16,1.3567,1.6951
2014-06-19,101.84,1.362,1.7046
2014-06-20,102.14,1.3586,1.7014
2014-06-23,101.9,1.3593,1.701
2014-06-24,102.13,1.3588,1.6971
2014-06-25,101.75,1.3638,1.6986
2014-06-26,101.66,1.361,1.7018
2014-06-27,101.39,1.3631,1.7016
2014-06-30,101.28,1.369,1.7105
2014-07-01,101.51,1.3681,1.7147
2014-07-02,101.76,1.3656,1.7165
2014-07-03,102.19,1.361,1.7152
2014-07-04,,,
2014-07-07,101.84,1.3604,1.7128
2014-07-08,101.53,1.3614,1.7127
2014-07-09,101.7,1.363,1.713
2014-07-10,101.26,1.36,1.7122
2014-07-11,101.33,1.3598,1.7108
2014-07-14,101.58,1.362,1.7079
2014-07-15,101.62,1.3573,1.7149
2014-07-16,101.69,1.353,1.7131
2014-07-17,101.3,1.353,1.7104
2014-07-18,101.37,1.3515,1.7069
2014-07-21,101.34,1.3524,1.7067
2014-07-22,101.54,1.347,1.7058
2014-07-23,101.5,1.3462,1.7036
2014-07-24,101.82,1.3468,1.6981
2014-07-25,101.81,1.3431,1.6972
2014-07-28,101.82,1.344,1.6991
2014-07-29,102.12,1.341,1.6939
2014-07-30,102.9,1.3378,1.6903
2014-07-31,102.75,1.339,1.6889
2014-08-01,102.45,1.3436,1.6832
2014-08-04,102.47,1.3414,1.6841
2014-08-05,102.77,1.3366,1.6874
2014-08-06,102.34,1.3355,1.6833
2014-08-07,102.06,1.3362,1.6849
2014-08-08,101.91,1.3412,1.6778
2014-08-11,102.14,1.3385,1.6787
2014-08-12,102.22,1.3357,1.6806
2014-08-13,102.48,1.3367,1.6696
2014-08-14,102.44,1.3376,1.6694
2014-08-15,102.19,1.3392,1.6686
2014-08-18,102.54,1.3358,1.672
2014-08-19,102.86,1.332,1.662
2014-08-20,103.36,1.3284,1.6633
2014-08-21,103.78,1.3284,1.6589
2014-08-22,103.97,1.3237,1.6574
2014-08-25,103.96,1.3206,1.6585
2014-08-26,104.12,1.3189,1.657
2014-08-27,103.98,1.3192,1.6573
2014-08-28,103.78,1.3178,1.6579
2014-08-29,104.0,1.315,1.6585
2014-09-01,,,
2014-09-02,105.1,1.3124,1.6502
2014-09-03,104.88,1.3136,1.6451
2014-09-04,105.22,1.2926,1.6349
2014-09-05,104.94,1.2956,1.6312
2014-09-08,105.65,1.2948,1.6141
2014-09-09,106.32,1.2909,1.6088
2014-09-10,106.76,1.2908,1.6134
2014-09-11,106.87,1.2936,1.6225
2014-09-12,107.24,1.2955,1.6243
2014-09-15,107.18,1.2951,1.6243
2014-09-16,106.91,1.2976,1.629
2014-09-17,107.58,1.2958,1.6329
2014-09-18,108.69,1.2913,1.6372
2014-09-19,108.96,1.2835,1.6314
2014-09-22,108.88,1.2829,1.634
2014-09-23,108.82,1.2858,1.637
2014-09-24,108.92,1.2788,1.6344
2014-09-25,108.7,1.2748,1.6313
2014-09-26,109.32,1.2686,1.6254
2014-09-29,109.34,1.2703,1.6262
2014-09-30,109.66,1.2628,1.622
2014-10-01,109.3,1.2618,1.6216
2014-10-02,108.1,1.267,1.614
2014-10-03,109.7,1.2517,1.5962
2014-10-06,109.08,1.2592,1.6029
2014-10-07,108.3,1.2626,1.6072
2014-10-08,108.41,1.2683,1.6068
2014-10-09,108.0,1.2683,1.6123
2014-10-10,107.83,1.2636,1.6049
2014-10-13,,,
2014-10-14,107.15,1.266,1.593
2014-10-15,106.06,1.2778,1.5959
2014-10-16,105.98,1.2812,1.6065
2014-10-17,106.72,1.2755,1.6086
2014-10-20,106.87,1.2783,1.6137
2014-10-21,106.7,1.2724,1.6134
2014-10-22,107.32,1.2658,1.607
2014-10-23,108.16,1.2658,1.6037
2014-10-24,108.06,1.2675,1.6098
2014-10-27,107.71,1.2712,1.6133
2014-10-28,108.0,1.2747,1.6157
2014-10-29,108.1,1.2762,1.6149
2014-10-30,108.94,1.2622,1.6023
2014-10-31,112.09,1.253,1.5999
2014-11-03,113.92,1.2487,1.5986
2014-11-04,113.44,1.2554,1.5991
2014-11-05,114.62,1.2488,1.5984
2014-11-06,114.87,1.2414,1.5862
2014-11-07,114.73,1.2422,1.5844
2014-11-10,114.78,1.2425,1.5857
2014-11-11,,,
2014-11-12,115.42,1.2456,1.5815
2014-11-13,115.63,1.2476,1.5717
2014-11-14,116.52,1.2494,1.5657
2014-11-17,116.44,1.2447,1.5645
2014-11-18,116.76,1.2534,1.5648
2014-11-19,117.7,1.2548,1.567
2014-11-20,118.14,1.2526,1.5683
2014-11-21,117.74,1.2394,1.5672
2014-11-24,118.39,1.2427,1.5701
2014-11-25,117.99,1.2472,1.5714
2014-11-26,117.6,1.2503,1.5787
2014-11-27,,,
2014-11-28,118.7,1.2438,1.5638
2014-12-01,118.14,1.249,1.5743
2014-12-02,119.1,1.239,1.5651
2014-12-03,119.82,1.2304,1.57
2014-12-04,119.67,1.2432,1.5707
2014-12-05,121.38,1.2304,1.56
2014-12-08,120.89,1.2292,1.5625
2014-12-09,118.87,1.2415,1.5694
2014-12-10,118.5,1.2425,1.5689
2014-12-11,119.4,1.2397,1.5712
2014-12-12,118.22,1.2484,1.5728
2014-12-15,117.75,1.247,1.5663
2014-12-16,117.28,1.2504,1.5736
2014-12-17,117.64,1.2406,1.5652
2014-12-18,118.84,1.2291,1.5662
2014-12-19,119.56,1.2235,1.5609
2014-12-22,119.84,1.2252,1.5618
2014-12-23,120.68,1.218,1.5517
2014-12-24,120.45,1.2188,1.5549
2014-12-25,,,
2014-12-26,,,
2014-12-29,120.57,1.2179,1.5524
2014-12-30,119.34,1.2174,1.5573
2014-12-31,119.85,1.2101,1.5578
2015-01-01,,,
2015-01-02,120.2,1.2015,1.5361
2015-01-05,119.64,1.1918,1.5234
2015-01-06,118.26,1.1936,1.5174
2015-01-07,119.52,1.182,1.5073
2015-01-08,119.51,1.1811,1.5118
2015-01-09,118.66,1.183,1.5151
2015-01-12,118.32,1.1832,1.5168
2015-01-13,118.16,1.1779,1.5166
2015-01-14,116.78,1.1806,1.5234
2015-01-15,116.95,1.1598,1.5161
2015-01-16,117.45,1.1517,1.5132
2015-01-19,,,
2015-01-20,118.48,1.1559,1.5162
2015-01-21,117.86,1.1584,1.5118
2015-01-22,117.92,1.1414,1.5052
2015-01-23,117.8,1.1279,1.5022
2015-01-26,118.38,1.129,1.5088
2015-01-27,117.62,1.137,1.5196
2015-01-28,117.74,1.1342,1.5165
2015-01-29,118.31,1.1308,1.5043
2015-01-30,117.44,1.129,1.5026
2015-02-02,117.33,1.1337,1.5027
2015-02-03,117.48,1.1462,1.5129
2015-02-04,117.58,1.1418,1.5209
2015-02-05,117.4,1.1432,1.5293
2015-02-06,119.16,1.133,1.5247
2015-02-09,118.7,1.1316,1.5217
2015-02-10,119.32,1.1316,1.5252
2015-02-11,120.38,1.13,1.5232
2015-02-12,118.72,1.141,1.538
2015-02-13,118.7,1.1408,1.5394
2015-02-16,,,
2015-02-17,118.99,1.1395,1.5349
2015-02-18,119.19,1.1342,1.543
2015-02-19,118.84,1.1392,1.5451
2015-02-20,118.68,1.1372,1.5385
2015-02-23,118.88,1.1346,1.5465
2015-02-24,119.13,1.1307,1.5434
2015-02-25,118.88,1.1363,1.5499
2015-02-26,119.36,1.1212,1.5424
2015-02-27,119.72,1.1197,1.5439
2015-03-02,120.06,1.119,1.5371
2015-03-03,119.47,1.1212,1.5391
2015-03-04,119.76,1.107,1.5266
2015-03-05,120.22,1.1006,1.5229
2015-03-06,120.93,1.0855,1.5063
2015-03-09,121.17,1.0846,1.5097
2015-03-10,121.2,1.0707,1.5086
2015-03-11,121.5,1.0576,1.4945
2015-03-12,121.28,1.0615,1.4907
2015-03-13,121.17,1.0524,1.4755
2015-03-16,121.3,1.0575,1.48
2015-03-17,121.28,1.0605,1.4744
2015-03-18,120.92,1.0643,1.4686
2015-03-19,120.9,1.0621,1.4729
2015-03-20,120.28,1.0792,1.4923
2015-03-23,119.74,1.0928,1.4936
2015-03-24,119.9,1.0908,1.487
2015-03-25,119.37,1.0986,1.4915
2015-03-26,119.01,1.0919,1.4844
2015-03-27,119.15,1.0891,1.4878
2015-03-30,120.11,1.0818,1.4792
2015-03-31,119.96,1.0741,1.485
2015-04-01,119.62,1.0768,1.4823
2015-04-02,119.74,1.0874,1.4842
2015-04-03,118.96,1.099,1.4916
2015-04-06,119.05,1.1008,1.4959
2015-04-07,120.36,1.085,1.4857
2015-04-08,119.96,1.0818,1.4924
2015-04-09,120.32,1.0671,1.4739
2015-04-10,120.29,1.0598,1.4648
2015-04-13,120.32,1.0582,1.4658
2015-04-14,119.26,1.0672,1.479
2015-04-15,119.23,1.0596,1.4782
2015-04-16,119.18,1.0742,1.4923
2015-04-17,119.02,1.078,1.4942
2015-04-20,119.27,1.0763,1.4913
2015-04-21,119.45,1.0758,1.4944
2015-04-22,119.9,1.0729,1.5027
2015-04-23,119.69,1.0803,1.5047
2015-04-24,118.98,1.0876,1.5176
2015-04-27,119.12,1.0892,1.5235
2015-04-28,118.8,1.0979,1.5328
2015-04-29,118.83,1.1174,1.5485
2015-04-30,119.86,1.1162,1.5328
2015-05-01,120.21,1.1194,1.5137
2015-05-04,120.25,1.1145,1.5118
2015-05-05,119.87,1.1174,1.5178
2015-05-06,119.42,1.1345,1.5244
2015-05-07,119.74,1.1283,1.5223
2015-05-08,119.78,1.1241,1.5455
2015-05-11,120.05,1.1142,1.5593
2015-05-12,119.8,1.124,1.5685
2015-05-13,119.09,1.1372,1.5748
2015-05-14,119.2,1.1368,1.5766
2015-05-15,119.36,1.1428,1.5772
2015-05-18,119.82,1.1354,1.5679
2015-05-19,120.58,1.1151,1.5523
2015-05-20,121.28,1.1079,1.5544
2015-05-21,121.06,1.1126,1.5672
2015-05-22,121.45,1.1033,1.5484
2015-05-25,,,
2015-05-26,123.08,1.0876,1.5398
2015-05-27,123.76,1.0888,1.5324
2015-05-28,124.18,1.0914,1.5291
2015-05-29,123.98,1.0994,1.5286
2015-06-01,124.64,1.0913,1.5187
2015-06-02,124.19,1.113,1.5331
2015-06-03,124.06,1.1285,1.5351
2015-06-04,124.56,1.1271,1.5367
2015-06-05,125.58,1.1108,1.5267
2015-06-08,125.08,1.1232,1.528
2015-06-09,124.16,1.1284,1.5383
2015-06-10,122.72,1.1307,1.553
2015-06-11,123.62,1.1236,1.5493
2015-06-12,123.23,1.1278,1.5587
2015-06-15,123.38,1.1266,1.5572
2015-06-16,123.39,1.1238,1.5637
2015-06-17,124.25,1.1244,1.5708
2015-06-18,122.87,1.1404,1.5882
2015-06-19,122.7,1.1335,1.5881
2015-06-22,123.28,1.1378,1.5823
2015-06-23,123.71,1.119,1.5751
2015-06-24,124.24,1.1178,1.5681
2015-06-25,123.63,1.1196,1.5728
2015-06-26,123.92,1.1156,1.5739
2015-06-29,122.5,1.118,1.5764
2015-06-30,122.1,1.1154,1.5727
2015-07-01,123.02,1.1084,1.5617
2015-07-02,123.14,1.109,1.5614
2015-07-03,,,
2015-07-06,122.53,1.1076,1.5619
2015-07-07,122.16,1.0952,1.5443
2015-07-08,120.54,1.1072,1.5353
2015-07-09,121.22,1.1025,1.5375
2015-07-10,122.75,1.115,1.5503
2015-07-13,123.35,1.102,1.5518
2015-07-14,123.39,1.1015,1.5584
2015-07-15,123.89,1.0965,1.5621
2015-07-16,124.04,1.0898,1.5601
2015-07-17,124.0,1.0848,1.5624
2015-07-20,124.24,1.085,1.5587
2015-07-21,123.93,1.0927,1.555
2015-07-22,124.08,1.0884,1.5617
2015-07-23,123.88,1.0976,1.5533
2015-07-24,123.74,1.0976,1.5514
2015-07-27,123.24,1.1112,1.5595
2015-07-28,123.52,1.1055,1.5617
2015-07-29,123.86,1.1026,1.5624
2015-07-30,124.38,1.0914,1.5581
2015-07-31,123.94,1.1028,1.5634
2015-08-03,123.98,1.0962,1.5603
2015-08-04,124.0,1.0953,1.5612
2015-08-05,124.84,1.0868,1.5604
2015-08-06,124.6,1.0922,1.5521
2015-08-07,124.27,1.0958,1.5467
2015-08-10,124.55,1.0994,1.5546
2015-08-11,124.9,1.1042,1.5572
2015-08-12,123.87,1.1198,1.5639
2015-08-13,124.32,1.1144,1.5595
2015-08-14,124.27,1.111,1.5625
2015-08-17,124.33,1.1078,1.5598
2015-08-18,124.39,1.1028,1.5658
2015-08-19,124.1,1.1061,1.5645
2015-08-20,123.54,1.12,1.5688
2015-08-21,122.11,1.1356,1.5698
2015-08-24,118.56,1.158,1.5731
2015-08-25,119.91,1.141,1.5698
2015-08-26,119.07,1.139,1.5493
2015-08-27,120.89,1.1239,1.5411
2015-08-28,121.32,1.1172,1.5362
2015-08-31,121.26,1.1194,1.5363
2015-09-01,119.94,1.1263,1.5341
2015-09-02,120.0,1.1242,1.531
2015-09-03,120.2,1.1104,1.5254
2015-09-04,119.05,1.1117,1.5195
2015-09-07,,,
2015-09-08,119.72,1.1182,1.5381
2015-09-09,120.94,1.1165,1.5363
2015-09-10,120.71,1.1262,1.5457
2015-09-11,120.66,1.1338,1.5426
2015-09-14,119.92,1.1307,1.5423
2015-09-15,120.3,1.126,1.5352
2015-09-16,120.62,1.1304,1.5499
2015-09-17,120.9,1.1312,1.5509
2015-09-18,119.85,1.1358,1.5573
2015-09-21,120.46,1.1204,1.5506
2015-09-22,120.04,1.1133,1.5356
2015-09-23,120.12,1.116,1.5243
2015-09-24,119.54,1.1252,1.5254
2015-09-25,120.74,1.1192,1.5172
2015-09-28,119.82,1.1236,1.5208
2015-09-29,119.76,1.1246,1.5168
2015-09-30,119.81,1.1162,1.5116
2015-10-01,119.58,1.12,1.5162
2015-10-02,119.42,1.1276,1.5216
2015-10-05,120.36,1.12,1.5165
2015-10-06,120.18,1.1266,1.5227
2015-10-07,119.9,1.1249,1.5315
2015-10-08,119.94,1.1282,1.5316
2015-10-09,120.3,1.1363,1.5315
2015-10-12,,,
2015-10-13,119.8,1.1382,1.5242
2015-10-14,119.21,1.1437,1.5445
2015-10-15,118.26,1.1418,1.5475
2015-10-16,119.6,1.136,1.5441
2015-10-19,119.5,1.132,1.5471
2015-10-20,119.79,1.1359,1.547
2015-10-21,119.91,1.1345,1.5463
2015-10-22,120.5,1.114,1.5399
2015-10-23,121.2,1.1016,1.534
2015-10-26,120.87,1.1051,1.5361
2015-10-27,120.29,1.1052,1.5312
2015-10-28,120.56,1.1066,1.5319
2015-10-29,121.14,1.0963,1.5296
2015-10-30,120.7,1.1042,1.5445
2015-11-02,120.7,1.1026,1.5428
2015-11-03,121.2,1.0946,1.5404
2015-11-04,121.52,1.0861,1.5377
2015-11-05,121.71,1.0869,1.5236
2015-11-06,123.2,1.0746,1.5071
2015-11-09,123.04,1.0767,1.5124
2015-11-10,123.22,1.0686,1.511
2015-11-11,,,
2015-11-12,122.84,1.0768,1.5206
2015-11-13,122.93,1.0722,1.5208
2015-11-16,123.11,1.0708,1.5204
2015-11-17,123.48,1.0634,1.5214
2015-11-18,123.51,1.0638,1.521
2015-11-19,122.71,1.0746,1.5327
2015-11-20,122.8,1.066,1.5199
2015-11-23,123.02,1.0602,1.5125
2015-11-24,122.47,1.0652,1.5057
2015-11-25,122.7,1.0616,1.5109
2015-11-26,,,
2015-11-27,122.84,1.0596,1.504
2015-11-30,123.22,1.0562,1.5044
2015-12-01,122.88,1.062,1.5074
2015-12-02,123.52,1.0573,1.4927
2015-12-03,123.06,1.0902,1.5088
2015-12-04,123.1,1.0884,1.51
2015-12-07,123.31,1.084,1.5076
2015-12-08,123.0,1.0876,1.5
2015-12-09,121.86,1.0984,1.5168
2015-12-10,121.44,1.0948,1.5176
2015-12-11,120.94,1.1002,1.5213
2015-12-14,120.57,1.1025,1.513
2015-12-15,121.66,1.0911,1.5044
2015-12-16,121.88,1.0937,1.5013
2015-12-17,122.75,1.0804,1.4876
2015-12-18,121.2,1.0847,1.4914
2015-12-21,120.99,1.092,1.4906
2015-12-22,120.94,1.0978,1.4811
2015-12-23,120.94,1.0875,1.4863
2015-12-24,120.32,1.0955,1.4943
2015-12-25,,,
2015-12-28,120.3,1.0983,1.4883
2015-12-29,120.44,1.0916,1.4794
2015-12-30,120.6,1.0912,1.4832
2015-12-31,120.27,1.0859,1.4746
2016-01-01,,,
2016-01-04,119.3,1.0803,1.4686
2016-01-05,118.95,1.0743,1.4664
2016-01-06,118.54,1.0762,1.4626
2016-01-07,118.0,1.086,1.4579
2016-01-08,117.74,1.0885,1.4523
2016-01-11,117.48,1.0878,1.4564
2016-01-12,117.78,1.0837,1.4403
2016-01-13,118.06,1.0862,1.447
2016-01-14,118.03,1.0862,1.4409
2016-01-15,116.78,1.0964,1.4289
2016-01-18,,,
2016-01-19,117.66,1.0906,1.4171
2016-01-20,116.38,1.0908,1.4167
2016-01-21,117.61,1.0833,1.4198
2016-01-22,118.37,1.0814,1.4308
2016-01-25,118.55,1.0832,1.4245
2016-01-26,118.5,1.0846,1.4342
2016-01-27,118.9,1.0867,1.4261
2016-01-28,118.61,1.0952,1.4351
2016-01-29,121.05,1.0832,1.4184
2016-02-01,121.06,1.0888,1.4367
2016-02-02,120.27,1.0908,1.4399
2016-02-03,117.92,1.1051,1.4576
2016-02-04,116.75,1.1199,1.458
2016-02-05,116.99,1.1131,1.4468
2016-02-08,115.7,1.117,1.4415
2016-02-09,114.8,1.13,1.4473
2016-02-10,114.03,1.1222,1.4473
2016-02-11,111.72,1.1362,1.4448
2016-02-12,112.96,1.1235,1.446
2016-02-15,,,
2016-02-16,113.9,1.114,1.429
2016-02-17,114.14,1.114,1.4317
2016-02-18,113.62,1.1092,1.4333
2016-02-19,112.42,1.1127,1.4343
2016-02-22,113.12,1.1018,1.4157
2016-02-23,112.17,1.1016,1.404
2016-02-24,111.36,1.1021,1.3932
2016-02-25,112.7,1.1026,1.3937
2016-02-26,113.78,1.0932,1.3867
2016-02-29,112.9,1.0868,1.3926
2016-03-01,113.94,1.0847,1.3948
2016-03-02,113.81,1.0845,1.4059
2016-03-03,113.53,1.0948,1.4152
2016-03-04,113.91,1.101,1.4226
2016-03-07,113.6,1.1004,1.4256
2016-03-08,112.58,1.1028,1.4225
2016-03-09,113.06,1.1022,1.4236
2016-03-10,113.1,1.1162,1.4306
2016-03-11,113.66,1.118,1.4426
2016-03-14,113.59,1.1107,1.4324
2016-03-15,112.88,1.1112,1.4166
2016-03-16,113.69,1.1075,1.41
2016-03-17,111.3,1.1316,1.449
2016-03-18,111.38,1.1292,1.4514
2016-03-21,111.62,1.126,1.4402
2016-03-22,111.82,1.1228,1.4217
2016-03-23,112.63,1.1174,1.4111
2016-03-24,112.64,1.1163,1.4143
2016-03-25,113.05,1.1164,1.4131
2016-03-28,113.29,1.121,1.425
2016-03-29,113.33,1.1204,1.4281
2016-03-30,112.6,1.133,1.439
2016-03-31,112.42,1.139,1.4381
2016-04-01,112.06,1.1385,1.4204
2016-04-04,111.18,1.1386,1.4279
2016-04-05,110.26,1.1374,1.4149
2016-04-06,109.63,1.143,1.4162
2016-04-07,107.98,1.1386,1.4082
2016-04-08,108.36,1.1406,1.4105
2016-04-11,107.96,1.1412,1.424
2016-04-12,108.54,1.1395,1.4244
2016-04-13,109.21,1.1281,1.4223
2016-04-14,109.2,1.1262,1.4148
2016-04-15,108.76,1.1295,1.4217
2016-04-18,108.85,1.1322,1.4276
2016-04-19,109.16,1.1375,1.4396
2016-04-20,109.51,1.133,1.4375
2016-04-21,109.41,1.1301,1.4338
2016-04-22,111.5,1.1239,1.439
2016-04-25,111.08,1.1274,1.4492
2016-04-26,111.23,1.1318,1.4611
2016-04-27,111.26,1.1322,1.4554
2016-04-28,108.55,1.1325,1.4581
2016-04-29,106.9,1.1441,1.4625
2016-05-02,106.48,1.1516,1.4666
2016-05-03,106.34,1.1508,1.4543
2016-05-04,107.12,1.1486,1.4475
2016-05-05,107.32,1.1404,1.4486
2016-05-06,106.66,1.1421,1.4439
2016-05-09,108.39,1.1402,1.4409
2016-05-10,109.22,1.1386,1.4454
2016-05-11,108.48,1.1444,1.448
2016-05-12,108.73,1.138,1.4452
2016-05-13,109.14,1.1294,1.4369
2016-05-16,108.89,1.1328,1.4411
2016-05-17,109.02,1.1337,1.4485
2016-05-18,109.65,1.1276,1.4615
2016-05-19,109.81,1.1214,1.4608
2016-05-20,110.52,1.1207,1.4513
2016-05-23,109.47,1.1192,1.4444
2016-05-24,110.0,1.1145,1.4623
2016-05-25,110.22,1.1154,1.4694
2016-05-26,109.74,1.1184,1.4673
2016-05-27,109.86,1.114,1.4644
2016-05-30,,,
2016-05-31,110.75,1.1135,1.453
2016-06-01,109.55,1.1165,1.4395
2016-06-02,108.75,1.1157,1.4419
2016-06-03,106.88,1.133,1.4521
2016-06-06,107.33,1.1354,1.445
2016-06-07,107.3,1.135,1.4564
2016-06-08,106.68,1.14,1.4546
2016-06-09,106.54,1.1329,1.4467
2016-06-10,107.06,1.1281,1.4342
2016-06-13,106.07,1.1282,1.4223
2016-06-14,106.02,1.1206,1.413
2016-06-15,105.87,1.1239,1.4185
2016-06-16,104.05,1.1158,1.4075
2016-06-17,104.2,1.1256,1.4285
2016-06-20,104.32,1.1318,1.4688
2016-06-21,104.56,1.1262,1.4668
2016-06-22,104.56,1.1286,1.4682
2016-06-23,105.9,1.1373,1.48
2016-06-24,102.26,1.1126,1.3639
2016-06-27,101.66,1.1024,1.3217
2016-06-28,102.71,1.1054,1.3294
2016-06-29,102.68,1.1117,1.351
2016-06-30,102.77,1.1032,1.3242
2016-07-01,102.55,1.1145,1.3281
2016-07-04,,,
2016-07-05,101.58,1.108,1.3021
2016-07-06,101.12,1.1077,1.2921
2016-07-07,100.74,1.1065,1.2926
2016-07-08,100.65,1.1038,1.2938
2016-07-11,102.66,1.1045,1.2986
2016-07-12,104.72,1.1074,1.3237
2016-07-13,104.1,1.1112,1.318
2016-07-14,105.4,1.1109,1.3332
2016-07-15,105.64,1.1059,1.3194
2016-07-18,106.0,1.1076,1.3279
2016-07-19,106.13,1.1014,1.3123
2016-07-20,106.65,1.1007,1.3179
2016-07-21,105.98,1.1016,1.3216
2016-07-22,106.22,1.0968,1.3091
2016-07-25,106.02,1.098,1.313
2016-07-26,104.83,1.0984,1.3133
2016-07-27,105.65,1.0988,1.3094
2016-07-28,104.86,1.1094,1.3151
2016-07-29,102.32,1.1168,1.327
2016-08-01,102.26,1.1176,1.3209
2016-08-02,100.82,1.1225,1.3326
2016-08-03,101.34,1.117,1.3335
2016-08-04,101.08,1.1134,1.3143
2016-08-05,101.74,1.108,1.3069
2016-08-08,102.53,1.1078,1.3042
2016-08-09,101.96,1.111,1.301
2016-08-10,101.27,1.1171,1.2998
2016-08-11,101.46,1.1168,1.296
2016-08-12,101.01,1.1172,1.2934
2016-08-15,101.02,1.1199,1.2874
2016-08-16,100.28,1.1277,1.3019
2016-08-17,100.24,1.1263,1.3012
2016-08-18,100.07,1.1334,1.3147
2016-08-19,100.24,1.1326,1.3061
2016-08-22,100.25,1.1314,1.3133
2016-08-23,100.2,1.1308,1.3179
2016-08-24,100.5,1.1256,1.3236
2016-08-25,100.58,1.1274,1.3177
2016-08-26,101.2,1.1237,1.3168
2016-08-29,102.13,1.1182,1.3089
2016-08-30,102.92,1.115,1.3084
2016-08-31,103.38,1.1146,1.3129
2016-09-01,103.22,1.1194,1.3273
2016-09-02,104.18,1.1158,1.3299
2016-09-05,,,
2016-09-06,102.28,1.1237,1.3429
2016-09-07,101.72,1.1238,1.3339
2016-09-08,102.28,1.1256,1.3301
2016-09-09,102.86,1.1214,1.3257
2016-09-12,101.96,1.123,1.3313
2016-09-13,102.14,1.1242,1.3184
2016-09-14,102.33,1.1271,1.3204
2016-09-15,102.24,1.1246,1.3215
2016-09-16,102.36,1.116,1.309
2016-09-19,101.82,1.1179,1.3051
2016-09-20,101.66,1.1172,1.2974
2016-09-21,100.62,1.1165,1.2978
2016-09-22,100.8,1.1229,1.3092
2016-09-23,101.04,1.1223,1.2959
2016-09-26,100.34,1.127,1.2978
2016-09-27,100.36,1.1208,1.3005
2016-09-28,100.57,1.12,1.2996
2016-09-29,101.48,1.1244,1.2991
2016-09-30,101.21,1.1238,1.3015
2016-10-03,101.54,1.121,1.284
2016-10-04,102.66,1.1212,1.2746
2016-10-05,103.53,1.1196,1.2745
2016-10-06,104.02,1.1158,1.2647
2016-10-07,103.42,1.1156,1.2434
2016-10-10,,,
2016-10-11,103.36,1.1062,1.2218
2016-10-12,104.48,1.1014,1.2195
2016-10-13,103.62,1.1038,1.2201
2016-10-14,104.1,1.0985,1.2189
2016-10-17,103.96,1.1,1.2186
2016-10-18,103.8,1.0997,1.231
2016-10-19,103.3,1.0966,1.2279
2016-10-20,103.92,1.0934,1.2256
2016-10-21,103.96,1.0866,1.221
2016-10-24,104.2,1.0888,1.2204
2016-10-25,104.25,1.089,1.2164
2016-10-26,104.42,1.0916,1.2234
2016-10-27,105.14,1.0904,1.2173
2016-10-28,105.4,1.0934,1.2155
2016-10-31,105.07,1.0962,1.2212
2016-11-01,104.59,1.1042,1.2218
2016-11-02,103.22,1.1119,1.2315
2016-11-03,103.17,1.1094,1.2454
2016-11-04,103.02,1.1121,1.2546
2016-11-07,104.6,1.1038,1.2403
2016-11-08,104.98,1.1034,1.2372
2016-11-09,104.84,1.0952,1.2474
2016-11-10,106.56,1.0882,1.2523
2016-11-11,,,
2016-11-14,108.3,1.0723,1.2469
2016-11-15,108.94,1.0726,1.2422
2016-11-16,109.16,1.0699,1.245
2016-11-17,109.64,1.0656,1.245
2016-11-18,110.51,1.06,1.2327
2016-11-21,111.12,1.0597,1.2474
2016-11-22,110.98,1.0618,1.2424
2016-11-23,112.58,1.056,1.2458
2016-11-24,,,
2016-11-25,113.17,1.0595,1.2462
2016-11-28,112.36,1.0576,1.2411
2016-11-29,112.78,1.0626,1.2505
2016-11-30,114.34,1.0578,1.2481
2016-12-01,114.34,1.0634,1.2596
2016-12-02,113.76,1.0666,1.2685
2016-12-05,114.1,1.0723,1.2708
2016-12-06,113.98,1.0717,1.2706
2016-12-07,113.5,1.0758,1.2604
2016-12-08,114.16,1.0625,1.2574
2016-12-09,115.17,1.0541,1.259
2016-12-12,115.34,1.0606,1.2677
2016-12-13,115.26,1.0635,1.2685
2016-12-14,115.06,1.0656,1.2706
2016-12-15,118.32,1.0375,1.2389
2016-12-16,117.74,1.0456,1.2478
2016-12-19,116.6,1.0444,1.2419
2016-12-20,117.86,1.039,1.2358
2016-12-21,117.79,1.0425,1.2348
2016-12-22,117.48,1.0452,1.2301
2016-12-23,117.22,1.0449,1.2252
2016-12-26,,,
2016-12-27,117.52,1.0458,1.2261
2016-12-28,117.66,1.0389,1.2222
2016-12-29,116.32,1.0486,1.2237
2016-12-30,116.78,1.0552,1.2337
2017-01-02,,,
2017-01-03,117.68,1.0416,1.2256
2017-01-04,117.38,1.0476,1.2299
2017-01-05,115.46,1.0598,1.2415
2017-01-06,116.85,1.056,1.2314
2017-01-09,116.07,1.0576,1.2167
2017-01-10,115.74,1.0572,1.2165
2017-01-11,116.26,1.0501,1.2118
2017-01-12,113.87,1.0666,1.2211
2017-01-13,115.03,1.0625,1.2198
2017-01-16,,,
2017-01-17,112.96,1.0695,1.2388
2017-01-18,113.4,1.0682,1.2309
2017-01-19,115.3,1.063,1.2319
2017-01-20,,,
2017-01-23,112.9,1.074,1.2485
2017-01-24,113.63,1.0749,1.2531
2017-01-25,113.6,1.0743,1.262
2017-01-26,114.7,1.067,1.2579
2017-01-27,115.16,1.069,1.2531
2017-01-30,113.86,1.0681,1.2478
2017-01-31,112.72,1.0794,1.2585
2017-02-01,113.29,1.0758,1.2643
2017-02-02,112.48,1.0802,1.2541
2017-02-03,112.42,1.0792,1.2504
2017-02-06,112.32,1.0731,1.245
2017-02-07,112.14,1.069,1.2486
2017-02-08,111.74,1.0708,1.2543
2017-02-09,113.24,1.0658,1.2516
2017-02-10,113.22,1.065,1.2502
2017-02-13,113.79,1.0603,1.251
2017-02-14,114.34,1.0577,1.2465
2017-02-15,114.17,1.0597,1.2465
2017-02-16,113.36,1.066,1.2477
2017-02-17,112.86,1.0614,1.2428
2017-02-20,,,
2017-02-21,113.48,1.0551,1.2465
2017-02-22,113.46,1.0555,1.2456
2017-02-23,112.68,1.0586,1.2548
2017-02-24,112.26,1.058,1.2499
2017-02-27,112.01,1.0624,1.2473
2017-02-28,112.06,1.0618,1.2427
2017-03-01,113.66,1.0564,1.2318
2017-03-02,114.45,1.0514,1.2267
2017-03-03,114.6,1.0552,1.2249
2017-03-06,113.92,1.0586,1.2243
2017-03-07,113.99,1.0582,1.2209
2017-03-08,114.58,1.0547,1.2152
2017-03-09,114.71,1.0586,1.2166
2017-03-10,115.02,1.0667,1.2158
2017-03-13,114.61,1.067,1.2234
2017-03-14,114.63,1.0645,1.2168
2017-03-15,114.66,1.063,1.2222
2017-03-16,113.02,1.0738,1.237
2017-03-17,112.67,1.0742,1.2372
2017-03-20,112.59,1.0754,1.2365
2017-03-21,111.9,1.081,1.2479
2017-03-22,111.06,1.08,1.2476
2017-03-23,111.12,1.0787,1.2526
2017-03-24,111.03,1.0806,1.2491
2017-03-27,110.48,1.0882,1.2583
2017-03-28,110.56,1.0852,1.2503
2017-03-29,111.05,1.0756,1.2411
2017-03-30,111.36,1.0726,1.2489
2017-03-31,111.41,1.0698,1.2537
2017-04-03,110.96,1.0655,1.2479
2017-04-04,110.74,1.0664,1.2437
2017-04-05,111.2,1.0661,1.2488
2017-04-06,111.02,1.0651,1.2486
2017-04-07,110.76,1.0616,1.2398
2017-04-10,110.95,1.0606,1.2418
2017-04-11,109.74,1.0614,1.2484
2017-04-12,109.54,1.0611,1.25
2017-04-13,109.23,1.063,1.2522
2017-04-14,108.63,1.0625,1.2531
2017-04-17,108.46,1.066,1.2587
2017-04-18,108.4,1.0706,1.2769
2017-04-19,109.06,1.0707,1.2789
2017-04-20,109.34,1.0758,1.283
2017-04-21,109.08,1.0694,1.2783
2017-04-24,109.74,1.0846,1.2783
2017-04-25,110.88,1.0941,1.2836
2017-04-26,111.52,1.0872,1.2838
2017-04-27,111.13,1.0864,1.2889
2017-04-28,111.44,1.0895,1.2938
2017-05-01,111.78,1.0912,1.2917
2017-05-02,112.06,1.091,1.2921
2017-05-03,112.34,1.092,1.2916
2017-05-04,112.7,1.0967,1.291
2017-05-05,112.63,1.0996,1.295
2017-05-08,112.84,1.0928,1.2942
2017-05-09,114.19,1.0875,1.2939
2017-05-10,114.02,1.0873,1.2939
2017-05-11,113.77,1.0869,1.2885
2017-05-12,113.3,1.0926,1.288
2017-05-15,113.54,1.0979,1.2917
2017-05-16,113.24,1.1072,1.2912
2017-05-17,111.46,1.1134,1.2944
2017-05-18,110.82,1.113,1.3009
2017-05-19,111.47,1.119,1.3018
2017-05-22,111.15,1.1236,1.3006
2017-05-23,111.64,1.1198,1.2984
2017-05-24,112.02,1.1175,1.2935
2017-05-25,111.7,1.1218,1.2954
2017-05-26,111.3,1.117,1.2795
2017-05-29,,,
2017-05-30,110.68,1.1183,1.2858
2017-05-31,110.71,1.1236,1.2905
2017-06-01,111.24,1.1214,1.2894
2017-06-02,110.49,1.127,1.2885
2017-06-05,110.49,1.125,1.2917
2017-06-06,109.34,1.1266,1.2901
2017-06-07,109.54,1.1236,1.2941
2017-06-08,110.1,1.1217,1.2939
2017-06-09,110.61,1.119,1.2737
2017-06-12,109.72,1.1204,1.2658
2017-06-13,110.12,1.1194,1.2739
2017-06-14,109.16,1.1277,1.2808
2017-06-15,110.66,1.1152,1.2768
2017-06-16,110.84,1.1194,1.2778
2017-06-19,111.34,1.116,1.2743
2017-06-20,111.46,1.1124,1.2628
2017-06-21,111.58,1.1143,1.2667
2017-06-22,111.36,1.1148,1.2659
2017-06-23,111.26,1.1196,1.2727
2017-06-26,111.48,1.1196,1.2732
2017-06-27,112.42,1.13,1.2791
2017-06-28,112.18,1.1364,1.2936
2017-06-29,112.32,1.142,1.2984
2017-06-30,112.4,1.1411,1.2995
2017-07-03,113.32,1.1367,1.2951
2017-07-04,,,
2017-07-05,113.2,1.1336,1.2934
2017-07-06,113.28,1.1409,1.2967
2017-07-07,114.1,1.1396,1.288
2017-07-10,114.08,1.1396,1.2884
2017-07-11,114.2,1.143,1.2851
2017-07-12,113.19,1.1411,1.2889
2017-07-13,113.39,1.1385,1.2921
2017-07-14,112.66,1.1452,1.3079
2017-07-17,112.76,1.147,1.3058
2017-07-18,111.89,1.1578,1.3026
2017-07-19,111.77,1.1518,1.3036
2017-07-20,111.68,1.1634,1.2976
2017-07-21,111.18,1.1655,1.2968
2017-07-24,111.1,1.1642,1.3028
2017-07-25,111.57,1.1656,1.3046
2017-07-26,112.1,1.1632,1.3048
2017-07-27,111.62,1.1656,1.3065
2017-07-28,110.87,1.1754,1.3124
2017-07-31,110.38,1.1826,1.3196
2017-08-01,110.33,1.1799,1.3206
2017-08-02,110.43,1.1861,1.3236
2017-08-03,110.12,1.188,1.3144
2017-08-04,110.76,1.1754,1.3036
2017-08-07,110.76,1.1788,1.3021
2017-08-08,110.74,1.1724,1.2968
2017-08-09,110.04,1.1748,1.2997
2017-08-10,109.37,1.1751,1.2978
2017-08-11,109.06,1.1811,1.2988
2017-08-14,109.48,1.1786,1.2975
2017-08-15,110.42,1.1736,1.2862
2017-08-16,110.8,1.1703,1.286
2017-08-17,109.88,1.1736,1.2888
2017-08-18,109.32,1.1748,1.2847
2017-08-21,108.89,1.1814,1.2903
2017-08-22,109.4,1.1762,1.2834
2017-08-23,109.14,1.1802,1.2787
2017-08-24,109.34,1.1801,1.2802
2017-08-25,109.24,1.1874,1.2873
2017-08-28,109.22,1.1973,1.2927
2017-08-29,109.02,1.2025,1.2937
2017-08-30,110.2,1.1927,1.2934
2017-08-31,110.06,1.1894,1.2888
2017-09-01,110.09,1.1878,1.2972
2017-09-04,,,
2017-09-05,108.94,1.1911,1.3013
2017-09-06,108.75,1.1943,1.3073
2017-09-07,108.26,1.2028,1.3094
2017-09-08,107.72,1.2041,1.3211
2017-09-11,109.03,1.1964,1.3173
2017-09-12,110.01,1.1968,1.328
2017-09-13,110.58,1.1898,1.3218
2017-09-14,110.66,1.1886,1.3398
2017-09-15,110.84,1.1959,1.3578
2017-09-18,111.48,1.1938,1.3485
2017-09-19,111.49,1.198,1.3517
2017-09-20,111.5,1.1998,1.3564
2017-09-21,112.3,1.1946,1.3576
2017-09-22,112.01,1.1969,1.3531
2017-09-25,111.64,1.1852,1.3457
2017-09-26,112.16,1.1772,1.3422
2017-09-27,112.76,1.1747,1.3401
2017-09-28,112.66,1.1776,1.3435
2017-09-29,112.64,1.1813,1.3402
2017-10-02,112.6,1.1745,1.3268
2017-10-03,112.8,1.1759,1.3251
2017-10-04,112.84,1.176,1.3268
2017-10-05,112.74,1.1706,1.3132
2017-10-06,112.68,1.1732,1.3063
2017-10-09,,,
2017-10-10,112.15,1.1804,1.3215
2017-10-11,112.35,1.1847,1.321
2017-10-12,112.38,1.184,1.3174
2017-10-13,111.94,1.1837,1.3304
2017-10-16,111.72,1.181,1.3285
2017-10-17,112.32,1.1754,1.3182
2017-10-18,112.94,1.1775,1.3183
2017-10-19,112.54,1.1842,1.3181
2017-10-20,113.5,1.177,1.3179
2017-10-23,113.66,1.1762,1.3201
2017-10-24,113.92,1.1766,1.3124
2017-10-25,113.7,1.1802,1.3252
2017-10-26,113.72,1.17,1.3181
2017-10-27,113.82,1.158,1.3108
2017-10-30,113.26,1.1626,1.3195
2017-10-31,113.63,1.1648,1.3281
2017-11-01,114.04,1.1618,1.3257
2017-11-02,113.84,1.1672,1.3068
2017-11-03,114.25,1.1616,1.3067
2017-11-06,113.9,1.16,1.3145
2017-11-07,113.9,1.1577,1.3152
2017-11-08,113.62,1.1591,1.3108
2017-11-09,113.4,1.1648,1.3133
2017-11-10,,,
2017-11-13,113.62,1.1656,1.3101
2017-11-14,113.5,1.1764,1.3128
2017-11-15,113.15,1.1794,1.3165
2017-11-16,112.89,1.1772,1.3197
2017-11-17,111.98,1.1799,1.3222
2017-11-20,112.49,1.1741,1.3241
2017-11-21,112.46,1.1741,1.3232
2017-11-22,111.62,1.1789,1.3291
2017-11-23,,,
2017-11-24,111.54,1.1936,1.3336
2017-11-27,111.0,1.1911,1.3333
2017-11-28,111.13,1.1878,1.3231
2017-11-29,111.75,1.1858,1.3436
2017-11-30,112.3,1.1898,1.3506
2017-12-01,111.88,1.191,1.3505
2017-12-04,112.8,1.1848,1.3465
2017-12-05,112.76,1.182,1.345
2017-12-06,112.32,1.1788,1.3382
2017-12-07,112.7,1.179,1.3432
2017-12-08,113.55,1.1761,1.3367
2017-12-11,113.34,1.1802,1.3363
2017-12-12,113.62,1.1725,1.3323
2017-12-13,113.19,1.1762,1.3365
2017-12-14,112.56,1.1778,1.344
2017-12-15,112.68,1.1778,1.3316
2017-12-18,112.4,1.1804,1.3398
2017-12-19,112.98,1.1822,1.3356
2017-12-20,113.29,1.1881,1.3408
2017-12-21,113.42,1.1872,1.3372
2017-12-22,113.3,1.1839,1.3379
2017-12-25,,,
2017-12-26,113.2,1.1867,1.3369
2017-12-27,113.28,1.1902,1.3403
2017-12-28,112.85,1.1952,1.345
2017-12-29,112.69,1.2022,1.3529
2018-01-01,,,
2018-01-02,112.18,1.205,1.3596
2018-01-03,112.28,1.203,1.3522
2018-01-04,112.78,1.2064,1.3539
2018-01-05,113.18,1.2039,1.3562
2018-01-08,113.08,1.1973,1.3566
2018-01-09,112.57,1.1922,1.3518
2018-01-10,111.48,1.1958,1.3513
2018-01-11,111.35,1.2035,1.3543
2018-01-12,111.23,1.213,1.3689
2018-01-15,,,
2018-01-16,110.74,1.2244,1.3774
2018-01-17,110.81,1.2229,1.3824
2018-01-18,110.88,1.2238,1.3889
2018-01-19,110.56,1.2238,1.3857
2018-01-22,111.15,1.223,1.3944
2018-01-23,110.46,1.2277,1.3968
2018-01-24,109.15,1.239,1.4198
2018-01-25,108.7,1.2488,1.4264
2018-01-26,108.38,1.2422,1.4179
2018-01-29,109.12,1.2352,1.4042
2018-01-30,108.9,1.239,1.4124
2018-01-31,109.31,1.2428,1.419
2018-02-01,109.5,1.2482,1.4247
2018-02-02,110.4,1.2446,1.4126
2018-02-05,110.09,1.2418,1.4022
2018-02-06,109.18,1.2381,1.3951
2018-02-07,109.53,1.2281,1.3881
2018-02-08,109.0,1.2238,1.3915
2018-02-09,108.44,1.2226,1.3794
2018-02-12,108.72,1.2267,1.382
2018-02-13,107.59,1.2363,1.3892
2018-02-14,107.0,1.2396,1.3955
2018-02-15,106.36,1.2482,1.4061
2018-02-16,106.1,1.2442,1.4055
2018-02-19,,,
2018-02-20,107.23,1.2348,1.4021
2018-02-21,107.64,1.2314,1.3946
2018-02-22,106.96,1.2326,1.3939
2018-02-23,106.64,1.2298,1.3979
2018-02-26,106.96,1.2296,1.3952
2018-02-27,107.47,1.2239,1.3906
2018-02-28,106.62,1.2211,1.3794
2018-03-01,106.91,1.2216,1.3755
2018-03-02,105.65,1.2314,1.3769
2018-03-05,105.97,1.233,1.3856
2018-03-06,106.03,1.2415,1.3886
2018-03-07,105.94,1.2397,1.3888
2018-03-08,106.08,1.2314,1.3824
2018-03-09,106.74,1.2326,1.3863
2018-03-12,106.52,1.2318,1.3898
2018-03-13,106.64,1.2398,1.3987
2018-03-14,106.17,1.2362,1.3946
2018-03-15,106.07,1.2321,1.3951
2018-03-16,106.1,1.228,1.3919
2018-03-19,105.83,1.2329,1.4032
2018-03-20,106.42,1.2271,1.4013
2018-03-21,106.3,1.2268,1.4064
2018-03-22,105.34,1.231,1.4098
2018-03-23,104.83,1.236,1.4151
2018-03-26,105.0,1.244,1.4236
2018-03-27,105.72,1.241,1.4161
2018-03-28,106.3,1.2351,1.411
2018-03-29,106.27,1.2297,1.4029
2018-03-30,106.2,1.232,1.4027
2018-04-02,105.99,1.2288,1.4032
2018-04-03,106.45,1.2261,1.4068
2018-04-04,106.56,1.2292,1.4076
2018-04-05,107.48,1.223,1.3991
2018-04-06,107.03,1.2274,1.4088
2018-04-09,107.06,1.232,1.4136
2018-04-10,107.3,1.2338,1.4161
2018-04-11,106.78,1.2384,1.4194
2018-04-12,107.3,1.232,1.4244
2018-04-13,107.52,1.2322,1.4255
2018-04-16,107.26,1.2373,1.4332
2018-04-17,107.09,1.2345,1.4301
2018-04-18,107.26,1.238,1.4227
2018-04-19,107.42,1.2336,1.4193
2018-04-20,107.6,1.2282,1.4033
2018-04-23,108.62,1.2216,1.3953
2018-04-24,109.03,1.2226,1.3975
2018-04-25,109.33,1.2178,1.3941
2018-04-26,109.3,1.2113,1.3927
2018-04-27,109.12,1.2108,1.3785
2018-04-30,109.28,1.2074,1.3751
2018-05-01,109.69,1.2,1.3611
2018-05-02,109.89,1.1968,1.361
2018-05-03,109.06,1.197,1.3569
2018-05-04,109.16,1.1946,1.3535
2018-05-07,109.14,1.1927,1.3567
2018-05-08,109.16,1.1863,1.3521
2018-05-09,109.68,1.1852,1.3567
2018-05-10,109.53,1.1896,1.3487
2018-05-11,109.26,1.1951,1.3549
2018-05-14,109.52,1.1976,1.3595
2018-05-15,110.25,1.1864,1.3512
2018-05-16,110.22,1.1788,1.3478
2018-05-17,110.76,1.1798,1.3507
2018-05-18,110.71,1.1775,1.3476
2018-05-21,111.08,1.1768,1.3418
2018-05-22,110.94,1.1783,1.3445
2018-05-23,110.05,1.1693,1.3341
2018-05-24,109.3,1.1729,1.3384
2018-05-25,109.35,1.1666,1.3321
2018-05-28,,,
2018-05-29,108.62,1.1551,1.3258
2018-05-30,109.04,1.1664,1.3296
2018-05-31,108.73,1.167,1.3289
2018-06-01,109.49,1.1679,1.3358
2018-06-04,109.66,1.1696,1.3314
2018-06-05,109.63,1.1672,1.336
2018-06-06,110.0,1.1778,1.3429
2018-06-07,109.92,1.1815,1.3427
2018-06-08,109.45,1.1773,1.3406
2018-06-11,109.94,1.1802,1.3386
2018-06-12,110.22,1.1792,1.3416
2018-06-13,110.41,1.1784,1.3378
2018-06-14,110.44,1.1634,1.3333
2018-06-15,110.58,1.1616,1.3283
2018-06-18,110.44,1.1606,1.3247
2018-06-19,110.02,1.1577,1.3172
2018-06-20,110.14,1.1592,1.3213
2018-06-21,110.05,1.16,1.3251
2018-06-22,109.98,1.163,1.3258
2018-06-25,109.62,1.1694,1.3273
2018-06-26,109.92,1.1675,1.3243
2018-06-27,110.34,1.1588,1.3139
2018-06-28,110.38,1.1582,1.3095
2018-06-29,110.71,1.1677,1.3197
2018-07-02,110.73,1.1604,1.3133
2018-07-03,110.54,1.1653,1.3174
2018-07-04,,,
2018-07-05,110.59,1.1697,1.3228
2018-07-06,110.48,1.1738,1.3262
2018-07-09,110.78,1.1744,1.3202
2018-07-10,111.24,1.1728,1.3266
2018-07-11,111.52,1.1722,1.3241
2018-07-12,112.41,1.1692,1.3238
2018-07-13,112.38,1.1667,1.3216
2018-07-16,112.29,1.171,1.3236
2018-07-17,112.79,1.1664,1.3161
2018-07-18,112.82,1.1645,1.305
2018-07-19,112.98,1.1604,1.2987
2018-07-20,111.74,1.1708,1.3114
2018-07-23,111.36,1.1702,1.3105
2018-07-24,111.27,1.1684,1.3135
2018-07-25,111.02,1.1677,1.315
2018-07-26,111.2,1.1654,1.3119
2018-07-27,110.94,1.166,1.3118
2018-07-30,110.98,1.1718,1.314
2018-07-31,111.88,1.1706,1.3125
2018-08-01,111.72,1.1666,1.312
2018-08-02,111.48,1.1612,1.3035
2018-08-03,111.12,1.1597,1.3021
2018-08-06,111.43,1.1564,1.2947
2018-08-07,111.19,1.1597,1.2957
2018-08-08,110.96,1.1598,1.288
2018-08-09,110.9,1.1566,1.287
2018-08-10,110.66,1.1399,1.2769
2018-08-13,110.65,1.1396,1.2757
2018-08-14,110.92,1.1351,1.2738
2018-08-15,110.62,1.1332,1.2685
2018-08-16,110.89,1.1388,1.2722
2018-08-17,110.54,1.141,1.2735
2018-08-20,110.38,1.1438,1.2765
2018-08-21,110.48,1.1534,1.286
2018-08-22,110.54,1.1595,1.291
2018-08-23,111.14,1.1567,1.283
2018-08-24,111.22,1.1625,1.2858
2018-08-27,111.09,1.1676,1.2891
2018-08-28,111.04,1.172,1.2886
2018-08-29,111.8,1.1699,1.3006
2018-08-30,111.17,1.1646,1.2997
2018-08-31,110.98,1.1596,1.2964
2018-09-03,,,
2018-09-04,111.44,1.1566,1.2833
2018-09-05,111.47,1.162,1.2903
2018-09-06,110.87,1.1624,1.2933
2018-09-07,111.18,1.1572,1.2934
2018-09-10,111.09,1.1604,1.3026
2018-09-11,111.54,1.1591,1.3015
2018-09-12,111.29,1.1626,1.3029
2018-09-13,111.92,1.1672,1.3104
2018-09-14,112.09,1.1656,1.3084
2018-09-17,111.97,1.1687,1.3146
2018-09-18,112.3,1.1693,1.3158
2018-09-19,112.21,1.1685,1.3162
2018-09-20,112.58,1.1744,1.3237
2018-09-21,112.62,1.1739,1.3067
2018-09-24,112.62,1.1773,1.3128
2018-09-25,112.88,1.177,1.3162
2018-09-26,112.92,1.1758,1.3182
2018-09-27,113.38,1.167,1.3104
2018-09-28,113.48,1.1622,1.3053
2018-10-01,113.96,1.1567,1.3032
2018-10-02,113.66,1.156,1.2984
2018-10-03,114.19,1.1525,1.2993
2018-10-04,113.79,1.1508,1.3014
2018-10-05,113.56,1.1502,1.3101
2018-10-08,,,
2018-10-09,113.13,1.1482,1.3139
2018-10-10,112.71,1.1541,1.3206
2018-10-11,112.26,1.1565,1.3193
2018-10-12,112.02,1.1559,1.3154
2018-10-15,111.82,1.1594,1.3168
2018-10-16,112.16,1.1593,1.321
2018-10-17,112.21,1.154,1.3137
2018-10-18,112.11,1.1494,1.3061
2018-10-19,112.52,1.1513,1.3045
2018-10-22,112.78,1.1467,1.2974
2018-10-23,112.12,1.148,1.2982
2018-10-24,112.58,1.1389,1.2898
2018-10-25,112.54,1.1374,1.2827
2018-10-26,111.65,1.1388,1.2826
2018-10-29,112.49,1.139,1.2807
2018-10-30,112.76,1.1364,1.2731
2018-10-31,112.86,1.1332,1.2779
2018-11-01,112.79,1.1396,1.2974
2018-11-02,113.09,1.1378,1.2965
2018-11-05,113.22,1.1394,1.302
2018-11-06,113.38,1.1412,1.3076
2018-11-07,113.32,1.1459,1.3144
2018-11-08,113.87,1.1416,1.3116
2018-11-09,113.77,1.1325,1.2978
2018-11-12,,,
2018-11-13,113.97,1.1288,1.3031
2018-11-14,113.7,1.1312,1.3011
2018-11-15,113.46,1.1324,1.2749
2018-11-16,112.76,1.1402,1.2839
2018-11-19,112.54,1.1448,1.2842
2018-11-20,112.66,1.1391,1.2809
2018-11-21,113.06,1.1393,1.2776
2018-11-22,,,
2018-11-23,112.83,1.1332,1.2804
2018-11-26,113.58,1.1336,1.2809
2018-11-27,113.84,1.1281,1.2729
2018-11-28,113.96,1.1286,1.2766
2018-11-29,113.42,1.1382,1.2789
2018-11-30,113.54,1.1323,1.2772
2018-12-03,113.54,1.1356,1.2742
2018-12-04,112.93,1.1345,1.2719
2018-12-05,,,
2018-12-06,112.46,1.1374,1.2777
2018-12-07,112.6,1.139,1.2749
2018-12-10,112.96,1.1368,1.2558
2018-12-11,113.41,1.1314,1.2524
2018-12-12,113.28,1.1362,1.2658
2018-12-13,113.66,1.1358,1.2635
2018-12-14,113.35,1.13,1.257
2018-12-17,112.96,1.1339,1.2606
2018-12-18,112.54,1.1364,1.2644
2018-12-19,112.15,1.1422,1.2669
2018-12-20,111.34,1.1432,1.265
2018-12-21,111.14,1.1402,1.2681
2018-12-24,,,
2018-12-25,,,
2018-12-26,110.45,1.1408,1.2676
2018-12-27,110.78,1.1412,1.2627
2018-12-28,110.34,1.1445,1.2699
2018-12-31,109.7,1.1456,1.2763
2019-01-01,,,
2019-01-02,109.22,1.1357,1.2598
2019-01-03,108.07,1.1399,1.2633
2019-01-04,108.29,1.141,1.274
2019-01-07,108.62,1.1468,1.2757
2019-01-08,108.57,1.1444,1.2724
2019-01-09,108.38,1.1524,1.2764
2019-01-10,108.29,1.1517,1.2768
2019-01-11,108.34,1.1479,1.2836
2019-01-14,,,
2019-01-15,108.72,1.1392,1.2761
2019-01-16,108.84,1.1408,1.2862
2019-01-17,109.01,1.1386,1.294
2019-01-18,109.79,1.1362,1.2898
2019-01-21,,,
2019-01-22,109.34,1.1359,1.2955
2019-01-23,109.44,1.139,1.3074
2019-01-24,109.72,1.1322,1.3027
2019-01-25,109.6,1.1407,1.3176
2019-01-28,109.2,1.1438,1.3158
2019-01-29,109.36,1.1424,1.3146
2019-01-30,109.57,1.1418,1.3062
2019-01-31,108.84,1.1454,1.3135
2019-02-01,109.55,1.1474,1.3094
2019-02-04,109.96,1.1438,1.3068
2019-02-05,109.99,1.1406,1.2947
2019-02-06,109.75,1.138,1.2956
2019-02-07,109.7,1.1357,1.2966
2019-02-08,109.76,1.1326,1.2933
2019-02-11,110.4,1.1277,1.2862
2019-02-12,110.5,1.1316,1.2887
2019-02-13,110.86,1.1288,1.2865
2019-02-14,110.68,1.1284,1.2793
2019-02-15,110.54,1.1268,1.2857
2019-02-18,,,
2019-02-19,110.68,1.1328,1.3036
2019-02-20,,,
2019-02-21,110.72,1.1338,1.306
2019-02-22,110.7,1.1342,1.3067
2019-02-25,111.07,1.1345,1.3059
2019-02-26,110.76,1.1374,1.3252
2019-02-27,110.92,1.137,1.3318
2019-02-28,111.38,1.1379,1.3274
2019-03-01,111.89,1.1376,1.3222
2019-03-04,111.68,1.1328,1.3186
2019-03-05,111.98,1.13,1.3141
2019-03-06,111.66,1.132,1.3148
2019-03-07,111.6,1.1214,1.3107
2019-03-08,111.11,1.1243,1.301
2019-03-11,111.21,1.1226,1.3095
2019-03-12,111.38,1.1276,1.3101
2019-03-13,111.23,1.131,1.323
2019-03-14,111.71,1.1304,1.3281
2019-03-15,111.57,1.1326,1.3278
2019-03-18,111.41,1.1337,1.3223
2019-03-19,111.38,1.1346,1.3263
2019-03-20,111.41,1.1352,1.3191
2019-03-21,110.86,1.1361,1.3073
2019-03-22,109.76,1.1282,1.3219
2019-03-25,110.09,1.1324,1.3203
2019-03-26,110.5,1.128,1.3215
2019-03-27,110.38,1.125,1.3192
2019-03-28,110.54,1.1236,1.3088
2019-03-29,110.68,1.1228,1.3032
2019-04-01,111.29,1.121,1.3144
2019-04-02,111.32,1.1186,1.3035
2019-04-03,111.48,1.1242,1.3181
2019-04-04,111.55,1.1216,1.3072
2019-04-05,111.71,1.1217,1.301
2019-04-08,111.47,1.1262,1.3048
2019-04-09,111.08,1.1278,1.3048
2019-04-10,110.92,1.1266,1.31
2019-04-11,111.48,1.1262,1.3068
2019-04-12,112.0,1.1304,1.3086
2019-04-15,112.0,1.1304,1.3105
2019-04-16,111.95,1.1293,1.3049
2019-04-17,112.0,1.1297,1.3036
2019-04-18,111.94,1.1241,1.3003
2019-04-19,111.92,1.1246,1.3003
2019-04-22,111.94,1.1258,1.2983
2019-04-23,111.86,1.1213,1.2943
2019-04-24,111.81,1.1192,1.2947
2019-04-25,111.59,1.114,1.2901
2019-04-26,111.6,1.1154,1.293
2019-04-29,111.8,1.1166,1.2924
2019-04-30,111.4,1.1201,1.303
2019-05-01,111.18,1.1246,1.3091
2019-05-02,111.39,1.1184,1.3032
2019-05-03,111.28,1.1186,1.3139
2019-05-06,110.86,1.1197,1.3093
2019-05-07,110.34,1.1178,1.3052
2019-05-08,110.12,1.1206,1.3014
2019-05-09,109.55,1.1228,1.3013
2019-05-10,109.56,1.1241,1.3036
2019-05-13,109.18,1.1232,1.2961
2019-05-14,109.68,1.1207,1.2921
2019-05-15,109.58,1.1208,1.2878
2019-05-16,109.89,1.1178,1.2803
2019-05-17,109.9,1.1166,1.2723
2019-05-20,109.96,1.117,1.2718
2019-05-21,110.6,1.1158,1.2747
2019-05-22,110.28,1.1156,1.2674
2019-05-23,109.58,1.1172,1.2666
2019-05-24,109.38,1.1197,1.27
2019-05-27,,,
2019-05-28,109.49,1.1177,1.2668
2019-05-29,109.24,1.1136,1.2631
2019-05-30,109.67,1.114,1.2619
2019-05-31,108.66,1.1149,1.262
2019-06-03,108.39,1.1206,1.2621
2019-06-04,108.3,1.1236,1.2675
2019-06-05,108.2,1.1242,1.2706
2019-06-06,108.08,1.1294,1.2713
2019-06-07,108.15,1.1324,1.274
2019-06-10,108.56,1.1311,1.2684
2019-06-11,108.52,1.1316,1.2724
2019-06-12,108.42,1.131,1.2693
2019-06-13,108.44,1.1275,1.2678
2019-06-14,108.44,1.1217,1.2601
2019-06-17,108.56,1.1235,1.2568
2019-06-18,108.39,1.1196,1.2547
2019-06-19,108.36,1.1214,1.2625
2019-06-20,107.52,1.1284,1.27
2019-06-21,107.55,1.1328,1.2703
2019-06-24,107.36,1.1393,1.2728
2019-06-25,106.92,1.1386,1.2721
2019-06-26,107.64,1.139,1.2697
2019-06-27,107.73,1.1372,1.2674
2019-06-28,107.84,1.1374,1.2704
2019-07-01,108.42,1.1307,1.2644
2019-07-02,107.98,1.1301,1.2599
2019-07-03,107.84,1.1275,1.2568
2019-07-04,,,
2019-07-05,108.55,1.1216,1.2506
2019-07-08,108.72,1.1208,1.2503
2019-07-09,108.78,1.121,1.2463
2019-07-10,108.44,1.126,1.2507
2019-07-11,108.29,1.1261,1.2549
2019-07-12,108.0,1.1254,1.2553
2019-07-15,107.89,1.126,1.2523
2019-07-16,108.35,1.1212,1.2408
2019-07-17,108.1,1.1232,1.2438
2019-07-18,107.74,1.1228,1.2494
2019-07-19,107.78,1.122,1.25
2019-07-22,107.91,1.1214,1.2475
2019-07-23,108.06,1.1156,1.2449
2019-07-24,108.08,1.1141,1.2498
2019-07-25,108.58,1.1156,1.2471
2019-07-26,108.69,1.1121,1.2387
2019-07-29,108.86,1.1142,1.2236
2019-07-30,108.66,1.1148,1.2148
2019-07-31,108.58,1.113,1.222
2019-08-01,108.28,1.1062,1.2145
2019-08-02,106.64,1.1112,1.2132
2019-08-05,106.02,1.1197,1.2165
2019-08-06,106.45,1.1196,1.2149
2019-08-07,105.62,1.1236,1.2158
2019-08-08,106.04,1.121,1.2138
2019-08-09,105.3,1.1222,1.2085
2019-08-12,105.38,1.1212,1.207
2019-08-13,106.6,1.1182,1.2067
2019-08-14,105.79,1.1144,1.2068
2019-08-15,106.12,1.1106,1.2112
2019-08-16,106.34,1.1091,1.2152
2019-08-19,106.5,1.1096,1.2138
2019-08-20,106.35,1.1092,1.2153
2019-08-21,106.52,1.1098,1.2142
2019-08-22,106.44,1.1089,1.225
2019-08-23,105.3,1.1148,1.2261
2019-08-26,106.0,1.1112,1.2232
2019-08-27,105.8,1.1094,1.2288
2019-08-28,105.86,1.1084,1.2248
2019-08-29,106.5,1.1059,1.2197
2019-08-30,106.3,1.0989,1.2166
2019-09-02,,,
2019-09-03,105.88,1.0968,1.2086
2019-09-04,106.28,1.1025,1.219
2019-09-05,106.96,1.1038,1.2337
2019-09-06,106.8,1.1042,1.2299
2019-09-09,107.14,1.1056,1.2368
2019-09-10,107.34,1.1042,1.2355
2019-09-11,107.73,1.1001,1.2329
2019-09-12,107.97,1.1074,1.2357
2019-09-13,108.12,1.1074,1.2462
2019-09-16,107.94,1.1006,1.2423
2019-09-17,108.12,1.1063,1.2493
2019-09-18,108.17,1.1061,1.2478
2019-09-19,108.0,1.1046,1.2481
2019-09-20,107.95,1.1004,1.2489
2019-09-23,107.47,1.0991,1.2428
2019-09-24,107.32,1.0999,1.2475
2019-09-25,107.78,1.0949,1.2363
2019-09-26,107.67,1.0938,1.2343
2019-09-27,108.05,1.0942,1.2312
2019-09-30,108.11,1.0905,1.2305
2019-10-01,107.7,1.0932,1.2242
2019-10-02,107.21,1.0951,1.2313
2019-10-03,106.76,1.0991,1.239
2019-10-04,106.91,1.0974,1.2309
2019-10-07,107.06,1.0984,1.2322
2019-10-08,107.06,1.0949,1.2206
2019-10-09,107.43,1.0978,1.2215
2019-10-10,107.91,1.1018,1.2382
2019-10-11,108.52,1.1039,1.2683
2019-10-14,,,
2019-10-15,108.83,1.1036,1.2737
2019-10-16,108.71,1.1075,1.2854
2019-10-17,108.51,1.1129,1.2853
2019-10-18,108.44,1.1155,1.2904
2019-10-21,108.57,1.1145,1.2983
2019-10-22,108.56,1.1138,1.2948
2019-10-23,108.64,1.1118,1.2886
2019-10-24,108.62,1.1098,1.281
2019-10-25,108.75,1.1081,1.2833
2019-10-28,109.02,1.1094,1.286
2019-10-29,108.83,1.1117,1.2905
2019-10-30,108.88,1.1123,1.2872
2019-10-31,108.09,1.1155,1.2939
2019-11-01,108.16,1.1169,1.295
2019-11-04,108.56,1.1144,1.2906
2019-11-05,109.13,1.107,1.287
2019-11-06,108.86,1.1076,1.2872
2019-11-07,109.42,1.1045,1.2829
2019-11-08,109.14,1.1019,1.279
2019-11-11,,,
2019-11-12,109.09,1.1017,1.2855
2019-11-13,108.83,1.1004,1.284
2019-11-14,108.33,1.1016,1.2879
2019-11-15,108.8,1.1046,1.2901
2019-11-18,108.61,1.1079,1.2965
2019-11-19,108.59,1.1075,1.2926
2019-11-20,108.67,1.1063,1.2918
2019-11-21,108.53,1.1067,1.2915
2019-11-22,108.67,1.1029,1.2829
2019-11-25,108.95,1.1009,1.2885
2019-11-26,109.11,1.1012,1.285
2019-11-27,109.38,1.1002,1.2881
2019-11-28,,,
2019-11-29,109.47,1.1019,1.2939
2019-12-02,109.09,1.1075,1.2936
2019-12-03,108.53,1.1089,1.3002
2019-12-04,108.87,1.1076,1.3095
2019-12-05,108.69,1.1104,1.3165
2019-12-06,108.66,1.1052,1.3127
2019-12-09,108.59,1.1067,1.3157
2019-12-10,108.73,1.109,1.3178
2019-12-11,108.67,1.1092,1.3176
2019-12-12,109.16,1.1115,1.3133
2019-12-13,109.28,1.1128,1.3349
2019-12-16,109.64,1.1139,1.333
2019-12-17,109.52,1.1148,1.3116
2019-12-18,109.58,1.1113,1.3078
2019-12-19,109.23,1.1128,1.3034
2019-12-20,109.45,1.1076,1.3036
2019-12-23,109.39,1.1091,1.2917
2019-12-24,109.38,1.1084,1.2955
2019-12-25,,,
2019-12-26,109.67,1.1102,1.3007
2019-12-27,109.47,1.1174,1.309
2019-12-30,108.85,1.1217,1.314
2019-12-31,108.67,1.1227,1.3269
2020-01-01,,,
2020-01-02,108.43,1.1166,1.3128
2020-01-03,107.94,1.1173,1.3091
2020-01-06,108.36,1.1187,1.3163
2020-01-07,108.53,1.1138,1.3127
2020-01-08,109.03,1.1117,1.311
2020-01-09,109.47,1.1106,1.3069
2020-01-10,109.5,1.1119,1.306
2020-01-13,109.93,1.1138,1.2983
2020-01-14,110.05,1.113,1.3018
2020-01-15,109.94,1.116,1.303
2020-01-16,110.16,1.1131,1.3076
2020-01-17,110.16,1.1093,1.3029
2020-01-20,,,
2020-01-21,109.95,1.1096,1.3047
2020-01-22,109.93,1.1085,1.3136
2020-01-23,109.39,1.1041,1.3104
2020-01-24,109.31,1.1026,1.3071
2020-01-27,108.95,1.1019,1.3054
2020-01-28,109.17,1.1008,1.2996
2020-01-29,109.15,1.1004,1.3012
2020-01-30,108.75,1.1032,1.3106
2020-01-31,108.5,1.1082,1.3195
2020-02-03,108.59,1.1062,1.3006
2020-02-04,109.41,1.1043,1.3029
2020-02-05,109.74,1.1006,1.3
2020-02-06,109.89,1.0979,1.2935
2020-02-07,109.81,1.095,1.2908
2020-02-10,109.77,1.0916,1.2919
2020-02-11,109.78,1.0917,1.2945
2020-02-12,110.0,1.0893,1.2978
2020-02-13,109.81,1.0848,1.3051
2020-02-14,109.77,1.0839,1.3039
2020-02-17,,,
2020-02-18,109.8,1.0815,1.3017
2020-02-19,111.17,1.0794,1.2934
2020-02-20,111.86,1.0797,1.2877
2020-02-21,111.74,1.0855,1.2966
2020-02-24,110.56,1.0857,1.2923
2020-02-25,110.23,1.0868,1.3004
2020-02-26,110.36,1.0887,1.2921
2020-02-27,110.15,1.0977,1.2876
2020-02-28,108.12,1.1001,1.2778
2020-03-02,108.02,1.1164,1.2791
2020-03-03,107.28,1.1175,1.2827
2020-03-04,107.34,1.113,1.2836
2020-03-05,106.56,1.1202,1.2939
2020-03-06,105.31,1.1319,1.301
2020-03-09,102.52,1.142,1.31
2020-03-10,103.71,1.1342,1.2933
2020-03-11,104.81,1.128,1.2887
2020-03-12,105.67,1.1081,1.2541
2020-03-13,107.15,1.1066,1.2406
2020-03-16,105.64,1.1139,1.2278
2020-03-17,107.41,1.0971,1.2017
2020-03-18,108.45,1.0833,1.176
2020-03-19,110.08,1.0699,1.1662
2020-03-20,111.3,1.0682,1.1743
2020-03-23,111.36,1.076,1.1492
2020-03-24,111.44,1.0794,1.1784
2020-03-25,111.43,1.0835,1.1763
2020-03-26,109.45,1.1025,1.214
2020-03-27,108.16,1.1059,1.236
2020-03-30,108.06,1.1018,1.2392
2020-03-31,107.53,1.1016,1.2454
2020-04-01,107.05,1.0934,1.2394
2020-04-02,107.85,1.0862,1.238
2020-04-03,108.53,1.0797,1.2228
2020-04-06,109.11,1.0808,1.2298
2020-04-07,108.97,1.0886,1.2343
2020-04-08,108.7,1.0864,1.2394
2020-04-09,108.38,1.0931,1.2458
2020-04-10,108.39,1.0951,1.2485
2020-04-13,107.59,1.0906,1.2518
2020-04-14,107.08,1.0971,1.2617
2020-04-15,107.42,1.0909,1.2523
2020-04-16,107.72,1.084,1.2433
2020-04-17,107.52,1.0883,1.2503
2020-04-20,107.69,1.0874,1.2467
2020-04-21,107.69,1.0854,1.2266
2020-04-22,107.81,1.0829,1.2332
2020-04-23,107.65,1.0815,1.2369
2020-04-24,107.44,1.0798,1.2335
2020-04-27,107.22,1.0829,1.2421
2020-04-28,106.83,1.0836,1.2438
2020-04-29,106.67,1.0853,1.2429
2020-04-30,106.94,1.0934,1.2602
2020-05-01,106.76,1.0998,1.2509
2020-05-04,106.82,1.0911,1.243
2020-05-05,106.52,1.0844,1.2449
2020-05-06,106.07,1.0806,1.2347
2020-05-07,106.36,1.0815,1.2349
2020-05-08,106.5,1.0854,1.2436
2020-05-11,107.7,1.0818,1.233
2020-05-12,107.33,1.0864,1.2299
2020-05-13,106.92,1.0837,1.2225
2020-05-14,107.09,1.08,1.2194
2020-05-15,107.27,1.0816,1.2129
2020-05-18,107.25,1.0904,1.2211
2020-05-19,107.89,1.0937,1.2255
2020-05-20,107.46,1.098,1.2257
2020-05-21,107.69,1.0953,1.2227
2020-05-22,107.5,1.0894,1.2178
2020-05-25,,,
2020-05-26,107.64,1.097,1.2337
2020-05-27,107.79,1.0969,1.2231
2020-05-28,107.67,1.1069,1.2325
2020-05-29,107.77,1.1107,1.232
2020-06-01,107.56,1.1123,1.2472
2020-06-02,108.6,1.1166,1.2531
2020-06-03,108.88,1.1246,1.26
2020-06-04,109.0,1.1322,1.2608
2020-06-05,109.68,1.1297,1.2703
2020-06-08,108.46,1.1293,1.2694
2020-06-09,107.66,1.1348,1.2736
2020-06-10,107.25,1.1355,1.2758
2020-06-11,106.67,1.1378,1.2635
2020-06-12,107.36,1.1253,1.2527
2020-06-15,107.33,1.127,1.2543
2020-06-16,107.35,1.1259,1.2586
2020-06-17,107.26,1.1219,1.2526
2020-06-18,106.78,1.1216,1.243
2020-06-19,106.89,1.1189,1.2362
2020-06-22,106.84,1.126,1.2447
2020-06-23,106.44,1.1322,1.2531
2020-06-24,106.83,1.1272,1.2432
2020-06-25,107.21,1.1221,1.2406
2020-06-26,107.19,1.1215,1.2337
2020-06-29,107.71,1.1237,1.2279
2020-06-30,107.77,1.1237,1.2369
2020-07-01,107.5,1.1259,1.2474
2020-07-02,107.55,1.1237,1.2469
2020-07-03,,,
2020-07-06,107.5,1.1307,1.2482
2020-07-07,107.53,1.1299,1.2572
2020-07-08,107.39,1.1329,1.2593
2020-07-09,107.27,1.1298,1.2614
2020-07-10,106.77,1.1318,1.2654
2020-07-13,107.22,1.1364,1.2614
2020-07-14,107.2,1.1406,1.2546
2020-07-15,106.92,1.1406,1.2586
2020-07-16,107.05,1.1433,1.2621
2020-07-17,107.06,1.1438,1.255
2020-07-20,107.21,1.1442,1.2658
2020-07-21,106.82,1.1495,1.2736
2020-07-22,107.18,1.1587,1.2729
2020-07-23,106.83,1.1623,1.2759
2020-07-24,105.79,1.1635,1.2791
2020-07-27,105.29,1.175,1.2887
2020-07-28,105.03,1.1733,1.295
2020-07-29,105.06,1.177,1.2974
2020-07-30,105.05,1.1791,1.3035
2020-07-31,105.78,1.1822,1.3133
2020-08-03,106.11,1.175,1.3053
2020-08-04,105.87,1.1766,1.3059
2020-08-05,105.44,1.1898,1.3141
2020-08-06,105.52,1.1856,1.3147
2020-08-07,105.92,1.1776,1.3043
2020-08-10,105.85,1.1756,1.3082
2020-08-11,106.56,1.1764,1.3077
2020-08-12,106.85,1.1796,1.3047
2020-08-13,106.89,1.1818,1.3082
2020-08-14,106.49,1.1833,1.3108
2020-08-17,105.97,1.1869,1.3105
2020-08-18,105.41,1.1928,1.3228
2020-08-19,105.71,1.1898,1.3191
2020-08-20,105.81,1.1862,1.319
2020-08-21,105.88,1.1775,1.3098
2020-08-24,105.9,1.1803,1.3078
2020-08-25,106.4,1.1818,1.3136
2020-08-26,106.13,1.1813,1.3186
2020-08-27,106.42,1.1824,1.3229
2020-08-28,105.3,1.1901,1.3341
2020-08-31,105.84,1.195,1.3375
2020-09-01,106.0,1.1949,1.3416
2020-09-02,106.15,1.184,1.3315
2020-09-03,106.14,1.1832,1.3263
2020-09-04,106.34,1.182,1.323
2020-09-07,,,
2020-09-08,105.97,1.1789,1.3039
2020-09-09,106.23,1.181,1.3011
2020-09-10,106.19,1.188,1.2846
2020-09-11,106.17,1.1831,1.2788
2020-09-14,105.68,1.1874,1.2876
2020-09-15,105.5,1.1846,1.2866
2020-09-16,104.94,1.1835,1.298
2020-09-17,104.77,1.1823,1.2955
2020-09-18,104.44,1.1857,1.295
2020-09-21,104.69,1.1737,1.2794
2020-09-22,105.05,1.1703,1.2726
2020-09-23,105.34,1.1677,1.275
2020-09-24,105.42,1.1666,1.2739
2020-09-25,105.59,1.1618,1.2706
2020-09-28,105.5,1.166,1.2865
2020-09-29,105.68,1.1717,1.2847
2020-09-30,105.58,1.1723,1.2921
2020-10-01,105.53,1.1752,1.2901
2020-10-02,105.36,1.1706,1.2928
2020-10-05,105.7,1.1784,1.2972
2020-10-06,105.64,1.1778,1.2945
2020-10-07,105.97,1.1766,1.2914
2020-10-08,105.98,1.1753,1.2944
2020-10-09,105.72,1.1819,1.3003
2020-10-12,,,
2020-10-13,105.55,1.1737,1.2968
2020-10-14,105.08,1.1755,1.3023
2020-10-15,105.38,1.1701,1.2917
2020-10-16,105.41,1.1717,1.2931
2020-10-19,105.42,1.1788,1.2998
2020-10-20,105.56,1.1824,1.2951
2020-10-21,104.58,1.187,1.3143
2020-10-22,104.88,1.1824,1.309
2020-10-23,104.78,1.1844,1.3039
2020-10-26,104.86,1.1816,1.3021
2020-10-27,104.44,1.1834,1.3067
2020-10-28,104.33,1.1751,1.2997
2020-10-29,104.69,1.1658,1.289
2020-10-30,104.54,1.1647,1.2933
2020-11-02,104.8,1.1634,1.2904
2020-11-03,104.5,1.1724,1.305
2020-11-04,104.39,1.173,1.3021
2020-11-05,103.67,1.1809,1.3116
2020-11-06,103.32,1.1886,1.3162
2020-11-09,105.58,1.1811,1.3137
2020-11-10,105.36,1.181,1.3234
2020-11-11,,,
2020-11-12,105.16,1.1814,1.3142
2020-11-13,104.61,1.1824,1.3176
2020-11-16,104.54,1.1844,1.3197
2020-11-17,104.2,1.1862,1.3247
2020-11-18,103.72,1.1869,1.3299
2020-11-19,103.85,1.1843,1.3225
2020-11-20,103.81,1.1857,1.3294
2020-11-23,104.42,1.1826,1.33
2020-11-24,104.61,1.1874,1.335
2020-11-25,104.39,1.1908,1.3378
2020-11-26,,,
2020-11-27,,,
2020-11-30,104.38,1.1948,1.3338
2020-12-01,104.4,1.2039,1.3392
2020-12-02,104.52,1.2093,1.3348
2020-12-03,103.77,1.2152,1.3496
2020-12-04,104.16,1.2142,1.3485
2020-12-07,104.01,1.2138,1.3353
2020-12-08,104.14,1.2111,1.3358
2020-12-09,104.28,1.208,1.3392
2020-12-10,104.3,1.2118,1.3293
2020-12-11,103.88,1.2112,1.3197
2020-12-14,104.06,1.2145,1.3324
2020-12-15,103.69,1.2158,1.3434
2020-12-16,103.59,1.2175,1.3503
2020-12-17,103.13,1.2258,1.3609
2020-12-18,103.35,1.2236,1.3497
2020-12-21,103.44,1.223,1.3354
2020-12-22,103.62,1.2172,1.3349
2020-12-23,103.52,1.2194,1.351
2020-12-24,,,
2020-12-25,,,
2020-12-28,103.84,1.2213,1.3447
2020-12-29,103.5,1.2252,1.3512
2020-12-30,103.31,1.228,1.3605
2020-12-31,103.19,1.223,1.3662
2021-01-01,,,
2021-01-04,103.19,1.2254,1.3551
2021-01-05,102.7,1.2295,1.362
2021-01-06,103.25,1.229,1.3593
2021-01-07,103.84,1.2265,1.3551
2021-01-08,103.89,1.2252,1.3583
2021-01-11,104.16,1.2169,1.3522
2021-01-12,104.09,1.2168,1.3637
2021-01-13,103.91,1.2159,1.3631
2021-01-14,103.66,1.2156,1.369
2021-01-15,103.8,1.2099,1.3599
2021-01-18,,,
2021-01-19,103.86,1.2126,1.3627
2021-01-20,,,
2021-01-21,103.57,1.2143,1.3721
2021-01-22,103.76,1.2179,1.3685
2021-01-25,103.78,1.2138,1.3668
2021-01-26,103.69,1.2147,1.3729
2021-01-27,104.09,1.2101,1.3688
2021-01-28,104.31,1.2122,1.3727
2021-01-29,104.64,1.2135,1.3723
2021-02-01,104.97,1.207,1.3672
2021-02-02,105.09,1.202,1.3644
2021-02-03,105.05,1.2025,1.3652
2021-02-04,105.43,1.1974,1.3665
2021-02-05,105.44,1.2035,1.3714
2021-02-08,105.19,1.2045,1.3738
2021-02-09,104.62,1.2106,1.3796
2021-02-10,104.67,1.2132,1.385
2021-02-11,104.75,1.2127,1.3822
2021-02-12,104.94,1.2126,1.3855
2021-02-15,,,
2021-02-16,105.88,1.2107,1.391
2021-02-17,105.83,1.2042,1.3848
2021-02-18,105.69,1.2078,1.3956
2021-02-19,105.58,1.2136,1.4025
2021-02-22,105.06,1.2155,1.4077
2021-02-23,105.21,1.2142,1.4092
2021-02-24,105.91,1.2143,1.4106
2021-02-25,106.22,1.2229,1.4105
2021-02-26,106.64,1.2093,1.3947
2021-03-01,106.68,1.2054,1.3938
2021-03-02,106.75,1.2079,1.3962
2021-03-03,106.92,1.2073,1.3978
2021-03-04,107.58,1.2045,1.3999
2021-03-05,108.24,1.1914,1.3817
2021-03-08,108.92,1.1849,1.381
2021-03-09,108.64,1.1885,1.3884
2021-03-10,108.58,1.19,1.3899
2021-03-11,108.44,1.1978,1.398
2021-03-12,108.87,1.1952,1.3925
2021-03-15,109.11,1.1917,1.3866
2021-03-16,109.01,1.1895,1.3892
2021-03-17,109.22,1.1905,1.3888
2021-03-18,108.97,1.1926,1.3938
2021-03-19,108.85,1.1909,1.3872
2021-03-22,108.67,1.1932,1.3856
2021-03-23,108.61,1.1872,1.3795
2021-03-24,108.81,1.1831,1.3723
2021-03-25,109.13,1.1777,1.3722
2021-03-26,109.55,1.1798,1.3794
2021-03-29,109.73,1.1779,1.3793
2021-03-30,110.19,1.1724,1.3729
2021-03-31,110.61,1.1743,1.3795
2021-04-01,110.61,1.1772,1.3825
2021-04-02,110.67,1.1763,1.3825
2021-04-05,110.08,1.181,1.3907
2021-04-06,109.83,1.1852,1.3849
2021-04-07,109.67,1.189,1.3757
2021-04-08,109.25,1.1904,1.3739
2021-04-09,109.64,1.1897,1.3734
2021-04-12,109.43,1.1907,1.3741
2021-04-13,109.19,1.1939,1.3742
2021-04-14,108.93,1.1974,1.379
2021-04-15,108.78,1.1964,1.3781
2021-04-16,108.78,1.198,1.3826
2021-04-19,108.09,1.2028,1.3977
2021-04-20,108.07,1.2045,1.3955
2021-04-21,108.09,1.2033,1.3936
2021-04-22,108.17,1.2012,1.3851
2021-04-23,107.94,1.2069,1.3845
2021-04-26,108.12,1.2083,1.389
2021-04-27,108.56,1.2079,1.3908
2021-04-28,108.81,1.2098,1.3917
2021-04-29,108.94,1.211,1.3956
2021-04-30,109.33,1.203,1.3838
2021-05-03,109.08,1.2059,1.3913
2021-05-04,109.34,1.2014,1.3873
2021-05-05,109.27,1.2003,1.3913
2021-05-06,109.17,1.2049,1.388
2021-05-07,108.52,1.2165,1.4
2021-05-10,108.7,1.217,1.4153
2021-05-11,108.53,1.2169,1.4149
2021-05-12,109.53,1.2074,1.4081
2021-05-13,109.56,1.207,1.4033
2021-05-14,109.37,1.2141,1.4096
2021-05-17,109.17,1.2155,1.4127
2021-05-18,109.01,1.2203,1.4184
2021-05-19,108.76,1.2216,1.4169
2021-05-20,108.79,1.2225,1.4182
2021-05-21,108.94,1.2178,1.4158
2021-05-24,108.81,1.221,1.4147
2021-05-25,108.95,1.2233,1.4123
2021-05-26,109.1,1.2204,1.4129
2021-05-27,109.81,1.2194,1.4172
2021-05-28,109.83,1.2194,1.4188
2021-05-31,,,
2021-06-01,109.43,1.2241,1.4168
2021-06-02,109.59,1.2213,1.4177
2021-06-03,110.28,1.2122,1.4099
2021-06-04,109.42,1.2173,1.4175
2021-06-07,109.25,1.22,1.4179
2021-06-08,109.47,1.218,1.4146
2021-06-09,109.61,1.2184,1.4124
2021-06-10,109.49,1.2173,1.4165
2021-06-11,109.75,1.2101,1.4114
2021-06-14,109.98,1.2126,1.4116
2021-06-15,110.12,1.212,1.4073
2021-06-16,109.88,1.2119,1.411
2021-06-17,110.28,1.1911,1.3916
2021-06-18,110.21,1.1872,1.3817
2021-06-21,110.22,1.1909,1.3915
2021-06-22,110.75,1.191,1.3921
2021-06-23,110.86,1.195,1.3977
2021-06-24,110.91,1.1927,1.3907
2021-06-25,110.78,1.194,1.3899
2021-06-28,110.5,1.1938,1.3895
2021-06-29,110.53,1.1905,1.3845
2021-06-30,111.05,1.1848,1.3806
2021-07-01,111.56,1.1857,1.378
2021-07-02,111.28,1.1848,1.3795
2021-07-05,,,
2021-07-06,110.66,1.1816,1.3792
2021-07-07,110.62,1.1803,1.3792
2021-07-08,109.82,1.184,1.3767
2021-07-09,110.18,1.1861,1.3842
2021-07-12,110.36,1.1858,1.3886
2021-07-13,110.36,1.1813,1.3847
2021-07-14,110.03,1.1826,1.3854
2021-07-15,110.05,1.1806,1.3849
2021-07-16,110.13,1.181,1.3785
2021-07-19,109.45,1.1804,1.369
2021-07-20,109.92,1.1776,1.3615
2021-07-21,110.22,1.1799,1.3695
2021-07-22,110.1,1.1771,1.375
2021-07-23,110.52,1.1761,1.3749
2021-07-26,110.31,1.181,1.3829
2021-07-27,109.64,1.1831,1.3884
2021-07-28,110.06,1.1809,1.3884
2021-07-29,109.53,1.1886,1.3966
2021-07-30,109.7,1.1864,1.3913
2021-08-02,109.22,1.1873,1.3886
2021-08-03,109.09,1.1859,1.3905
2021-08-04,109.44,1.1841,1.3912
2021-08-05,109.75,1.1838,1.3929
2021-08-06,110.22,1.1761,1.3873
2021-08-09,110.25,1.1749,1.3852
2021-08-10,110.54,1.1722,1.384
2021-08-11,110.47,1.1737,1.3866
2021-08-12,110.36,1.1736,1.3833
2021-08-13,109.75,1.1796,1.3857
2021-08-16,109.26,1.1776,1.3849
2021-08-17,109.59,1.1714,1.3739
2021-08-18,109.92,1.1702,1.3749
2021-08-19,109.75,1.1693,1.3673
2021-08-20,109.77,1.169,1.3625
2021-08-23,109.78,1.1732,1.3717
2021-08-24,109.68,1.1746,1.3716
2021-08-25,110.03,1.1758,1.3723
2021-08-26,110.09,1.1761,1.3712
2021-08-27,109.84,1.1794,1.3769
2021-08-30,109.91,1.1795,1.3758
2021-08-31,110.05,1.18,1.3747
2021-09-01,110.03,1.185,1.379
2021-09-02,110.01,1.1858,1.3825
2021-09-03,109.64,1.1884,1.3862
2021-09-06,,,
2021-09-07,110.17,1.1849,1.3792
2021-09-08,110.32,1.1818,1.3761
2021-09-09,109.76,1.1827,1.3855
2021-09-10,109.93,1.1821,1.3847
2021-09-13,109.94,1.1809,1.3844
2021-09-14,109.66,1.1824,1.3848
2021-09-15,109.4,1.1811,1.3837
2021-09-16,109.67,1.1764,1.3785
2021-09-17,109.94,1.1734,1.3755
2021-09-20,109.47,1.1729,1.3656
2021-09-21,109.33,1.1724,1.3663
2021-09-22,109.59,1.1739,1.3669
2021-09-23,110.17,1.1735,1.3745
2021-09-24,110.72,1.1715,1.3681
2021-09-27,110.97,1.1702,1.3712
2021-09-28,111.33,1.1681,1.3537
2021-09-29,111.83,1.1612,1.3439
2021-09-30,111.5,1.1577,1.347
2021-10-01,110.97,1.1598,1.3572
2021-10-04,110.94,1.1622,1.3602
2021-10-05,111.39,1.1609,1.364
2021-10-06,111.33,1.1546,1.3569
2021-10-07,111.5,1.1561,1.3634
2021-10-08,112.15,1.1572,1.363
2021-10-11,,,
2021-10-12,113.69,1.1541,1.3605
2021-10-13,113.49,1.1568,1.3645
2021-10-14,113.59,1.1591,1.3684
2021-10-15,114.31,1.1594,1.3756
2021-10-18,114.22,1.1609,1.3726
2021-10-19,114.27,1.1632,1.3807
2021-10-20,114.24,1.1643,1.3821
2021-10-21,113.75,1.1643,1.3812
2021-10-22,113.54,1.1632,1.3741
2021-10-25,113.7,1.1609,1.3773
2021-10-26,114.19,1.159,1.3772
2021-10-27,113.75,1.16,1.3739
2021-10-28,113.38,1.1685,1.3804
2021-10-29,114.03,1.1552,1.3686
2021-11-01,114.19,1.1591,1.3679
2021-11-02,113.78,1.1581,1.3612
2021-11-03,114.06,1.1584,1.3659
2021-11-04,113.63,1.1546,1.3494
2021-11-05,113.45,1.1554,1.3491
2021-11-08,113.15,1.159,1.3563
2021-11-09,112.87,1.1589,1.3551
2021-11-10,113.89,1.1517,1.347
2021-11-11,,,
2021-11-12,113.9,1.1443,1.3412
2021-11-15,113.96,1.1421,1.3444
2021-11-16,114.62,1.1333,1.3429
2021-11-17,114.33,1.1322,1.3488
2021-11-18,114.22,1.1358,1.3489
2021-11-19,113.81,1.1318,1.3474
2021-11-22,114.69,1.126,1.3412
2021-11-23,114.98,1.1265,1.3388
2021-11-24,115.34,1.1196,1.3332
2021-11-25,,,
2021-11-26,113.46,1.1302,1.3322
2021-11-29,113.75,1.1261,1.3291
2021-11-30,113.22,1.1287,1.3252
2021-12-01,112.82,1.1323,1.3308
2021-12-02,113.1,1.1306,1.3305
2021-12-03,112.88,1.1308,1.3234
2021-12-06,113.31,1.1282,1.3252
2021-12-07,113.61,1.1247,1.3236
2021-12-08,113.83,1.133,1.3236
2021-12-09,113.53,1.1285,1.3188
2021-12-10,113.36,1.1312,1.3262
2021-12-13,113.42,1.1298,1.3233
2021-12-14,113.63,1.1267,1.3225
2021-12-15,113.83,1.1261,1.3214
2021-12-16,113.67,1.1309,1.3325
2021-12-17,113.56,1.1277,1.3269
2021-12-20,113.45,1.1298,1.3222
2021-12-21,114.11,1.1272,1.3253
2021-12-22,114.22,1.1324,1.3345
2021-12-23,114.42,1.132,1.341
2021-12-24,,,
2021-12-27,114.85,1.1329,1.3438
2021-12-28,114.75,1.1314,1.3432
2021-12-29,114.97,1.1337,1.3475
2021-12-30,115.17,1.1318,1.35
2021-12-31,,,
2022-01-03,115.27,1.129,1.3469
2022-01-04,116.12,1.1296,1.3544
2022-01-05,115.91,1.1335,1.3573
2022-01-06,115.78,1.1307,1.3539
2022-01-07,115.61,1.1358,1.3583
2022-01-10,115.14,1.1328,1.3567
2022-01-11,115.38,1.1363,1.3622
2022-01-12,114.74,1.1431,1.3698
2022-01-13,114.06,1.1464,1.3724
2022-01-14,113.89,1.1414,1.367
2022-01-17,,,
2022-01-18,114.6,1.1336,1.3588
2022-01-19,114.28,1.1346,1.3625
2022-01-20,114.08,1.1336,1.3642
2022-01-21,113.72,1.1346,1.3562
2022-01-24,113.82,1.131,1.3447
2022-01-25,113.88,1.1283,1.3495
2022-01-26,114.33,1.1279,1.3516
2022-01-27,115.47,1.1141,1.3385
2022-01-28,115.21,1.116,1.3417
2022-01-31,115.22,1.1212,1.3439
2022-02-01,114.77,1.1239,1.3505
2022-02-02,114.36,1.1299,1.3565
2022-02-03,114.88,1.1425,1.3602
2022-02-04,115.22,1.1455,1.3543
2022-02-07,115.09,1.1434,1.3533
2022-02-08,115.62,1.1416,1.3552
2022-02-09,115.44,1.1435,1.354
2022-02-10,115.84,1.1487,1.3636
2022-02-11,115.91,1.1404,1.3601
2022-02-14,115.72,1.1306,1.3516
2022-02-15,115.64,1.1363,1.3539
2022-02-16,115.41,1.1381,1.3585
2022-02-17,115.03,1.1364,1.3624
2022-02-18,115.08,1.1327,1.3585
2022-02-21,,,
2022-02-22,114.94,1.1342,1.3597
2022-02-23,115.12,1.1316,1.3555
2022-02-24,115.45,1.1154,1.336
2022-02-25,115.62,1.1261,1.3407
2022-02-28,115.11,1.1224,1.3419
2022-03-01,114.87,1.1103,1.3318
2022-03-02,115.59,1.1102,1.3365
2022-03-03,115.67,1.1053,1.3326
2022-03-04,114.65,1.0912,1.3214
2022-03-07,115.41,1.086,1.3115
2022-03-08,115.64,1.0881,1.3101
2022-03-09,115.87,1.1069,1.316
2022-03-10,116.05,1.1007,1.3108
2022-03-11,117.08,1.0937,1.3063
2022-03-14,118.0,1.0979,1.3044
2022-03-15,118.19,1.0974,1.3065
2022-03-16,118.48,1.0996,1.3096
2022-03-17,118.45,1.111,1.3159
2022-03-18,119.17,1.1044,1.3169
2022-03-21,119.15,1.1048,1.3201
2022-03-22,120.66,1.1022,1.3258
2022-03-23,121.02,1.1001,1.3212
2022-03-24,122.08,1.1006,1.3183
2022-03-25,121.98,1.0985,1.3193
2022-03-28,123.25,1.0977,1.3091
2022-03-29,122.61,1.1104,1.3125
2022-03-30,121.97,1.1163,1.3149
2022-03-31,121.44,1.1093,1.3152
2022-04-01,122.6,1.1043,1.3114
2022-04-04,122.7,1.0992,1.3116
2022-04-05,123.48,1.0921,1.3101
2022-04-06,123.7,1.0913,1.3082
2022-04-07,123.8,1.09,1.306
2022-04-08,124.31,1.0874,1.3032
2022-04-11,125.55,1.0875,1.3033
2022-04-12,125.25,1.0852,1.3031
2022-04-13,125.51,1.0874,1.3072
2022-04-14,125.92,1.0796,1.3052
2022-04-15,126.31,1.0812,1.3066
2022-04-18,126.77,1.0785,1.3019
2022-04-19,128.55,1.0789,1.3009
2022-04-20,127.76,1.0857,1.3055
2022-04-21,128.62,1.0839,1.3042
2022-04-22,128.78,1.079,1.2848
2022-04-25,127.66,1.0703,1.2698
2022-04-26,127.37,1.0661,1.2617
2022-04-27,128.44,1.0549,1.2547
2022-04-28,130.94,1.05,1.2443
2022-04-29,129.84,1.0537,1.2565
2022-05-02,130.18,1.0521,1.2523
2022-05-03,130.09,1.0532,1.251
2022-05-04,129.97,1.0539,1.2487
2022-05-05,130.41,1.0507,1.2334
2022-05-06,130.35,1.0572,1.2344
2022-05-09,130.37,1.0559,1.2335
2022-05-10,130.21,1.0531,1.2313
2022-05-11,130.2,1.0537,1.2317
2022-05-12,128.1,1.0376,1.2198
2022-05-13,129.23,1.041,1.2242
2022-05-16,129.15,1.042,1.227
2022-05-17,129.31,1.0532,1.2468
2022-05-18,128.22,1.0494,1.2396
2022-05-19,127.62,1.0587,1.2504
2022-05-20,127.86,1.0559,1.2492
2022-05-23,127.78,1.0668,1.2571
2022-05-24,126.56,1.0744,1.2544
2022-05-25,127.31,1.0658,1.2539
2022-05-26,127.23,1.0725,1.2582
2022-05-27,127.14,1.0709,1.2613
2022-05-30,,,
2022-05-31,128.53,1.0731,1.2624
2022-06-01,130.09,1.0646,1.2472
2022-06-02,129.83,1.0733,1.2557
2022-06-03,130.71,1.0721,1.2496
2022-06-06,131.55,1.0699,1.2544
2022-06-07,132.53,1.0697,1.2594
2022-06-08,134.06,1.074,1.2557
2022-06-09,134.06,1.0656,1.2511
2022-06-10,134.19,1.0521,1.233
2022-06-13,134.12,1.0436,1.217
2022-06-14,134.89,1.0416,1.2011
2022-06-15,134.5,1.0388,1.2057
2022-06-16,131.65,1.0531,1.2341
2022-06-17,135.14,1.0473,1.2201
2022-06-20,,,
2022-06-21,136.25,1.0548,1.2277
2022-06-22,136.05,1.0583,1.228
2022-06-23,134.72,1.0503,1.224
2022-06-24,135.22,1.0539,1.2273
2022-06-27,135.26,1.0601,1.2305
2022-06-28,136.19,1.0534,1.22
2022-06-29,136.5,1.0477,1.2151
2022-06-30,135.69,1.0469,1.2162
2022-07-01,135.09,1.0409,1.2048
2022-07-04,,,
2022-07-05,135.72,1.0254,1.1932
2022-07-06,135.66,1.0173,1.1907
2022-07-07,135.99,1.0159,1.1994
2022-07-08,136.16,1.0178,1.2036
2022-07-11,137.29,1.0088,1.1907
2022-07-12,136.68,1.0069,1.1905
2022-07-13,137.34,1.0081,1.1919
2022-07-14,138.94,1.0028,1.1827
2022-07-15,138.57,1.0089,1.1857
2022-07-18,138.23,1.016,1.1989
2022-07-19,137.94,1.0238,1.2022
2022-07-20,138.16,1.0217,1.1989
2022-07-21,137.94,1.0197,1.1968
2022-07-22,136.12,1.0225,1.2019
2022-07-25,136.72,1.0211,1.2042
2022-07-26,136.62,1.0116,1.2036
2022-07-27,137.31,1.0108,1.2027
2022-07-28,134.45,1.0163,1.2126
2022-07-29,133.25,1.0202,1.2183
2022-08-01,131.8,1.027,1.2278
2022-08-02,132.32,1.0194,1.2218
2022-08-03,134.18,1.0146,1.2132
2022-08-04,133.28,1.0221,1.2141
2022-08-05,135.33,1.017,1.2061
2022-08-08,134.73,1.0207,1.2098
2022-08-09,134.95,1.0226,1.2089
2022-08-10,132.58,1.0337,1.2245
2022-08-11,132.66,1.0338,1.223
2022-08-12,133.57,1.0257,1.2132
2022-08-15,133.13,1.0186,1.209
2022-08-16,134.38,1.0174,1.209
2022-08-17,135.4,1.0164,1.203
2022-08-18,135.29,1.0114,1.197
2022-08-19,137.01,1.0039,1.181
2022-08-22,137.57,0.9936,1.1752
2022-08-23,136.36,0.9976,1.1844
2022-08-24,136.92,0.9967,1.1802
2022-08-25,136.83,0.9959,1.1803
2022-08-26,137.07,0.9998,1.1778
2022-08-29,138.74,1.0,1.1718
2022-08-30,138.73,1.0018,1.1651
2022-08-31,138.69,1.0065,1.1647
2022-09-01,139.93,0.995,1.1541
2022-09-02,140.03,1.003,1.1582
2022-09-05,,,
2022-09-06,142.95,0.9914,1.1549
2022-09-07,144.39,0.9942,1.1473
2022-09-08,144.05,0.9956,1.1489
2022-09-09,142.44,1.0046,1.16
2022-09-12,142.41,1.0129,1.1701
2022-09-13,144.3,0.9997,1.1526
2022-09-14,142.93,0.9993,1.1564
2022-09-15,143.57,0.9991,1.1472
2022-09-16,143.04,1.0013,1.1419
2022-09-19,143.34,1.0003,1.1403
2022-09-20,143.64,0.9994,1.1405
2022-09-21,144.14,0.988,1.133
2022-09-22,142.16,0.9841,1.1269
2022-09-23,143.18,0.9719,1.0921
2022-09-26,144.45,0.9623,1.0703
2022-09-27,144.71,0.9616,1.0753
2022-09-28,144.15,0.9681,1.0832
2022-09-29,144.45,0.9774,1.1048
2022-09-30,144.71,0.9783,1.1134
2022-10-03,144.5,0.9809,1.1272
2022-10-04,144.32,0.9977,1.1446
2022-10-05,144.73,0.9866,1.1275
2022-10-06,144.94,0.9806,1.1133
2022-10-07,145.19,0.9785,1.1116
2022-10-10,,,
2022-10-11,145.55,0.9757,1.1168
2022-10-12,146.87,0.9692,1.1096
2022-10-13,147.15,0.978,1.1344
2022-10-14,148.46,0.9739,1.1208
2022-10-17,148.71,0.9843,1.1427
2022-10-18,149.23,0.9842,1.1307
2022-10-19,149.77,0.978,1.1232
2022-10-20,149.82,0.9823,1.1288
2022-10-21,146.35,0.9855,1.1292
2022-10-24,148.76,0.9874,1.1295
2022-10-25,147.85,0.9959,1.1469
2022-10-26,146.5,1.0068,1.1615
2022-10-27,146.02,0.9985,1.1574
2022-10-28,147.68,0.9934,1.1573
2022-10-31,148.63,0.9885,1.1515
2022-11-01,148.11,0.9871,1.146
2022-11-02,147.11,0.9875,1.1467
2022-11-03,148.18,0.9759,1.1183
2022-11-04,147.22,0.9895,1.1279
2022-11-07,146.64,0.9997,1.1463
2022-11-08,145.38,1.0089,1.1595
2022-11-09,146.15,1.0037,1.1396
2022-11-10,141.78,1.0176,1.1677
2022-11-11,,,
2022-11-14,140.43,1.0337,1.1728
2022-11-15,139.36,1.0372,1.189
2022-11-16,139.59,1.0395,1.1889
2022-11-17,140.45,1.0341,1.1812
2022-11-18,140.03,1.0349,1.1902
2022-11-21,141.95,1.0238,1.1785
2022-11-22,141.29,1.0276,1.188
2022-11-23,139.76,1.0364,1.204
2022-11-24,,,
2022-11-25,139.21,1.0402,1.2102
2022-11-28,138.67,1.0386,1.2041
2022-11-29,138.28,1.0356,1.1996
2022-11-30,139.31,1.0323,1.1962
2022-12-01,135.55,1.0498,1.2252
2022-12-02,134.89,1.0521,1.2292
2022-12-05,136.55,1.0494,1.2169
2022-12-06,136.67,1.0497,1.2202
2022-12-07,136.57,1.0505,1.2194
2022-12-08,136.45,1.0552,1.2235
2022-12-09,136.4,1.055,1.2311
2022-12-12,137.47,1.0545,1.2285
2022-12-13,135.14,1.063,1.2375
2022-12-14,134.95,1.0655,1.2408
2022-12-15,137.92,1.0638,1.2206
2022-12-16,136.55,1.061,1.2168
2022-12-19,136.87,1.0624,1.218
2022-12-20,131.08,1.0635,1.2146
2022-12-21,132.36,1.0599,1.2072
2022-12-22,132.34,1.0588,1.2032
2022-12-23,132.78,1.0621,1.2054
2022-12-26,,,
2022-12-27,133.43,1.0654,1.2032
2022-12-28,134.27,1.0622,1.2034
2022-12-29,133.16,1.0668,1.206
2022-12-30,131.81,1.0698,1.2077
2023-01-02,,,
2023-01-03,130.83,1.0559,1.197
2023-01-04,132.0,1.062,1.2063
2023-01-05,133.57,1.0522,1.1902
2023-01-06,132.21,1.0619,1.2064
2023-01-09,131.58,1.0759,1.2206
2023-01-10,132.25,1.0737,1.2155
2023-01-11,132.58,1.074,1.2125
2023-01-12,129.75,1.0823,1.2182
2023-01-13,127.85,1.0811,1.2194
2023-01-16,,,
2023-01-17,128.18,1.0793,1.2264
2023-01-18,128.45,1.0827,1.2369
2023-01-19,128.48,1.081,1.2366
2023-01-20,129.97,1.0831,1.2374
2023-01-23,130.69,1.0865,1.237
2023-01-24,130.07,1.0873,1.2323
2023-01-25,129.64,1.0901,1.2374
2023-01-26,130.4,1.0866,1.237
2023-01-27,129.94,1.0857,1.2379
2023-01-30,130.34,1.0867,1.2373
2023-01-31,130.17,1.0858,1.2324
2023-02-01,129.27,1.0917,1.2308
2023-02-02,128.45,1.0918,1.226
2023-02-03,131.07,1.0825,1.2073
2023-02-06,132.76,1.0722,1.2009
2023-02-07,131.37,1.0705,1.2013
2023-02-08,131.27,1.0734,1.2093
2023-02-09,130.98,1.0761,1.2157
2023-02-10,131.5,1.067,1.2061
2023-02-13,132.71,1.0718,1.2136
2023-02-14,133.05,1.0722,1.2157
2023-02-15,134.22,1.0683,1.2031
2023-02-16,133.95,1.0684,1.2018
2023-02-17,134.21,1.0678,1.2012
2023-02-20,,,
2023-02-21,134.87,1.0657,1.2111
2023-02-22,134.77,1.0623,1.2064
2023-02-23,134.8,1.0583,1.2016
2023-02-24,136.36,1.0545,1.1948
2023-02-27,136.18,1.0596,1.2036
2023-02-28,136.09,1.0602,1.2093
2023-03-01,135.82,1.0674,1.2034
2023-03-02,136.84,1.0595,1.1942
2023-03-03,136.09,1.0616,1.1996
2023-03-06,135.93,1.0694,1.2048
2023-03-07,136.9,1.0573,1.1857
2023-03-08,137.18,1.0549,1.1837
2023-03-09,136.41,1.0577,1.1922
2023-03-10,135.05,1.0659,1.2043
2023-03-13,133.13,1.0733,1.216
2023-03-14,134.33,1.0722,1.2146
2023-03-15,132.81,1.0535,1.2032
2023-03-16,133.01,1.0622,1.2111
2023-03-17,132.01,1.0647,1.2141
2023-03-20,131.59,1.0722,1.2257
2023-03-21,132.27,1.0769,1.2195
2023-03-22,132.67,1.0792,1.2232
2023-03-23,130.99,1.089,1.2322
2023-03-24,130.64,1.0762,1.2225
2023-03-27,131.49,1.0789,1.2278
2023-03-28,130.97,1.0844,1.2341
2023-03-29,132.69,1.0826,1.2313
2023-03-30,132.71,1.0899,1.2368
2023-03-31,132.75,1.0872,1.2369
2023-04-03,132.35,1.0891,1.2403
2023-04-04,131.6,1.0951,1.2498
2023-04-05,131.11,1.0918,1.2469
2023-04-06,131.67,1.0927,1.2456
2023-04-07,132.11,1.0913,1.2422
2023-04-10,133.75,1.084,1.2358
2023-04-11,133.63,1.0906,1.2409
2023-04-12,133.25,1.0987,1.2471
2023-04-13,132.37,1.1054,1.2531
2023-04-14,133.74,1.098,1.2417
2023-04-17,134.51,1.0915,1.2359
2023-04-18,134.11,1.0958,1.2419
2023-04-19,134.79,1.0953,1.2442
2023-04-20,134.1,1.097,1.2448
2023-04-21,134.28,1.0973,1.2419
2023-04-24,134.41,1.1027,1.2457
2023-04-25,133.96,1.0968,1.2398
2023-04-26,133.72,1.1052,1.2486
2023-04-27,134.04,1.1017,1.2471
2023-04-28,135.99,1.104,1.2582
2023-05-01,137.35,1.097,1.2495
2023-05-02,136.46,1.0997,1.2475
2023-05-03,135.31,1.1049,1.2547
2023-05-04,133.76,1.1009,1.258
2023-05-05,134.85,1.1026,1.265
2023-05-08,134.83,1.102,1.2633
2023-05-09,135.15,1.0953,1.2618
2023-05-10,134.52,1.0966,1.2614
2023-05-11,134.46,1.0916,1.2501
2023-05-12,135.63,1.0856,1.2464
2023-05-15,136.07,1.0874,1.2526
2023-05-16,136.62,1.0866,1.2494
2023-05-17,137.51,1.083,1.2475
2023-05-18,138.5,1.0776,1.2424
2023-05-19,137.67,1.0819,1.2464
2023-05-22,138.65,1.0806,1.2425
2023-05-23,138.74,1.0771,1.2423
2023-05-24,139.14,1.0758,1.2368
2023-05-25,139.81,1.0725,1.2325
2023-05-26,140.53,1.0713,1.2342
2023-05-29,,,
2023-05-30,139.83,1.0722,1.2403
2023-05-31,139.78,1.0654,1.2396
2023-06-01,138.74,1.0752,1.2536
2023-06-02,139.76,1.0724,1.2468
2023-06-05,139.64,1.0721,1.244
2023-06-06,139.67,1.0695,1.2418
2023-06-07,139.98,1.0702,1.2451
2023-06-08,138.83,1.078,1.2547
2023-06-09,139.35,1.0749,1.2579
2023-06-12,139.72,1.0747,1.2489
2023-06-13,140.0,1.0792,1.2611
2023-06-14,139.33,1.0859,1.2696
2023-06-15,140.49,1.0933,1.2762
2023-06-16,141.82,1.0925,1.2815
2023-06-19,,,
2023-06-20,141.46,1.09,1.2732
2023-06-21,142.09,1.0951,1.2737
2023-06-22,142.89,1.0953,1.275
2023-06-23,143.78,1.0887,1.2701
2023-06-26,143.55,1.091,1.2724
2023-06-27,144.0,1.0961,1.2752
2023-06-28,144.23,1.0904,1.2637
2023-06-29,144.72,1.0881,1.2617
2023-06-30,144.47,1.092,1.2709
2023-07-03,144.5,1.0919,1.2695
2023-07-04,,,
2023-07-05,144.56,1.0868,1.271
2023-07-06,144.09,1.0873,1.2721
2023-07-07,142.21,1.0964,1.2838
2023-07-10,141.56,1.0991,1.2837
2023-07-11,140.51,1.0992,1.2901
2023-07-12,138.21,1.1123,1.2993
2023-07-13,138.14,1.1194,1.3097
2023-07-14,138.74,1.1237,1.3113
2023-07-17,138.92,1.1236,1.3078
2023-07-18,138.94,1.1223,1.3054
2023-07-19,139.76,1.1195,1.2898
2023-07-20,140.39,1.1135,1.2849
2023-07-21,141.75,1.112,1.2854
2023-07-24,141.19,1.1083,1.2828
2023-07-25,140.91,1.105,1.2876
2023-07-26,140.41,1.1078,1.293
2023-07-27,141.03,1.0998,1.287
2023-07-28,140.72,1.1039,1.287
2023-07-31,142.18,1.102,1.2857
2023-08-01,143.34,1.0971,1.275
2023-08-02,143.21,1.0939,1.2712
2023-08-03,142.42,1.0947,1.2709
2023-08-04,141.79,1.1036,1.2775
2023-08-07,142.45,1.1,1.2769
2023-08-08,143.17,1.0951,1.2729
2023-08-09,143.58,1.0975,1.2715
2023-08-10,144.4,1.1016,1.2726
2023-08-11,144.94,1.0957,1.2694
2023-08-14,145.3,1.0922,1.2691
2023-08-15,145.4,1.0928,1.2745
2023-08-16,145.81,1.0904,1.2749
2023-08-17,146.16,1.0874,1.2753
2023-08-18,145.15,1.0875,1.2738
2023-08-21,146.26,1.0888,1.2737
2023-08-22,145.79,1.0846,1.2733
2023-08-23,144.62,1.0862,1.2715
2023-08-24,145.75,1.0826,1.2634
2023-08-25,146.38,1.0787,1.257
2023-08-28,146.4,1.081,1.2592
2023-08-29,146.01,1.0851,1.2614
2023-08-30,145.94,1.0926,1.2726
2023-08-31,145.68,1.0839,1.2667
2023-09-01,146.2,1.0787,1.2594
2023-09-04,,,
2023-09-05,147.63,1.0727,1.2583
2023-09-06,147.65,1.0714,1.2498
2023-09-07,147.13,1.0704,1.2485
2023-09-08,147.7,1.0709,1.2476
2023-09-11,146.46,1.0744,1.2529
2023-09-12,147.12,1.0726,1.2477
2023-09-13,147.45,1.0737,1.2488
2023-09-14,147.17,1.066,1.241
2023-09-15,147.83,1.0673,1.2392
2023-09-18,147.63,1.0695,1.2403
2023-09-19,147.8,1.0684,1.2393
2023-09-20,147.74,1.0715,1.2389
2023-09-21,147.42,1.0664,1.2299
2023-09-22,148.24,1.066,1.2257
2023-09-25,148.74,1.0591,1.2218
2023-09-26,148.9,1.0573,1.2168
2023-09-27,149.48,1.051,1.2133
2023-09-28,149.18,1.0578,1.2223
2023-09-29,149.43,1.0584,1.2214
2023-10-02,149.8,1.05,1.213
2023-10-03,149.16,1.0453,1.2069
2023-10-04,148.83,1.0518,1.2157
2023-10-05,148.49,1.0527,1.2171
2023-10-06,149.08,1.0596,1.2255
2023-10-09,,,
2023-10-10,148.62,1.0618,1.2288
2023-10-11,149.17,1.062,1.2304
2023-10-12,149.71,1.0553,1.2214
2023-10-13,149.62,1.0502,1.2139
2023-10-16,149.57,1.0546,1.2198
2023-10-17,149.71,1.0593,1.2206
2023-10-18,149.86,1.0532,1.215
2023-10-19,149.92,1.057,1.2145
2023-10-20,149.85,1.0592,1.2153
2023-10-23,149.78,1.0646,1.2235
2023-10-24,149.84,1.0595,1.217
2023-10-25,149.94,1.0583,1.214
2023-10-26,150.44,1.0532,1.2113
2023-10-27,149.6,1.0592,1.2151
2023-10-30,149.01,1.062,1.2157
2023-10-31,151.46,1.0568,1.2135
2023-11-01,150.96,1.0538,1.2127
2023-11-02,150.48,1.0618,1.2175
2023-11-03,149.36,1.0733,1.2374
2023-11-06,149.77,1.0747,1.2391
2023-11-07,150.47,1.0687,1.2296
2023-11-08,150.77,1.0715,1.2301
2023-11-09,151.04,1.071,1.2279
2023-11-10,,,
2023-11-13,151.56,1.07,1.2268
2023-11-14,150.75,1.0861,1.2483
2023-11-15,151.07,1.0853,1.2431
2023-11-16,150.59,1.0851,1.2423
2023-11-17,149.82,1.0879,1.243
2023-11-20,148.26,1.0945,1.2505
2023-11-21,147.88,1.0923,1.254
2023-11-22,149.67,1.0871,1.2468
2023-11-23,,,
2023-11-24,149.57,1.0934,1.2601
2023-11-27,148.89,1.0937,1.2613
2023-11-28,147.41,1.1007,1.2713
2023-11-29,147.39,1.0969,1.269
2023-11-30,147.87,1.0908,1.264
2023-12-01,147.0,1.0878,1.2682
2023-12-04,147.15,1.0824,1.2633
2023-12-05,147.26,1.0787,1.259
2023-12-06,147.16,1.079,1.2589
2023-12-07,144.1,1.0794,1.2582
2023-12-08,144.88,1.0746,1.2539
2023-12-11,146.41,1.0747,1.255
2023-12-12,145.45,1.079,1.2549
2023-12-13,145.17,1.0793,1.2527
2023-12-14,141.53,1.0997,1.2767
2023-12-15,141.8,1.0906,1.2709
2023-12-18,143.04,1.092,1.2632
2023-12-19,143.62,1.0977,1.2751
2023-12-20,143.77,1.0957,1.266
2023-12-21,142.16,1.099,1.2668
2023-12-22,142.6,1.1008,1.272
2023-12-25,,,
2023-12-26,142.48,1.1035,1.2709
2023-12-27,142.05,1.1114,1.2797
2023-12-28,141.08,1.1073,1.2743
2023-12-29,140.92,1.1062,1.2743
2024-01-01,,,
2024-01-02,141.89,1.0957,1.2632
2024-01-03,143.55,1.0909,1.2641
2024-01-04,144.59,1.0957,1.2692
2024-01-05,144.52,1.0957,1.274
2024-01-08,143.89,1.0976,1.2766
2024-01-09,144.35,1.0935,1.272
2024-01-10,145.68,1.096,1.273
2024-01-11,146.03,1.0943,1.2712
2024-01-12,144.86,1.0959,1.2746
2024-01-15,,,
2024-01-16,147.01,1.0882,1.2657
2024-01-17,148.39,1.0858,1.2666
2024-01-18,148.15,1.0863,1.2687
2024-01-19,148.21,1.0887,1.2677
2024-01-22,147.95,1.0895,1.2728
2024-01-23,148.55,1.0829,1.2661
2024-01-24,147.31,1.0901,1.2754
2024-01-25,147.69,1.0837,1.27
2024-01-26,147.94,1.0866,1.272
2024-01-29,147.65,1.0807,1.2681
2024-01-30,147.71,1.0844,1.2683
2024-01-31,146.26,1.0855,1.2733
2024-02-01,146.18,1.0865,1.2727
2024-02-02,148.54,1.0787,1.2627
2024-02-05,148.79,1.0736,1.2532
2024-02-06,148.03,1.0751,1.2589
2024-02-07,148.04,1.0769,1.2629
2024-02-08,149.25,1.0774,1.262
2024-02-09,149.38,1.0782,1.2628
2024-02-12,149.37,1.0774,1.2631
2024-02-13,150.72,1.072,1.2606
2024-02-14,150.5,1.0735,1.2562
2024-02-15,150.19,1.0761,1.258
2024-02-16,150.34,1.0769,1.259
2024-02-19,,,
2024-02-20,149.87,1.0814,1.2645
2024-02-21,150.29,1.0818,1.2624
2024-02-22,150.62,1.0815,1.2649
2024-02-23,150.36,1.0828,1.2678
2024-02-26,150.79,1.0855,1.2681
2024-02-27,150.46,1.0857,1.2693
2024-02-28,150.68,1.0843,1.267
2024-02-29,149.9,1.0807,1.2632
2024-03-01,150.2,1.0832,1.2652
2024-03-04,150.44,1.0862,1.2701
2024-03-05,150.14,1.0861,1.2712
2024-03-06,149.17,1.0913,1.2757
2024-03-07,148.08,1.0941,1.2796
2024-03-08,147.17,1.0941,1.2852
2024-03-11,146.86,1.0928,1.2807
2024-03-12,147.69,1.0918,1.2786
2024-03-13,147.73,1.0944,1.2799
2024-03-14,148.19,1.0888,1.2749
2024-03-15,149.14,1.0888,1.2742
2024-03-18,149.13,1.0886,1.2736
2024-03-19,150.73,1.0859,1.2713
2024-03-20,151.66,1.0856,1.2713
2024-03-21,151.59,1.0861,1.267
2024-03-22,151.35,1.0817,1.2603
2024-03-25,151.42,1.0837,1.2648
2024-03-26,151.58,1.0829,1.263
2024-03-27,151.35,1.0821,1.2631
2024-03-28,151.35,1.0801,1.2634
2024-03-29,151.22,1.0791,1.2637
2024-04-01,151.72,1.0733,1.2545
2024-04-02,151.55,1.0769,1.2576
2024-04-03,151.67,1.0827,1.2635
2024-04-04,151.66,1.0865,1.2669
2024-04-05,151.59,1.0841,1.2633
2024-04-08,151.78,1.0853,1.2655
2024-04-09,151.73,1.0856,1.2676
2024-04-10,152.9,1.0737,1.2544
2024-04-11,153.19,1.0722,1.2535
2024-04-12,153.12,1.0647,1.2457
2024-04-15,154.25,1.0644,1.2466
2024-04-16,154.57,1.0628,1.2437
2024-04-17,154.61,1.0644,1.2443
2024-04-18,154.61,1.066,1.2465
2024-04-19,154.55,1.0655,1.2397
2024-04-22,154.77,1.0655,1.2341
2024-04-23,154.81,1.0695,1.2434
2024-04-24,155.11,1.0687,1.2434
2024-04-25,155.52,1.0721,1.2494
2024-04-26,157.62,1.0686,1.2474
2024-04-29,156.71,1.0717,1.2553
2024-04-30,157.54,1.0684,1.2514
2024-05-01,157.65,1.068,1.2488
2024-05-02,153.77,1.0706,1.2507
2024-05-03,152.85,1.077,1.255
2024-05-06,153.85,1.0779,1.2575
2024-05-07,154.59,1.0767,1.2535
2024-05-08,155.42,1.0755,1.2503
2024-05-09,155.68,1.0771,1.2505
2024-05-10,155.85,1.0773,1.2528
2024-05-13,156.17,1.0796,1.2563
2024-05-14,156.5,1.0818,1.2588
2024-05-15,155.02,1.086,1.2658
2024-05-16,155.25,1.0875,1.2682
2024-05-17,155.57,1.0869,1.2703
2024-05-20,156.09,1.0861,1.2708
2024-05-21,156.08,1.0855,1.271
2024-05-22,156.49,1.0836,1.2739
2024-05-23,157.05,1.0827,1.2717
2024-05-24,156.9,1.0852,1.2746
2024-05-27,,,
2024-05-28,156.9,1.0879,1.2786
2024-05-29,157.62,1.0811,1.2714
2024-05-30,156.63,1.0837,1.2739
2024-05-31,157.19,1.0846,1.2738
2024-06-03,156.04,1.089,1.2795
2024-06-04,154.87,1.0878,1.2785
2024-06-05,156.21,1.0865,1.2771
2024-06-06,155.98,1.0883,1.2786
2024-06-07,156.58,1.0807,1.2727
2024-06-10,156.93,1.0751,1.2733
2024-06-11,157.32,1.0733,1.2725
2024-06-12,155.88,1.0843,1.2843
2024-06-13,156.77,1.0756,1.2764
2024-06-14,157.28,1.0699,1.2685
2024-06-17,157.8,1.0723,1.2689
2024-06-18,157.81,1.0739,1.2699
2024-06-19,,,
2024-06-20,158.77,1.0708,1.2671
2024-06-21,159.45,1.0694,1.2645
2024-06-24,159.71,1.0727,1.2684
2024-06-25,159.68,1.0705,1.2677
2024-06-26,160.68,1.0682,1.2625
2024-06-27,160.7,1.0708,1.2653
2024-06-28,160.88,1.0711,1.264
2024-07-01,161.55,1.0728,1.265
2024-07-02,161.53,1.0737,1.2679
2024-07-03,161.48,1.0799,1.2766
2024-07-04,,,
2024-07-05,160.73,1.0828,1.2807
2024-07-08,160.77,1.0835,1.2829
2024-07-09,161.4,1.0813,1.2787
2024-07-10,161.73,1.0823,1.2842
2024-07-11,158.58,1.087,1.292
2024-07-12,157.88,1.0902,1.2986
2024-07-15,157.89,1.0912,1.2986
2024-07-16,158.57,1.0885,1.2958
2024-07-17,156.56,1.0933,1.3008
2024-07-18,156.97,1.0913,1.2973
2024-07-19,157.38,1.0888,1.2922
2024-07-22,157.08,1.088,1.2911
2024-07-23,156.02,1.0855,1.2916
2024-07-24,153.39,1.0853,1.2925
2024-07-25,153.97,1.0861,1.2884
2024-07-26,153.86,1.0859,1.2864
2024-07-29,153.96,1.0819,1.2853
2024-07-30,153.72,1.0809,1.2828
2024-07-31,150.38,1.0823,1.284
2024-08-01,150.06,1.0789,1.2772
2024-08-02,146.98,1.0914,1.2798
2024-08-05,143.95,1.0957,1.2765
2024-08-06,145.11,1.0926,1.2695
2024-08-07,147.42,1.0925,1.2718
2024-08-08,147.08,1.0914,1.2741
2024-08-09,146.49,1.0925,1.2766
2024-08-12,147.54,1.0928,1.2776
2024-08-13,146.97,1.0954,1.2828
2024-08-14,146.86,1.1024,1.2849
2024-08-15,148.91,1.0986,1.2863
2024-08-16,148.13,1.0996,1.2906
2024-08-19,146.42,1.107,1.2984
2024-08-20,145.7,1.1106,1.3027
2024-08-21,145.19,1.1143,1.3077
2024-08-22,145.97,1.1114,1.3094
2024-08-23,144.86,1.1176,1.3197
2024-08-26,144.51,1.1164,1.3185
2024-08-27,144.26,1.116,1.3235
2024-08-28,144.47,1.1127,1.3201
2024-08-29,144.98,1.1086,1.3186
2024-08-30,145.95,1.106,1.3132
2024-09-02,,,
2024-09-03,145.82,1.1043,1.3103
2024-09-04,144.31,1.1081,1.3142
2024-09-05,143.43,1.1096,1.3165
2024-09-06,142.13,1.1086,1.3136
2024-09-09,142.92,1.1042,1.3083
2024-09-10,142.28,1.1025,1.3065
2024-09-11,141.72,1.1012,1.3027
2024-09-12,142.24,1.1041,1.3081
2024-09-13,140.66,1.1085,1.314
2024-09-16,140.79,1.1123,1.3202
2024-09-17,141.77,1.1118,1.3164
2024-09-18,141.93,1.1116,1.3199
2024-09-19,142.88,1.1147,1.3279
2024-09-20,143.9,1.1159,1.3305
2024-09-23,143.59,1.113,1.3351
2024-09-24,143.77,1.115,1.3376
2024-09-25,144.41,1.1143,1.3338
2024-09-26,144.68,1.1184,1.3428
2024-09-27,142.6,1.1159,1.3394
2024-09-30,143.25,1.1145,1.3399
2024-10-01,143.66,1.1067,1.3282
2024-10-02,146.05,1.105,1.3271
2024-10-03,146.82,1.1015,1.3114
2024-10-04,148.69,1.0961,1.3107
2024-10-07,148.13,1.0976,1.308
2024-10-08,148.22,1.097,1.3093
2024-10-09,149.2,1.0951,1.308
2024-10-10,148.56,1.0925,1.3053
2024-10-11,149.12,1.0942,1.307
2024-10-14,,,
2024-10-15,149.22,1.0899,1.3083
2024-10-16,149.71,1.0873,1.3
2024-10-17,150.12,1.0837,1.3008
2024-10-18,149.58,1.0854,1.3022
2024-10-21,150.47,1.082,1.298
2024-10-22,151.11,1.0805,1.2969
2024-10-23,152.81,1.0779,1.2944
2024-10-24,151.87,1.0806,1.2964
2024-10-25,152.08,1.0813,1.2978
2024-10-28,153.21,1.0819,1.2981
2024-10-29,153.47,1.0798,1.3005
2024-10-30,153.15,1.0864,1.3012
2024-10-31,152.35,1.0855,1.2856
2024-11-01,152.94,1.0848,1.2959
2024-11-04,152.02,1.0884,1.2942
2024-11-05,151.96,1.092,1.3015
2024-11-06,154.58,1.0732,1.2897
2024-11-07,153.13,1.0792,1.2985
2024-11-08,152.58,1.071,1.2905
2024-11-11,,,
2024-11-12,154.73,1.0598,1.2733
2024-11-13,155.28,1.0567,1.2709
2024-11-14,155.96,1.0562,1.2706
2024-11-15,154.59,1.0552,1.2629
2024-11-18,154.78,1.0586,1.2664
2024-11-19,154.34,1.0578,1.2667
2024-11-20,155.38,1.0521,1.2639
2024-11-21,154.66,1.0475,1.2586
2024-11-22,154.73,1.0399,1.2516
2024-11-25,154.29,1.0478,1.2554
2024-11-26,153.49,1.0481,1.2547
2024-11-27,150.69,1.0575,1.2678
2024-11-28,,,
2024-11-29,150.41,1.0547,1.2699
2024-12-02,149.26,1.0484,1.2639
2024-12-03,149.12,1.0518,1.2677
2024-12-04,150.18,1.0527,1.2712
2024-12-05,150.19,1.0571,1.2754
2024-12-06,149.78,1.0563,1.2744
2024-12-09,151.24,1.057,1.2783
2024-12-10,152.05,1.0512,1.2758
2024-12-11,152.34,1.0508,1.2763
2024-12-12,152.07,1.0514,1.2715
2024-12-13,153.74,1.0498,1.2629
2024-12-16,154.18,1.0512,1.269
2024-12-17,153.41,1.0506,1.2718
2024-12-18,154.0,1.0469,1.2696
2024-12-19,157.73,1.0357,1.253
2024-12-20,156.11,1.043,1.2587
2024-12-23,157.04,1.0409,1.2529
2024-12-24,157.29,1.0388,1.2528
2024-12-25,,,
2024-12-26,158.01,1.0423,1.2522
2024-12-27,157.73,1.0423,1.2573
2024-12-30,157.26,1.0386,1.2523
2024-12-31,157.37,1.0351,1.2521
2025-01-01,,,
2025-01-02,157.65,1.0261,1.2376
2025-01-03,157.2,1.0292,1.2419
2025-01-06,157.54,1.0397,1.253
2025-01-07,157.82,1.0369,1.2499
2025-01-08,158.31,1.0313,1.2366
2025-01-09,158.01,1.0298,1.2303
2025-01-10,157.68,1.0238,1.2215
2025-01-13,157.51,1.0209,1.2158
2025-01-14,157.95,1.0292,1.2188
2025-01-15,156.6,1.0282,1.2214
2025-01-16,155.44,1.0303,1.2246
2025-01-17,156.3,1.0287,1.2181
2025-01-20,,,
2025-01-21,155.49,1.0423,1.2331
2025-01-22,156.62,1.042,1.2324
2025-01-23,156.0,1.042,1.2347
2025-01-24,155.58,1.0515,1.2496
2025-01-27,154.22,1.0492,1.2479
2025-01-28,155.65,1.0427,1.2433
2025-01-29,155.22,1.0416,1.2435
2025-01-30,154.42,1.042,1.2453
2025-01-31,154.91,1.04,1.2447
2025-02-03,154.68,1.0277,1.2389
2025-02-04,154.56,1.0379,1.2487
2025-02-05,152.33,1.0419,1.2516
2025-02-06,152.04,1.0368,1.2435
2025-02-07,151.3,1.0329,1.2396
2025-02-10,151.72,1.0312,1.2385
2025-02-11,152.37,1.0346,1.2423
2025-02-12,154.62,1.0392,1.2444
2025-02-13,153.18,1.0428,1.2528
2025-02-14,152.25,1.0498,1.2609
2025-02-17,,,
2025-02-18,151.79,1.0457,1.2614
2025-02-19,151.67,1.0406,1.2571
2025-02-20,149.63,1.0475,1.2643
2025-02-21,149.49,1.0455,1.2647
2025-02-24,149.57,1.0478,1.264
2025-02-25,149.09,1.0498,1.2652
2025-02-26,149.13,1.0514,1.2696
2025-02-27,149.8,1.0414,1.2628
2025-02-28,150.64,1.0402,1.2591
2025-03-03,150.16,1.0496,1.2711
2025-03-04,148.81,1.0534,1.2726
2025-03-05,148.82,1.0768,1.2864
2025-03-06,147.9,1.0818,1.2894
2025-03-07,147.13,1.0859,1.2918
2025-03-10,147.15,1.0837,1.2909
2025-03-11,147.48,1.0927,1.2948
2025-03-12,148.32,1.0925,1.297
2025-03-13,147.71,1.0859,1.2945
2025-03-14,148.51,1.0872,1.2917
2025-03-17,148.56,1.0922,1.2988
2025-03-18,149.49,1.0927,1.2987
2025-03-19,150.02,1.0877,1.2969
2025-03-20,148.84,1.0848,1.2973
2025-03-21,148.98,1.0806,1.2896
2025-03-24,150.74,1.0794,1.2913
2025-03-25,149.77,1.0804,1.2948
2025-03-26,150.69,1.0781,1.2889
2025-03-27,150.97,1.08,1.2963
2025-03-28,150.26,1.0826,1.2942
2025-03-31,149.9,1.0796,1.2896
2025-04-01,149.4,1.08,1.2923
2025-04-02,149.98,1.0868,1.2974
2025-04-03,146.04,1.1052,1.3113
2025-04-04,145.93,1.1014,1.2927
2025-04-07,147.96,1.0912,1.2729
2025-04-08,147.02,1.0912,1.2769
2025-04-09,145.09,1.104,1.2771
2025-04-10,144.34,1.1192,1.294
2025-04-11,143.57,1.1325,1.3051
2025-04-14,142.96,1.1358,1.3176
2025-04-15,143.1,1.129,1.3223
2025-04-16,142.56,1.1382,1.3247
2025-04-17,142.33,1.1364,1.3259
2025-04-18,142.22,1.139,1.3279
2025-04-21,140.81,1.1508,1.3385
2025-04-22,140.87,1.1466,1.3376
2025-04-23,142.64,1.135,1.3256
2025-04-24,142.64,1.1363,1.3309
2025-04-25,143.75,1.1381,1.3331
2025-04-28,142.7,1.1387,1.3395
2025-04-29,142.29,1.1396,1.3397
2025-04-30,142.63,1.1349,1.3344
2025-05-01,145.48,1.1279,1.3273
2025-05-02,144.52,1.133,1.3283
2025-05-05,143.98,1.1315,1.3284
2025-05-06,142.76,1.1345,1.3369
2025-05-07,143.47,1.1348,1.3344
2025-05-08,145.46,1.1249,1.3287
2025-05-09,145.15,1.127,1.3318
2025-05-12,148.09,1.1106,1.3194
2025-05-13,147.75,1.1176,1.328
2025-05-14,146.54,1.1206,1.3303
2025-05-15,145.61,1.1189,1.3292
2025-05-16,146.02,1.1141,1.3257
2025-05-19,144.99,1.1236,1.3357
2025-05-20,144.72,1.1254,1.3371
2025-05-21,143.68,1.1343,1.3447
2025-05-22,143.89,1.1281,1.3426
2025-05-23,142.61,1.135,1.3511
2025-05-26,,,
2025-05-27,144.37,1.1326,1.3505
2025-05-28,145.04,1.1286,1.3462
2025-05-29,144.09,1.137,1.3489
2025-05-30,144.18,1.1347,1.3468
2025-06-02,142.76,1.1432,1.3549
2025-06-03,143.93,1.1373,1.352
2025-06-04,142.91,1.1424,1.357
2025-06-05,143.87,1.144,1.3584
2025-06-06,144.87,1.1397,1.3532
2025-06-09,144.37,1.1425,1.3563
2025-06-10,144.91,1.1423,1.3508
2025-06-11,144.48,1.149,1.3556
2025-06-12,143.64,1.1578,1.3589
2025-06-13,144.04,1.1557,1.3594
2025-06-16,144.14,1.1581,1.36
2025-06-17,145.04,1.1535,1.3516
2025-06-18,144.58,1.1521,1.3471
2025-06-19,,,
2025-06-20,145.92,1.152,1.3465
2025-06-23,146.47,1.1538,1.3491
2025-06-24,144.9,1.1608,1.3616
2025-06-25,145.59,1.162,1.3626
2025-06-26,144.34,1.1717,1.3754
2025-06-27,144.74,1.1724,1.372
2025-06-30,144.17,1.177,1.3722
2025-07-01,143.58,1.1776,1.3728
2025-07-02,143.76,1.179,1.3623
2025-07-03,144.96,1.1758,1.3656
2025-07-04,,,
2025-07-07,145.86,1.1733,1.3638
2025-07-08,146.81,1.1707,1.3575
2025-07-09,146.53,1.1707,1.3585
2025-07-10,146.46,1.1688,1.3569
2025-07-11,147.29,1.1696,1.3503
2025-07-14,147.69,1.1672,1.3437
2025-07-15,148.75,1.1619,1.3396
2025-07-16,148.08,1.1629,1.3426
2025-07-17,148.55,1.1597,1.3413
2025-07-18,148.55,1.1645,1.3439
2025-07-21,147.27,1.1705,1.3498
2025-07-22,146.36,1.1749,1.3522
2025-07-23,146.55,1.1748,1.3566
2025-07-24,146.92,1.1765,1.3524
2025-07-25,147.77,1.173,1.3429
2025-07-28,148.45,1.1609,1.3393
2025-07-29,148.57,1.1534,1.3339
2025-07-30,149.07,1.147,1.3274
2025-07-31,150.6,1.1431,1.322
2025-08-01,148.06,1.1555,1.3259
2025-08-04,147.09,1.1568,1.329
2025-08-05,147.49,1.158,1.3309
2025-08-06,147.25,1.1647,1.336
2025-08-07,147.35,1.1641,1.3434
2025-08-08,147.7,1.166,1.3444
2025-08-11,147.99,1.1607,1.3414
2025-08-12,147.8,1.1673,1.3509
2025-08-13,147.25,1.1715,1.3572
2025-08-14,147.69,1.1644,1.3532
2025-08-15,147.0,1.1708,1.3565
2025-08-18,147.76,1.1667,1.3521
2025-08-19,147.72,1.166,1.3496
2025-08-20,147.19,1.1649,1.345
2025-08-21,148.35,1.1605,1.3417
2025-08-22,146.82,1.1713,1.3528
2025-08-25,147.61,1.167,1.3491
2025-08-26,147.3,1.1657,1.3485
2025-08-27,147.75,1.1611,1.3468
2025-08-28,146.98,1.1672,1.3516
2025-08-29,146.9,1.1695,1.3511
2025-09-01,,,
2025-09-02,148.23,1.1653,1.3392
2025-09-03,147.97,1.1676,1.3448
2025-09-04,148.63,1.1648,1.3441
2025-09-05,146.84,1.1759,1.3543
2025-09-08,147.58,1.1751,1.355
2025-09-09,147.23,1.1723,1.3533
2025-09-10,147.37,1.1714,1.3548
2025-09-11,147.17,1.1732,1.3568
2025-09-12,147.85,1.1714,1.3547
2025-09-15,147.27,1.1772,1.3609
2025-09-16,146.56,1.1848,1.3654
2025-09-17,146.36,1.1845,1.3661
2025-09-18,148.02,1.178,1.3552
2025-09-19,147.83,1.1753,1.3484
2025-09-22,147.83,1.1773,1.3505
2025-09-23,147.83,1.18,1.3518
2025-09-24,148.71,1.1742,1.345
2025-09-25,149.78,1.1673,1.3351
2025-09-26,149.52,1.1692,1.3404
2025-09-29,148.57,1.173,1.3433
2025-09-30,147.97,1.1735,1.3443
2025-10-01,147.16,1.1723,1.3474
2025-10-02,147.35,1.1696,1.3423
2025-10-03,147.33,1.1747,1.3481
2025-10-06,150.02,1.1707,1.3476
2025-10-07,151.17,1.1674,1.3441
2025-10-08,152.72,1.1606,1.339
2025-10-09,153.05,1.1559,1.3312
2025-10-10,151.94,1.1613,1.3343
2025-10-13,,,
2025-10-14,151.77,1.1608,1.3321
2025-10-15,151.21,1.1638,1.3396
2025-10-16,150.75,1.1665,1.3425
2025-10-17,150.33,1.1674,1.3425
2025-10-20,150.59,1.1656,1.342
2025-10-21,151.72,1.1616,1.3391
2025-10-22,151.79,1.1612,1.3372
2025-10-23,152.72,1.1612,1.3323
2025-10-24,152.82,1.1626,1.3298
2025-10-27,153.09,1.1636,1.3331
2025-10-28,152.14,1.1659,1.328
2025-10-29,151.91,1.1664,1.3243
2025-10-30,154.17,1.1564,1.3147
2025-10-31,154.05,1.1541,1.3141
2025-11-03,154.13,1.1531,1.315
2025-11-04,153.55,1.1491,1.3044
2025-11-05,154.11,1.1485,1.3051
2025-11-06,152.97,1.1539,1.3107
2025-11-07,153.06,1.1578,1.3165
2025-11-10,153.99,1.1545,1.3157
2025-11-11,,,
2025-11-12,154.64,1.1592,1.3131
2025-11-13,154.4,1.1649,1.3214
2025-11-14,154.64,1.1617,1.3156
2025-11-17,155.2,1.1598,1.3179
2025-11-18,155.44,1.1579,1.3152
2025-11-19,156.63,1.154,1.3077
2025-11-20,157.41,1.1534,1.3079
2025-11-21,156.58,1.1506,1.31
2025-11-24,156.94,1.1518,1.3096
2025-11-25,156.3,1.1553,1.3174
2025-11-26,156.38,1.1591,1.3228
2025-11-27,,,
2025-11-28,156.17,1.16,1.3239
2025-12-01,155.28,1.1623,1.3229
2025-12-02,155.92,1.1596,1.3186
2025-12-03,155.17,1.166,1.3334
2025-12-04,154.9,1.1659,1.3355
2025-12-05,155.3,1.1635,1.3324
2025-12-08,155.89,1.1626,1.3321
2025-12-09,156.85,1.1639,1.332
2025-12-10,156.33,1.165,1.334
2025-12-11,155.15,1.1756,1.3428
2025-12-12,155.81,1.1731,1.3351
2025-12-15,155.29,1.1756,1.338
2025-12-16,154.8,1.177,1.3429
2025-12-17,155.6,1.1748,1.339
2025-12-18,155.53,1.1729,1.3389
2025-12-19,157.43,1.1721,1.3379
2025-12-22,156.93,1.175,1.3457
2025-12-23,156.33,1.1776,1.3485
2025-12-24,155.83,1.178,1.3505
2025-12-25,,,
2025-12-26,156.63,1.1766,1.3492
2025-12-29,156.1,1.1756,1.3497
2025-12-30,156.26,1.1765,1.348
2025-12-31,156.8,1.1736,1.3447
2026-01-01,,,
2026-01-02,156.72,1.1738,1.3481
2026-01-05,156.32,1.1715,1.3527
2026-01-06,156.7,1.1689,1.3497
2026-01-07,156.73,1.169,1.3474
2026-01-08,156.9,1.1655,1.343
2026-01-09,158.07,1.1634,1.3413
2026-01-12,158.15,1.1672,1.3466
2026-01-13,159.06,1.1646,1.3436
2026-01-14,158.13,1.1655,1.3445
2026-01-15,158.5,1.1605,1.3387
2026-01-16,158.02,1.1599,1.3384
2026-01-19,,,
2026-01-20,157.89,1.1739,1.3472
2026-01-21,158.16,1.1705,1.343
2026-01-22,158.36,1.1738,1.3489
2026-01-23,157.57,1.1771,1.359
2026-01-26,153.88,1.1886,1.3699
2026-01-27,153.03,1.198,1.3782
2026-01-28,153.6,1.1941,1.3787
2026-01-29,152.88,1.1943,1.3795
2026-01-30,154.34,1.1885,1.3729
2026-02-02,155.5,1.1807,1.3654
2026-02-03,155.7,1.1819,1.3701
2026-02-04,156.61,1.1803,1.3659
2026-02-05,156.91,1.1802,1.3551
2026-02-06,157.1,1.1812,1.3606
2026-02-09,156.08,1.1898,1.3667
2026-02-10,154.28,1.1898,1.3664
2026-02-11,152.93,1.1884,1.3654
2026-02-12,152.64,1.187,1.3632
2026-02-13,152.77,1.187,1.3644
2026-02-16,,,
2026-02-17,153.57,1.1831,1.354
2026-02-18,154.45,1.181,1.3536
2026-02-19,154.96,1.1762,1.3446
2026-02-20,154.99,1.1781,1.35
2026-02-23,154.3,1.1804,1.3509
2026-02-24,155.66,1.1789,1.3531
2026-02-25,156.3,1.1804,1.3552
2026-02-26,156.13,1.1792,1.3504
2026-02-27,156.05,1.1822,1.3455
2026-03-02,157.48,1.169,1.3393
2026-03-03,157.69,1.1604,1.333
2026-03-04,156.93,1.1638,1.337
2026-03-05,157.58,1.1585,1.332
2026-03-06,157.64,1.1606,1.3398
2026-03-09,158.08,1.1592,1.3395
2026-03-10,157.6,1.1648,1.346
2026-03-11,158.83,1.1566,1.3399
2026-03-12,159.21,1.1522,1.335
2026-03-13,159.54,1.1444,1.324
2026-03-16,159.3,1.1487,1.3302
2026-03-17,159.03,1.1525,1.3345
2026-03-18,159.48,1.1513,1.3323
2026-03-19,158.19,1.1515,1.3361
2026-03-20,159.26,1.1543,1.3303
2026-03-23,158.7,1.1587,1.3385
2026-03-24,158.9,1.1578,1.3383
2026-03-25,159.2,1.157,1.3373
2026-03-26,159.65,1.1542,1.3353
2026-03-27,160.16,1.152,1.3293
2026-03-30,159.49,1.1454,1.3191
2026-03-31,159.08,1.1518,1.3184
2026-04-01,158.63,1.1614,1.3331
2026-04-02,159.34,1.1546,1.3241
2026-04-03,159.64,1.1523,1.3202
2026-04-06,159.71,1.1545,1.3235
2026-04-07,159.9,1.1571,1.324
2026-04-08,158.39,1.1686,1.3439
2026-04-09,158.87,1.1706,1.3443
2026-04-10,159.22,1.1723,1.346
2026-04-13,159.74,1.171,1.3459
2026-04-14,158.91,1.1791,1.3563
2026-04-15,159.02,1.1799,1.3569
2026-04-16,159.07,1.1783,1.354
2026-04-17,158.1,1.1801,1.3556
2026-04-20,158.66,1.1785,1.3542
2026-04-21,159.39,1.1752,1.3512
2026-04-22,159.49,1.1714,1.3505
2026-04-23,159.44,1.1704,1.3495
2026-04-24,159.35,1.1718,1.3518
2026-04-27,159.29,1.1731,1.3553
2026-04-28,159.53,1.1715,1.3513
2026-04-29,160.23,1.1695,1.3493
2026-04-30,156.66,1.1729,1.358
2026-05-01,156.76,1.1755,1.3621
2026-05-04,157.21,1.1698,1.3535
2026-05-05,157.68,1.1707,1.3576
2026-05-06,156.44,1.1753,1.3597
2026-05-07,156.48,1.1764,1.3612
2026-05-08,156.64,1.1773,1.3625
2026-05-11,157.04,1.178,1.3651
2026-05-12,157.71,1.1733,1.3528
2026-05-13,157.84,1.1711,1.352
2026-05-14,158.08,1.1678,1.348
2026-05-15,158.69,1.1627,1.3332
2026-05-18,158.83,1.1649,1.342
2026-05-19,159.11,1.1602,1.3401
2026-05-20,158.84,1.162,1.3441
2026-05-21,159.16,1.1589,1.3407
2026-05-22,159.2,1.1603,1.3439
2026-05-25,,,
2026-05-26,159.36,1.162,1.3437
2026-05-27,159.47,1.1631,1.3431
2026-05-28,159.29,1.1649,1.3438
2026-05-29,159.23,1.1679,1.3476
2026-06-01,159.66,1.1624,1.3451
2026-06-02,159.86,1.1642,1.3481
2026-06-03,159.97,1.1605,1.3435
2026-06-04,159.97,1.1629,1.3441
2026-06-05,160.26,1.1533,1.336
2026-06-08,160.12,1.1545,1.3347
2026-06-09,160.23,1.1556,1.3389
2026-06-10,160.47,1.155,1.3392
2026-06-11,160.51,1.1515,1.3337
2026-06-12,160.24,1.1573,1.3414
2026-06-15,160.2,1.1599,1.3426
2026-06-16,160.39,1.1615,1.3438
2026-06-17,160.22,1.1593,1.34
2026-06-18,161.37,1.147,1.3228
2026-06-19,,,
2026-06-22,161.51,1.1432,1.3249
2026-06-23,161.55,1.1383,1.3192
2026-06-24,161.76,1.1348,1.316
2026-06-25,161.67,1.1385,1.3216
2026-06-26,161.67,1.1403,1.3223
2026-06-29,161.93,1.1425,1.3255
2026-06-30,162.61,1.1417,1.3259
2026-07-01,162.41,1.1384,1.328
2026-07-02,160.9,1.1448,1.3364
2026-07-03,,,
2026-07-06,162.28,1.1426,1.3369
2026-07-07,161.91,1.1423,1.3372
2026-07-08,162.67,1.1396,1.3362
2026-07-09,162.29,1.1439,1.3409
2026-07-10,161.31,1.1438,1.3421
2026-07-13,162.32,1.1402,1.3382
2026-07-14,162.14,1.1428,1.3383
2026-07-15,162.13,1.1436,1.3497
2026-07-16,162.42,1.1447,1.3485
2026-07-17,162.43,1.144,1.3446
2026-07-20,162.59,1.1411,1.342
2026-07-21,163.01,1.1408,1.3374
2026-07-22,163.08,1.1414,1.3378
2026-07-23,163.8,1.1373,1.3313
2026-07-24,163.71,1.1385,1.3344
2026-07-27,163.71,1.1376,1.3304
2026-07-28,163.65,1.1401,1.3311
2026-07-29,163.86,1.1384,1.3288
2026-07-30,159.47,1.1522,1.3463
2026-07-31,159.16,1.1519,1.347
2026-08-03,156.96,1.1509,1.3434
2026-08-04,157.44,1.1527,1.3456
2026-08-05,157.63,1.1547,1.3462
2026-08-06,158.45,1.1521,1.3456
2026-08-07,157.54,1.1559,1.3498
2026-08-10,158.9,1.1552,1.3526
2026-08-11,159.25,1.1543,1.3516
2026-08-12,159.23,1.154,1.3511
2026-08-13,159.35,1.1531,1.3497
2026-08-14,159.21,1.1581,1.3556
2026-08-17,159.34,1.1591,1.3564
2026-08-18,159.58,1.158,1.3543
2026-08-19,158.45,1.1664,1.3608
2026-08-20,158.85,1.1679,1.3639
2026-08-21,158.91,1.1684,1.3644
2026-08-24,159.17,1.1665,1.3631
2026-08-25,159.21,1.1673,1.3644
2026-08-26,159.36,1.1651,1.3595
2026-08-27,159.26,1.1654,1.36
2026-08-28,159.97,1.1598,1.3555
2026-08-31,159.74,1.1617,1.355
2026-09-01,160.03,1.1593,1.3527
2026-09-02,158.79,1.1592,1.3503
2026-09-03,155.39,1.1623,1.3536
2026-09-04,156.11,1.1618,1.3521
