Date,treasury_yield_3mo,treasury_yield_10y,treasury_yield_curve
1981-09-01,17.01,15.41,1.1038286826735886
1981-09-02,16.65,15.4,1.081168831168831
1981-09-03,16.96,15.48,1.0956072351421189
1981-09-04,16.64,15.51,1.072856221792392
1981-09-07,,,
1981-09-08,16.54,15.59,1.0609364977549711
1981-09-09,16.39,15.53,1.0553766902768835
1981-09-10,15.9,15.3,1.0392156862745099
1981-09-11,15.76,15.05,1.0471760797342191
1981-09-14,15.27,15.2,1.0046052631578948
1981-09-15,15.16,15.08,1.0053050397877985
1981-09-16,15.1,15.11,0.99933818663137
1981-09-17,15.18,14.95,1.0153846153846153
1981-09-18,15.07,14.91,1.010731052984574
1981-09-21,14.98,14.78,1.013531799729364
1981-09-22,15.51,15.03,1.031936127744511
1981-09-23,14.94,15.23,0.9809586342744583
1981-09-24,14.94,15.31,0.9758327890267798
1981-09-25,15.02,15.68,0.9579081632653061
1981-09-28,14.82,15.65,0.9469648562300319
1981-09-29,14.86,15.76,0.9428934010152284
1981-09-30,15.05,15.84,0.9501262626262627
1981-10-01,15.33,15.75,0.9733333333333334
1981-10-02,15.4,15.41,0.9993510707332901
1981-10-05,14.98,15.19,0.9861751152073733
1981-10-06,14.61,15.14,0.9649933949801849
1981-10-07,14.54,15.04,0.9667553191489362
1981-10-08,14.38,15.0,0.9586666666666667
1981-10-09,13.96,14.73,0.9477257298031229
1981-10-12,,,
1981-10-13,14.17,14.83,0.9554956169925826
1981-10-14,13.97,14.87,0.9394754539340956
1981-10-15,14.0,14.88,0.9408602150537634
1981-10-16,14.18,14.94,0.9491298527443106
1981-10-19,14.2,14.95,0.9498327759197325
1981-10-20,14.13,15.09,0.9363817097415508
1981-10-21,14.17,15.34,0.923728813559322
1981-10-22,13.98,15.38,0.9089726918075423
1981-10-23,13.87,15.3,0.9065359477124182
1981-10-26,13.96,15.6,0.8948717948717949
1981-10-27,14.02,15.54,0.9021879021879022
1981-10-28,13.93,15.44,0.9022020725388601
1981-10-29,13.74,15.06,0.9123505976095617
1981-10-30,13.33,14.63,0.9111414900888585
1981-11-02,13.34,14.57,0.9155799588194921
1981-11-03,,,
1981-11-04,12.87,14.18,0.9076163610719322
1981-11-05,12.73,14.19,0.8971106412966878
1981-11-06,12.21,13.94,0.8758967001434721
1981-11-09,11.72,13.39,0.8752800597460791
1981-11-10,11.74,13.4,0.8761194029850746
1981-11-11,,,
1981-11-12,11.07,13.19,0.8392721758908265
1981-11-13,11.32,13.18,0.858877086494689
1981-11-16,11.11,13.07,0.8500382555470543
1981-11-17,11.08,13.18,0.8406676783004553
1981-11-18,10.46,13.0,0.8046153846153847
1981-11-19,10.63,13.04,0.8151840490797547
1981-11-20,10.51,13.14,0.7998477929984779
1981-11-23,10.91,13.44,0.8117559523809524
1981-11-24,10.6,13.13,0.8073115003808072
1981-11-25,10.56,12.98,0.8135593220338984
1981-11-26,,,
1981-11-27,10.58,12.92,0.8188854489164087
1981-11-30,10.78,13.13,0.8210205635948209
1981-12-01,10.81,13.37,0.8085265519820495
1981-12-02,10.82,13.49,0.8020756115641215
1981-12-03,10.95,13.45,0.8141263940520446
1981-12-04,10.29,13.15,0.7825095057034219
1981-12-07,10.66,13.5,0.7896296296296297
1981-12-08,10.68,13.5,0.7911111111111111
1981-12-09,,13.64,
1981-12-10,11.13,13.8,0.8065217391304348
1981-12-11,11.33,13.84,0.8186416184971098
1981-12-14,11.4,13.62,0.8370044052863437
1981-12-15,11.35,13.55,0.8376383763837638
1981-12-16,11.38,13.53,0.8410938654841095
1981-12-17,11.62,13.71,0.8475565280816921
1981-12-18,11.33,13.51,0.8386380458919319
1981-12-21,11.56,13.83,0.8358640636297904
1981-12-22,11.51,14.02,0.8209700427960057
1981-12-23,11.94,14.14,0.8444130127298444
1981-12-24,11.57,14.01,0.8258386866523911
1981-12-25,,,
1981-12-28,11.75,14.01,0.8386866523911491
1981-12-29,12.22,14.12,0.8654390934844194
1981-12-30,11.86,14.17,0.8369795342272406
1981-12-31,11.54,13.98,0.8254649499284692
1982-01-01,,,
1982-01-04,11.87,14.19,0.8365045806906272
1982-01-05,12.2,14.44,0.8448753462603877
1982-01-06,12.16,14.59,0.8334475668265936
1982-01-07,12.17,14.63,0.8318523581681476
1982-01-08,11.98,14.48,0.8273480662983426
1982-01-11,12.49,14.81,0.8433490884537475
1982-01-12,12.52,14.62,0.8563611491108072
1982-01-13,12.7,14.83,0.8563722184760619
1982-01-14,13.17,14.7,0.8959183673469389
1982-01-15,12.74,14.82,0.8596491228070176
1982-01-18,13.41,14.75,0.9091525423728813
1982-01-19,13.13,14.8,0.8871621621621621
1982-01-20,13.51,14.81,0.912221471978393
1982-01-21,13.65,14.62,0.9336525307797539
1982-01-22,13.63,14.69,0.9278420694349899
1982-01-25,14.06,14.62,0.9616963064295486
1982-01-26,13.65,14.54,0.93878954607978
1982-01-27,13.4,14.51,0.923501033769814
1982-01-28,12.84,14.29,0.8985304408677397
1982-01-29,13.08,14.14,0.925035360678925
1982-02-01,14.77,14.58,1.0130315500685871
1982-02-02,14.49,14.47,1.0013821700069108
1982-02-03,14.64,14.69,0.9965963240299525
1982-02-04,14.38,14.76,0.9742547425474255
1982-02-05,14.63,14.65,0.9986348122866895
1982-02-08,15.04,14.88,1.010752688172043
1982-02-09,14.91,14.95,0.9973244147157191
1982-02-10,14.88,14.81,1.0047265361242403
1982-02-11,15.06,14.71,1.0237933378653976
1982-02-12,,,
1982-02-15,,,
1982-02-16,15.49,14.53,1.0660701995870614
1982-02-17,15.31,14.5,1.0558620689655174
1982-02-18,14.58,14.28,1.0210084033613447
1982-02-19,14.17,14.24,0.9950842696629213
1982-02-22,13.13,13.87,0.9466474405191061
1982-02-23,12.93,13.93,0.9282124910265613
1982-02-24,12.83,13.87,0.9250180245133381
1982-02-25,12.79,13.91,0.9194823867721064
1982-02-26,13.0,14.03,0.9265858873841768
1982-03-01,12.81,13.85,0.9249097472924188
1982-03-02,13.22,13.74,0.9621542940320233
1982-03-03,12.85,13.69,0.9386413440467495
1982-03-04,12.85,13.61,0.9441587068332109
1982-03-05,12.86,13.59,0.9462840323767476
1982-03-08,12.68,13.67,0.9275786393562545
1982-03-09,12.93,13.69,0.9444850255661067
1982-03-10,13.0,13.73,0.9468317552804079
1982-03-11,13.24,13.95,0.9491039426523298
1982-03-12,13.4,13.97,0.9591982820329277
1982-03-15,13.47,13.96,0.9648997134670487
1982-03-16,13.33,13.91,0.9583033788641265
1982-03-17,13.36,13.88,0.9625360230547549
1982-03-18,13.45,13.87,0.969718817591925
1982-03-19,13.69,13.89,0.9856011519078473
1982-03-22,13.26,13.74,0.965065502183406
1982-03-23,13.11,13.72,0.955539358600583
1982-03-24,13.39,13.91,0.9626168224299065
1982-03-25,13.35,13.9,0.9604316546762589
1982-03-26,13.69,14.01,0.9771591720199857
1982-03-29,14.16,14.16,1.0
1982-03-30,14.15,14.19,0.9971811134601832
1982-03-31,13.99,14.18,0.9866008462623413
1982-04-01,13.87,14.1,0.9836879432624113
1982-04-02,13.95,14.1,0.9893617021276595
1982-04-05,13.76,14.16,0.9717514124293785
1982-04-06,13.77,14.18,0.9710860366713681
1982-04-07,13.8,14.18,0.9732016925246827
1982-04-08,13.74,13.98,0.9828326180257511
1982-04-09,,,
1982-04-12,13.43,13.83,0.9710773680404916
1982-04-13,13.33,13.83,0.9638467100506146
1982-04-14,13.44,13.95,0.9634408602150538
1982-04-15,13.47,13.91,0.9683680805176133
1982-04-16,13.21,13.71,0.9635302698760029
1982-04-19,13.04,13.66,0.9546120058565153
1982-04-20,13.07,13.72,0.9526239067055393
1982-04-21,12.73,13.69,0.9298758217677138
1982-04-22,12.99,13.71,0.9474835886214441
1982-04-23,12.99,13.69,0.9488677867056245
1982-04-26,13.17,13.7,0.9613138686131387
1982-04-27,13.04,13.7,0.9518248175182482
1982-04-28,13.09,13.77,0.9506172839506173
1982-04-29,13.2,13.87,0.9516943042537851
1982-04-30,13.15,13.87,0.9480894015861573
1982-05-03,13.46,13.95,0.9648745519713263
1982-05-04,13.6,13.87,0.980533525594809
1982-05-05,13.39,13.8,0.9702898550724638
1982-05-06,13.08,13.54,0.9660265878877401
1982-05-07,13.02,13.48,0.9658753709198813
1982-05-10,13.21,13.49,0.9792438843587843
1982-05-11,12.97,13.46,0.9635958395245171
1982-05-12,13.05,13.59,0.9602649006622517
1982-05-13,13.09,13.62,0.9610866372980911
1982-05-14,12.92,13.48,0.9584569732937686
1982-05-17,13.02,13.57,0.9594694178334561
1982-05-18,12.88,13.6,0.9470588235294118
1982-05-19,12.47,13.64,0.9142228739002932
1982-05-20,12.0,13.53,0.8869179600886918
1982-05-21,11.99,13.52,0.8868343195266273
1982-05-24,11.99,13.58,0.8829160530191458
1982-05-25,12.07,13.62,0.8861967694566815
1982-05-26,12.04,13.68,0.8801169590643274
1982-05-27,12.06,13.72,0.8790087463556852
1982-05-28,11.97,13.71,0.8730853391684902
1982-05-31,,,
1982-06-01,12.55,13.93,0.9009332376166548
1982-06-02,12.69,13.86,0.9155844155844156
1982-06-03,12.63,13.9,0.9086330935251798
1982-06-04,12.78,13.98,0.9141630901287553
1982-06-07,12.71,13.94,0.911764705882353
1982-06-08,12.79,13.98,0.9148783977110156
1982-06-09,12.62,13.99,0.902072909220872
1982-06-10,12.52,14.02,0.8930099857346647
1982-06-11,12.55,13.93,0.9009332376166548
1982-06-14,12.88,14.21,0.9064039408866995
1982-06-15,12.93,14.21,0.9099225897255453
1982-06-16,13.03,14.26,0.9137447405329593
1982-06-17,13.15,14.48,0.9081491712707183
1982-06-18,13.31,14.62,0.9103967168262654
1982-06-21,13.11,14.63,0.8961038961038961
1982-06-22,13.37,14.66,0.9120054570259208
1982-06-23,13.67,14.74,0.9274084124830393
1982-06-24,13.6,14.71,0.9245411284840244
1982-06-25,13.87,14.76,0.9397018970189701
1982-06-28,13.81,14.73,0.9375424304141209
1982-06-29,13.8,14.61,0.9445585215605751
1982-06-30,13.36,14.44,0.925207756232687
1982-07-01,13.14,14.4,0.9125
1982-07-02,13.36,14.5,0.9213793103448276
1982-07-05,,,
1982-07-06,13.18,14.48,0.910220994475138
1982-07-07,13.31,14.49,0.9185645272601795
1982-07-08,12.48,14.19,0.8794926004228331
1982-07-09,12.29,14.03,0.8759800427655025
1982-07-12,12.22,13.87,0.8810382119682769
1982-07-13,12.48,14.02,0.8901569186875892
1982-07-14,12.53,14.1,0.8886524822695036
1982-07-15,12.14,13.96,0.8696275071633238
1982-07-16,11.68,13.7,0.8525547445255475
1982-07-19,11.52,13.68,0.8421052631578947
1982-07-20,11.11,13.53,0.8211382113821138
1982-07-21,11.19,13.6,0.8227941176470588
1982-07-22,10.83,13.51,0.8016284233900814
1982-07-23,10.73,13.56,0.7912979351032449
1982-07-26,10.87,13.91,0.7814521926671458
1982-07-27,11.12,13.86,0.8023088023088023
1982-07-28,11.41,13.97,0.8167501789549033
1982-07-29,10.97,13.83,0.7932031814895156
1982-07-30,10.57,13.68,0.7726608187134504
1982-08-02,9.72,13.41,0.7248322147651007
1982-08-03,10.18,13.51,0.7535159141376758
1982-08-04,10.12,13.68,0.739766081871345
1982-08-05,10.19,13.7,0.7437956204379562
1982-08-06,10.71,13.85,0.7732851985559568
1982-08-09,10.25,13.7,0.7481751824817519
1982-08-10,10.42,13.69,0.7611395178962747
1982-08-11,10.37,13.71,0.7563822027716994
1982-08-12,9.74,13.55,0.7188191881918818
1982-08-13,9.6,13.2,0.7272727272727273
1982-08-16,8.98,13.09,0.6860198624904508
1982-08-17,8.33,12.65,0.658498023715415
1982-08-18,8.35,12.57,0.6642800318217978
1982-08-19,7.76,12.47,0.6222935044105854
1982-08-20,7.31,12.24,0.5972222222222222
1982-08-23,7.75,12.47,0.6214915797914996
1982-08-24,7.86,12.35,0.6364372469635629
1982-08-25,7.67,12.43,0.6170555108608206
1982-08-26,7.37,12.55,0.5872509960159362
1982-08-27,8.1,12.77,0.6342991386061081
1982-08-30,8.44,12.81,0.6588602654176424
1982-08-31,8.72,12.81,0.6807181889149102
1982-09-01,8.73,12.76,0.6841692789968652
1982-09-02,8.66,12.6,0.6873015873015873
1982-09-03,8.46,12.47,0.6784282277465918
1982-09-06,,,
1982-09-07,8.68,12.53,0.6927374301675978
1982-09-08,8.6,12.51,0.6874500399680256
1982-09-09,8.57,12.53,0.6839584996009578
1982-09-10,8.66,12.73,0.6802827965435978
1982-09-13,8.41,12.63,0.6658749010292953
1982-09-14,8.16,12.56,0.6496815286624203
1982-09-15,8.44,12.6,0.6698412698412698
1982-09-16,8.31,12.6,0.6595238095238096
1982-09-17,8.23,12.51,0.6578737010391688
1982-09-20,8.04,12.47,0.6447473937449879
1982-09-21,7.88,12.18,0.6469622331691297
1982-09-22,7.58,12.04,0.6295681063122924
1982-09-23,7.52,11.94,0.6298157453936348
1982-09-24,7.85,12.09,0.6492969396195203
1982-09-27,7.83,11.99,0.6530442035029191
1982-09-28,7.72,11.85,0.6514767932489451
1982-09-29,7.84,11.8,0.6644067796610169
1982-09-30,7.88,11.73,0.6717817561807331
1982-10-01,7.6,11.51,0.6602953953084274
1982-10-04,8.21,11.72,0.7005119453924915
1982-10-05,8.44,11.69,0.7219846022241232
1982-10-06,8.33,11.5,0.7243478260869566
1982-10-07,8.04,10.91,0.7369385884509624
1982-10-08,8.0,10.83,0.7386888273314866
1982-10-11,,,
1982-10-12,7.61,10.53,0.7226970560303895
1982-10-13,7.67,10.39,0.7382098171318575
1982-10-14,7.79,10.61,0.7342130065975495
1982-10-15,7.8,10.75,0.7255813953488371
1982-10-18,7.66,10.58,0.724007561436673
1982-10-19,7.73,10.56,0.7320075757575758
1982-10-20,7.8,10.69,0.7296538821328344
1982-10-21,7.81,10.69,0.7305893358278766
1982-10-22,7.88,10.81,0.72895467160037
1982-10-25,8.12,11.11,0.7308730873087308
1982-10-26,8.24,10.87,0.7580496780128796
1982-10-27,8.28,10.9,0.7596330275229357
1982-10-28,8.17,10.77,0.7585886722376973
1982-10-29,8.17,10.71,0.7628384687208216
1982-11-01,8.06,10.56,0.7632575757575758
1982-11-02,,,
1982-11-03,8.06,10.46,0.7705544933078394
1982-11-04,7.99,10.42,0.7667946257197698
1982-11-05,8.04,10.48,0.7671755725190839
1982-11-08,8.18,10.55,0.7753554502369667
1982-11-09,8.28,10.51,0.7878211227402473
1982-11-10,8.36,10.48,0.7977099236641221
1982-11-11,,,
1982-11-12,8.56,10.58,0.8090737240075615
1982-11-15,8.8,10.65,0.8262910798122066
1982-11-16,8.7,10.67,0.8153701968134958
1982-11-17,8.65,10.59,0.8168083097261568
1982-11-18,8.55,10.46,0.8173996175908221
1982-11-19,8.38,10.42,0.8042226487523993
1982-11-22,8.26,10.43,0.7919463087248322
1982-11-23,8.22,10.53,0.7806267806267807
1982-11-24,8.2,10.59,0.7743153918791312
1982-11-25,,,
1982-11-26,8.19,10.51,0.7792578496669837
1982-11-29,8.54,10.78,0.7922077922077921
1982-11-30,8.56,10.79,0.793327154772938
1982-12-01,8.55,10.74,0.7960893854748604
1982-12-02,8.32,10.68,0.7790262172284644
1982-12-03,8.1,10.47,0.7736389684813753
1982-12-06,8.13,10.46,0.777246653919694
1982-12-07,8.19,10.48,0.7814885496183205
1982-12-08,8.24,10.62,0.7758945386064031
1982-12-09,8.23,10.58,0.777882797731569
1982-12-10,8.31,10.66,0.7795497185741088
1982-12-13,8.27,10.61,0.7794533459000943
1982-12-14,7.93,10.46,0.7581261950286806
1982-12-15,7.88,10.5,0.7504761904761905
1982-12-16,8.1,10.59,0.7648725212464589
1982-12-17,8.13,10.64,0.7640977443609023
1982-12-20,8.14,10.7,0.760747663551402
1982-12-21,8.17,10.54,0.7751423149905123
1982-12-22,8.18,10.53,0.7768281101614435
1982-12-23,8.18,10.47,0.7812798471824259
1982-12-24,,,
1982-12-27,8.16,10.44,0.7816091954022989
1982-12-28,8.33,10.44,0.7978927203065135
1982-12-29,8.43,10.47,0.8051575931232091
1982-12-30,8.29,10.44,0.7940613026819923
1982-12-31,8.2,10.36,0.7915057915057915
1983-01-03,8.17,10.32,0.7916666666666666
1983-01-04,8.28,10.37,0.7984570877531341
1983-01-05,8.25,10.35,0.7971014492753623
1983-01-06,8.2,10.39,0.7892204042348411
1983-01-07,8.02,10.36,0.7741312741312741
1983-01-10,7.96,10.38,0.766859344894027
1983-01-11,7.94,10.34,0.7678916827852998
1983-01-12,7.94,10.32,0.7693798449612403
1983-01-13,7.92,10.27,0.7711781888997079
1983-01-14,7.79,10.28,0.7577821011673153
1983-01-17,7.85,10.28,0.7636186770428016
1983-01-18,7.9,10.3,0.7669902912621359
1983-01-19,7.94,10.41,0.7627281460134486
1983-01-20,8.04,10.43,0.7708533077660594
1983-01-21,8.29,10.61,0.7813383600377003
1983-01-24,8.37,10.7,0.7822429906542055
1983-01-25,8.32,10.62,0.7834274952919021
1983-01-26,8.36,10.69,0.7820392890551917
1983-01-27,8.3,10.67,0.7778819119025305
1983-01-28,8.26,10.71,0.7712418300653594
1983-01-31,8.36,10.8,0.774074074074074
1983-02-01,8.45,10.78,0.7838589981447124
1983-02-02,8.45,10.88,0.7766544117647057
1983-02-03,8.43,10.93,0.7712717291857274
1983-02-04,8.52,10.99,0.7752502274795268
1983-02-07,8.5,10.96,0.7755474452554744
1983-02-08,8.57,10.99,0.7797998180163785
1983-02-09,8.55,11.0,0.7772727272727273
1983-02-10,8.45,10.83,0.7802400738688826
1983-02-11,8.42,10.8,0.7796296296296296
1983-02-14,8.53,10.8,0.7898148148148147
1983-02-15,8.6,10.84,0.7933579335793358
1983-02-16,8.48,10.81,0.7844588344125809
1983-02-17,8.38,10.71,0.7824463118580766
1983-02-18,8.26,10.6,0.779245283018868
1983-02-21,,,
1983-02-22,8.17,10.46,0.7810707456978967
1983-02-23,8.24,10.44,0.7892720306513411
1983-02-24,8.2,10.42,0.7869481765834933
1983-02-25,8.08,10.26,0.787524366471735
1983-02-28,8.21,10.27,0.7994157740993185
1983-03-01,8.26,10.22,0.8082191780821917
1983-03-02,8.3,10.26,0.8089668615984407
1983-03-03,8.25,10.23,0.8064516129032258
1983-03-04,8.29,10.27,0.8072054527750729
1983-03-07,8.48,10.43,0.813039309683605
1983-03-08,8.61,10.52,0.8184410646387833
1983-03-09,8.57,10.48,0.8177480916030534
1983-03-10,8.55,10.55,0.8104265402843602
1983-03-11,8.56,10.59,0.8083097261567517
1983-03-14,8.51,10.48,0.8120229007633587
1983-03-15,8.55,10.46,0.8173996175908221
1983-03-16,8.61,10.53,0.8176638176638177
1983-03-17,8.63,10.56,0.8172348484848485
1983-03-18,8.74,10.58,0.8260869565217391
1983-03-21,8.8,10.6,0.8301886792452832
1983-03-22,8.93,10.62,0.8408662900188324
1983-03-23,8.78,10.58,0.829867674858223
1983-03-24,8.83,10.58,0.834593572778828
1983-03-25,9.0,10.64,0.8458646616541353
1983-03-28,9.01,10.66,0.8452157598499062
1983-03-29,8.97,10.6,0.8462264150943397
1983-03-30,8.98,10.59,0.8479697828139755
1983-03-31,8.96,10.62,0.8436911487758947
1983-04-01,,,
1983-04-04,8.97,10.6,0.8462264150943397
1983-04-05,8.8,10.49,0.8388941849380362
1983-04-06,8.72,10.49,0.8312678741658723
1983-04-07,8.68,10.51,0.8258801141769743
1983-04-08,8.63,10.51,0.8211227402473835
1983-04-11,8.45,10.41,0.8117195004803073
1983-04-12,8.49,10.42,0.8147792706333974
1983-04-13,8.48,10.39,0.8161693936477382
1983-04-14,8.42,10.29,0.8182701652089408
1983-04-15,8.43,10.33,0.8160696999031946
1983-04-18,8.36,10.29,0.8124392614188533
1983-04-19,8.47,10.39,0.8152069297401348
1983-04-20,8.4,10.39,0.8084696823869105
1983-04-21,8.44,10.43,0.8092042186001918
1983-04-22,8.44,10.42,0.8099808061420345
1983-04-25,8.44,10.4,0.8115384615384614
1983-04-26,8.45,10.37,0.8148505303760849
1983-04-27,8.41,10.29,0.8172983479105929
1983-04-28,8.41,10.31,0.8157129000969932
1983-04-29,8.38,10.27,0.8159688412852971
1983-05-02,8.33,10.26,0.8118908382066277
1983-05-03,8.33,10.26,0.8118908382066277
1983-05-04,8.3,10.12,0.8201581027667986
1983-05-05,8.34,10.16,0.8208661417322834
1983-05-06,8.26,10.13,0.8153998025666337
1983-05-09,8.43,10.25,0.8224390243902439
1983-05-10,8.3,10.16,0.8169291338582678
1983-05-11,8.25,10.18,0.8104125736738703
1983-05-12,8.35,10.23,0.8162267839687194
1983-05-13,8.3,10.22,0.812133072407045
1983-05-16,8.45,10.37,0.8148505303760849
1983-05-17,8.44,10.41,0.8107588856868395
1983-05-18,8.42,10.43,0.8072866730584851
1983-05-19,8.46,10.49,0.8064823641563394
1983-05-20,8.48,10.54,0.8045540796963948
1983-05-23,8.73,10.57,0.8259224219489121
1983-05-24,8.8,10.56,0.8333333333333334
1983-05-25,8.82,10.58,0.833648393194707
1983-05-26,8.85,10.63,0.8325493885230478
1983-05-27,8.8,10.62,0.8286252354048965
1983-05-30,,,
1983-05-31,8.97,10.81,0.8297872340425532
1983-06-01,8.92,10.77,0.8282265552460539
1983-06-02,8.84,10.78,0.8200371057513915
1983-06-03,8.87,10.79,0.8220574606116775
1983-06-06,8.96,10.79,0.8303985171455053
1983-06-07,9.17,10.85,0.8451612903225807
1983-06-08,9.18,10.92,0.8406593406593407
1983-06-09,9.08,10.88,0.8345588235294117
1983-06-10,9.11,10.89,0.8365472910927455
1983-06-13,9.03,10.75,0.84
1983-06-14,9.06,10.77,0.8412256267409471
1983-06-15,9.06,10.72,0.8451492537313433
1983-06-16,8.99,10.64,0.8449248120300752
1983-06-17,9.01,10.68,0.8436329588014981
1983-06-20,9.32,10.8,0.8629629629629629
1983-06-21,9.32,10.79,0.8637627432808157
1983-06-22,9.35,10.83,0.863342566943675
1983-06-23,9.31,10.9,0.8541284403669724
1983-06-24,9.42,11.02,0.8548094373865699
1983-06-27,9.38,11.11,0.8442844284428443
1983-06-28,9.34,11.04,0.8460144927536233
1983-06-29,9.2,10.99,0.8371246587807096
1983-06-30,9.15,10.96,0.8348540145985401
1983-07-01,9.05,10.93,0.827996340347667
1983-07-04,,,
1983-07-05,9.36,11.21,0.8349687778768955
1983-07-06,9.38,11.16,0.8405017921146954
1983-07-07,9.49,11.29,0.8405668733392383
1983-07-08,9.48,11.33,0.8367166813768756
1983-07-11,9.42,11.28,0.8351063829787234
1983-07-12,9.52,11.42,0.8336252189141856
1983-07-13,9.47,11.4,0.8307017543859649
1983-07-14,9.46,11.38,0.8312829525483304
1983-07-15,9.59,11.51,0.8331885317115552
1983-07-18,9.47,11.41,0.8299737072743208
1983-07-19,9.51,11.36,0.8371478873239437
1983-07-20,9.44,11.28,0.8368794326241135
1983-07-21,9.44,11.32,0.8339222614840989
1983-07-22,9.45,11.43,0.8267716535433071
1983-07-25,9.43,11.41,0.8264680105170903
1983-07-26,9.47,11.49,0.824194952132289
1983-07-27,9.43,11.51,0.8192875760208514
1983-07-28,9.54,11.66,0.8181818181818181
1983-07-29,9.59,11.76,0.8154761904761905
1983-08-01,9.63,11.8,0.8161016949152543
1983-08-02,9.89,11.82,0.8367174280879864
1983-08-03,9.78,11.92,0.8204697986577181
1983-08-04,9.86,12.12,0.8135313531353136
1983-08-05,9.83,12.1,0.812396694214876
1983-08-08,9.89,12.2,0.8106557377049182
1983-08-09,9.94,12.13,0.8194558944765045
1983-08-10,9.97,12.17,0.819227608874281
1983-08-11,9.98,12.04,0.8289036544850499
1983-08-12,9.9,11.96,0.8277591973244147
1983-08-15,9.83,11.76,0.8358843537414966
1983-08-16,9.83,11.71,0.8394534585824082
1983-08-17,9.73,11.65,0.8351931330472103
1983-08-18,9.68,11.7,0.8273504273504274
1983-08-19,9.7,11.72,0.8276450511945391
1983-08-22,9.54,11.54,0.8266897746967071
1983-08-23,9.56,11.57,0.8262748487467588
1983-08-24,9.49,11.54,0.8223570190641248
1983-08-25,9.48,11.62,0.8158347676419967
1983-08-26,9.54,11.65,0.8188841201716737
1983-08-29,9.62,11.86,0.8111298482293423
1983-08-30,9.69,11.9,0.8142857142857142
1983-08-31,9.64,11.98,0.8046744574290484
1983-09-01,9.58,11.97,0.8003341687552213
1983-09-02,9.63,12.01,0.8018318068276437
1983-09-05,,,
1983-09-06,9.59,11.85,0.809282700421941
1983-09-07,9.49,11.7,0.8111111111111112
1983-09-08,9.48,11.77,0.8054375531011045
1983-09-09,9.54,11.73,0.8132992327365728
1983-09-12,9.39,11.56,0.8122837370242215
1983-09-13,9.46,11.63,0.8134135855546002
1983-09-14,9.47,11.76,0.8052721088435375
1983-09-15,9.46,11.82,0.8003384094754654
1983-09-16,9.43,11.68,0.8073630136986302
1983-09-19,9.34,11.66,0.8010291595197255
1983-09-20,9.32,11.57,0.8055315471045809
1983-09-21,9.33,11.64,0.8015463917525772
1983-09-22,9.33,11.6,0.8043103448275862
1983-09-23,9.22,11.49,0.8024369016536119
1983-09-26,9.05,11.41,0.7931638913234006
1983-09-27,9.08,11.45,0.7930131004366813
1983-09-28,9.12,11.49,0.793733681462141
1983-09-29,9.24,11.5,0.8034782608695652
1983-09-30,9.04,11.44,0.7902097902097902
1983-10-03,9.13,11.47,0.7959895379250218
1983-10-04,9.0,11.46,0.7853403141361256
1983-10-05,9.01,11.35,0.7938325991189428
1983-10-06,8.97,11.31,0.7931034482758621
1983-10-07,8.94,11.33,0.7890556045895851
1983-10-10,,,
1983-10-11,9.16,11.57,0.7917026793431288
1983-10-12,9.14,11.59,0.7886108714408974
1983-10-13,9.16,11.65,0.7862660944206008
1983-10-14,9.12,11.58,0.7875647668393781
1983-10-17,8.88,11.47,0.7741935483870968
1983-10-18,8.85,11.49,0.7702349869451697
1983-10-19,8.84,11.49,0.7693646649260226
1983-10-20,8.88,11.47,0.7741935483870968
1983-10-21,8.87,11.43,0.7760279965004374
1983-10-24,9.03,11.66,0.7744425385934819
1983-10-25,9.0,11.7,0.7692307692307693
1983-10-26,9.0,11.72,0.7679180887372014
1983-10-27,8.99,11.66,0.7710120068610635
1983-10-28,8.96,11.68,0.767123287671233
1983-10-31,8.83,11.74,0.752129471890971
1983-11-01,8.8,11.69,0.7527801539777589
1983-11-02,8.82,11.7,0.7538461538461539
1983-11-03,8.97,11.75,0.763404255319149
1983-11-04,9.14,11.85,0.7713080168776372
1983-11-07,9.14,11.85,0.7713080168776372
1983-11-08,,,
1983-11-09,9.13,11.84,0.7711148648648649
1983-11-10,9.09,11.71,0.7762596071733561
1983-11-11,,,
1983-11-14,9.12,11.68,0.7808219178082191
1983-11-15,9.13,11.7,0.7803418803418805
1983-11-16,9.14,11.7,0.7811965811965813
1983-11-17,9.2,11.72,0.7849829351535835
1983-11-18,9.2,11.72,0.7849829351535835
1983-11-21,9.12,11.65,0.782832618025751
1983-11-22,9.12,11.57,0.7882454624027657
1983-11-23,9.16,11.59,0.7903364969801553
1983-11-24,,,
1983-11-25,9.12,11.55,0.7896103896103895
1983-11-28,9.25,11.63,0.7953568357695614
1983-11-29,9.22,11.58,0.7962003454231434
1983-11-30,9.24,11.63,0.7944969905417024
1983-12-01,9.27,11.63,0.7970765262252794
1983-12-02,9.28,11.75,0.7897872340425531
1983-12-05,9.29,11.78,0.7886247877758913
1983-12-06,9.3,11.76,0.7908163265306123
1983-12-07,9.31,11.79,0.789652247667515
1983-12-08,9.38,11.89,0.7888982338099243
1983-12-09,9.34,11.9,0.7848739495798319
1983-12-12,9.31,11.87,0.7843302443133952
1983-12-13,9.46,11.95,0.79163179916318
1983-12-14,9.48,11.97,0.7919799498746867
1983-12-15,9.53,11.96,0.7968227424749162
1983-12-16,9.47,11.88,0.7971380471380471
1983-12-19,9.45,11.87,0.7961246840775064
1983-12-20,9.41,11.86,0.7934232715008432
1983-12-21,9.36,11.83,0.7912087912087912
1983-12-22,9.25,11.77,0.7858963466440102
1983-12-23,9.32,11.79,0.7905004240882104
1983-12-26,,,
1983-12-27,9.29,11.75,0.7906382978723403
1983-12-28,9.34,11.81,0.7908552074513124
1983-12-29,9.34,11.79,0.7921967769296014
1983-12-30,9.33,11.82,0.7893401015228426
1984-01-02,,,
1984-01-03,9.35,11.86,0.7883642495784149
1984-01-04,9.34,11.78,0.7928692699490663
1984-01-05,9.29,11.77,0.7892948173322004
1984-01-06,9.22,11.73,0.7860187553282183
1984-01-09,9.25,11.75,0.7872340425531915
1984-01-10,9.27,11.71,0.7916310845431255
1984-01-11,9.3,11.76,0.7908163265306123
1984-01-12,9.29,11.76,0.7899659863945577
1984-01-13,9.08,11.59,0.7834339948231234
1984-01-16,9.11,11.54,0.7894280762564991
1984-01-17,9.24,11.57,0.7986171132238548
1984-01-18,9.27,11.61,0.7984496124031008
1984-01-19,9.25,11.6,0.7974137931034483
1984-01-20,9.32,11.64,0.8006872852233676
1984-01-23,9.3,11.63,0.7996560619088564
1984-01-24,9.29,11.63,0.7987962166809973
1984-01-25,9.3,11.64,0.7989690721649485
1984-01-26,9.29,11.63,0.7987962166809973
1984-01-27,9.28,11.63,0.7979363714531383
1984-01-30,9.24,11.66,0.7924528301886793
1984-01-31,9.26,11.67,0.7934875749785776
1984-02-01,9.25,11.64,0.7946735395189003
1984-02-02,9.27,11.6,0.7991379310344827
1984-02-03,9.32,11.6,0.803448275862069
1984-02-06,9.5,11.7,0.811965811965812
1984-02-07,9.43,11.71,0.8052946199829205
1984-02-08,9.47,11.72,0.8080204778156996
1984-02-09,9.4,11.73,0.8013640238704177
1984-02-10,9.43,11.83,0.7971259509721048
1984-02-13,,,
1984-02-14,9.43,11.85,0.7957805907172996
1984-02-15,9.44,11.81,0.7993226079593564
1984-02-16,9.44,11.83,0.797971259509721
1984-02-17,9.53,11.92,0.799496644295302
1984-02-20,,,
1984-02-21,9.5,11.91,0.797649034424853
1984-02-22,9.51,11.93,0.7971500419111484
1984-02-23,9.64,12.05,0.8
1984-02-24,9.54,11.99,0.7956630525437864
1984-02-27,9.55,12.05,0.7925311203319502
1984-02-28,9.59,12.09,0.7932175351530191
1984-02-29,9.49,12.04,0.7882059800664453
1984-03-01,9.54,12.07,0.7903893951946975
1984-03-02,9.5,11.99,0.7923269391159299
1984-03-05,9.54,12.07,0.7903893951946975
1984-03-06,9.59,12.09,0.7932175351530191
1984-03-07,9.67,12.22,0.7913256955810147
1984-03-08,9.7,12.24,0.7924836601307189
1984-03-09,9.77,12.28,0.7956026058631922
1984-03-12,9.69,12.24,0.7916666666666666
1984-03-13,9.74,12.27,0.7938060309698451
1984-03-14,9.83,12.31,0.7985377741673436
1984-03-15,9.86,12.31,0.8009748172217709
1984-03-16,9.87,12.34,0.799837925445705
1984-03-19,10.0,12.45,0.8032128514056225
1984-03-20,10.2,12.44,0.819935691318328
1984-03-21,10.2,12.45,0.8192771084337349
1984-03-22,10.18,12.49,0.8150520416333066
1984-03-23,10.15,12.48,0.813301282051282
1984-03-26,10.11,12.46,0.8113964686998394
1984-03-27,10.17,12.46,0.8162118780096308
1984-03-28,10.1,12.42,0.8132045088566827
1984-03-29,10.07,12.41,0.8114423851732474
1984-03-30,10.09,12.53,0.8052673583399841
1984-04-02,10.05,12.56,0.8001592356687899
1984-04-03,10.18,12.65,0.8047430830039525
1984-04-04,10.18,12.67,0.803472770323599
1984-04-05,10.18,12.65,0.8047430830039525
1984-04-06,10.05,12.51,0.8033573141486812
1984-04-09,9.95,12.47,0.7979149959903769
1984-04-10,10.01,12.52,0.799520766773163
1984-04-11,10.01,12.5,0.8008
1984-04-12,10.02,12.4,0.8080645161290322
1984-04-13,10.11,12.57,0.8042959427207637
1984-04-16,10.17,12.61,0.8065027755749405
1984-04-17,10.15,12.57,0.807478122513922
1984-04-18,10.14,12.7,0.7984251968503938
1984-04-19,10.1,12.77,0.7909162098668755
1984-04-20,,,
1984-04-23,10.01,12.8,0.78203125
1984-04-24,10.04,12.75,0.7874509803921568
1984-04-25,10.02,12.69,0.789598108747045
1984-04-26,9.91,12.67,0.7821625887924231
1984-04-27,10.08,12.79,0.7881157154026583
1984-04-30,10.1,12.82,0.7878315132605304
1984-05-01,10.08,12.82,0.7862714508580343
1984-05-02,10.06,12.86,0.7822706065318819
1984-05-03,10.05,12.89,0.7796741660201707
1984-05-04,10.25,13.07,0.7842387146136189
1984-05-07,10.35,13.13,0.7882711348057881
1984-05-08,10.44,13.09,0.7975553857906799
1984-05-09,10.4,13.21,0.7872823618470856
1984-05-10,10.25,13.25,0.7735849056603774
1984-05-11,10.4,13.46,0.7726597325408618
1984-05-14,10.37,13.58,0.7636229749631811
1984-05-15,10.52,13.48,0.7804154302670623
1984-05-16,10.14,13.41,0.756152125279642
1984-05-17,10.16,13.54,0.7503692762186116
1984-05-18,10.19,13.45,0.7576208178438661
1984-05-21,10.07,13.43,0.7498138495904692
1984-05-22,10.45,13.52,0.7729289940828402
1984-05-23,10.33,13.54,0.7629246676514033
1984-05-24,10.09,13.72,0.7354227405247813
1984-05-25,9.94,13.75,0.7229090909090908
1984-05-28,,,
1984-05-29,10.09,13.89,0.7264218862491
1984-05-30,10.15,13.99,0.725518227305218
1984-05-31,10.13,13.91,0.7282530553558592
1984-06-01,10.18,13.63,0.7468818782098312
1984-06-04,10.23,13.42,0.7622950819672132
1984-06-05,10.14,13.37,0.7584143605086014
1984-06-06,10.15,13.54,0.7496307237813885
1984-06-07,10.23,13.54,0.7555391432791729
1984-06-08,10.25,13.46,0.7615156017830609
1984-06-11,10.43,13.58,0.768041237113402
1984-06-12,10.48,13.54,0.774002954209749
1984-06-13,10.28,13.44,0.7648809523809523
1984-06-14,10.28,13.39,0.7677371172516803
1984-06-15,10.27,13.21,0.7774413323239969
1984-06-18,10.35,13.27,0.7799547852298417
1984-06-19,10.31,13.38,0.7705530642750373
1984-06-20,10.31,13.65,0.7553113553113553
1984-06-21,10.33,13.72,0.7529154518950437
1984-06-22,10.23,13.74,0.7445414847161572
1984-06-25,10.14,13.75,0.7374545454545455
1984-06-26,10.19,13.79,0.7389412617839014
1984-06-27,10.14,13.76,0.7369186046511629
1984-06-28,10.24,13.8,0.7420289855072464
1984-06-29,10.31,13.84,0.744942196531792
1984-07-02,10.12,13.87,0.7296322999279019
1984-07-03,10.38,13.8,0.7521739130434782
1984-07-04,,,
1984-07-05,10.37,13.77,0.7530864197530864
1984-07-06,10.4,13.75,0.7563636363636363
1984-07-09,10.41,13.48,0.7722551928783382
1984-07-10,10.54,13.53,0.7790096082779009
1984-07-11,10.51,13.55,0.7756457564575645
1984-07-12,10.44,13.42,0.7779433681073025
1984-07-13,10.36,13.3,0.7789473684210525
1984-07-16,10.4,13.32,0.7807807807807808
1984-07-17,10.61,13.37,0.793567688855647
1984-07-18,10.52,13.32,0.7897897897897898
1984-07-19,10.54,13.25,0.7954716981132075
1984-07-20,10.59,13.36,0.7926646706586826
1984-07-23,10.63,13.35,0.7962546816479401
1984-07-24,10.69,13.31,0.8031555221637866
1984-07-25,10.68,13.06,0.8177641653905053
1984-07-26,10.67,12.89,0.8277734678044996
1984-07-27,10.7,12.95,0.8262548262548263
1984-07-30,10.76,13.05,0.8245210727969348
1984-07-31,10.83,12.91,0.8388845855925638
1984-08-01,10.86,12.81,0.847775175644028
1984-08-02,10.9,12.74,0.8555729984301413
1984-08-03,10.9,12.61,0.8643933386201428
1984-08-06,10.98,12.73,0.8625294579732914
1984-08-07,10.97,12.69,0.8644602048857369
1984-08-08,10.9,12.66,0.8609794628751974
1984-08-09,10.85,12.61,0.8604282315622522
1984-08-10,10.86,12.68,0.8564668769716088
1984-08-13,10.88,12.74,0.8540031397174255
1984-08-14,10.72,12.67,0.8460931333859512
1984-08-15,10.62,12.74,0.8335949764521192
1984-08-16,10.68,12.7,0.8409448818897638
1984-08-17,10.75,12.7,0.8464566929133859
1984-08-20,10.88,12.69,0.8573680063041766
1984-08-21,10.85,12.62,0.8597464342313788
1984-08-22,10.84,12.65,0.8569169960474308
1984-08-23,10.88,12.69,0.8573680063041766
1984-08-24,10.91,12.66,0.8617693522906793
1984-08-27,11.12,12.81,0.8680718188914909
1984-08-28,11.1,12.81,0.8665105386416861
1984-08-29,11.11,12.83,0.8659392049883086
1984-08-30,11.09,12.84,0.8637071651090342
1984-08-31,11.06,12.79,0.8647380766223614
1984-09-03,,,
1984-09-04,11.14,12.88,0.8649068322981366
1984-09-05,11.08,12.92,0.8575851393188855
1984-09-06,11.04,12.81,0.8618266978922715
1984-09-07,10.99,12.7,0.8653543307086615
1984-09-10,10.84,12.62,0.8589540412044374
1984-09-11,10.82,12.54,0.8628389154704945
1984-09-12,10.83,12.55,0.8629482071713147
1984-09-13,10.75,12.44,0.8641479099678457
1984-09-14,10.79,12.42,0.8687600644122383
1984-09-17,10.81,12.4,0.8717741935483871
1984-09-18,10.74,12.35,0.8696356275303644
1984-09-19,10.69,12.25,0.8726530612244897
1984-09-20,10.66,12.28,0.8680781758957655
1984-09-21,10.67,12.45,0.8570281124497993
1984-09-24,10.72,12.52,0.8562300319488819
1984-09-25,10.71,12.56,0.8527070063694268
1984-09-26,10.64,12.46,0.8539325842696629
1984-09-27,10.57,12.31,0.8586515028432169
1984-09-28,10.63,12.47,0.8524458700882117
1984-10-01,10.65,12.54,0.8492822966507177
1984-10-02,10.67,12.54,0.8508771929824562
1984-10-03,10.59,12.54,0.8444976076555024
1984-10-04,10.57,12.52,0.8442492012779553
1984-10-05,10.55,12.39,0.8514931396287329
1984-10-08,,,
1984-10-09,10.51,12.36,0.8503236245954693
1984-10-10,10.48,12.36,0.8478964401294499
1984-10-11,10.36,12.31,0.8415922014622258
1984-10-12,10.3,12.28,0.8387622149837135
1984-10-15,10.39,12.34,0.8419773095623988
1984-10-16,10.35,12.32,0.8400974025974025
1984-10-17,10.26,12.28,0.8355048859934854
1984-10-18,10.1,12.09,0.8354011579818031
1984-10-19,9.93,11.93,0.8323554065381391
1984-10-22,9.92,11.9,0.8336134453781512
1984-10-23,9.82,11.78,0.8336162988115451
1984-10-24,9.51,11.74,0.8100511073253833
1984-10-25,9.53,11.83,0.8055790363482671
1984-10-26,9.71,11.99,0.8098415346121769
1984-10-29,9.65,11.95,0.8075313807531381
1984-10-30,9.54,11.75,0.8119148936170212
1984-10-31,9.35,11.79,0.7930449533502969
1984-11-01,9.36,11.66,0.8027444253859347
1984-11-02,9.34,11.66,0.8010291595197255
1984-11-05,8.99,11.6,0.775
1984-11-06,,,
1984-11-07,8.86,11.72,0.7559726962457337
1984-11-08,9.08,11.81,0.768839966130398
1984-11-09,8.94,11.71,0.7634500426985481
1984-11-12,,,
1984-11-13,9.04,11.78,0.7674023769100169
1984-11-14,9.08,11.81,0.768839966130398
1984-11-15,8.98,11.73,0.7655583972719523
1984-11-16,8.9,11.69,0.7613344739093243
1984-11-19,8.93,11.61,0.7691645133505599
1984-11-20,8.93,11.53,0.774501300954033
1984-11-21,8.85,11.39,0.7769973661106233
1984-11-22,,,
1984-11-23,8.75,11.24,0.7784697508896797
1984-11-26,8.79,11.28,0.7792553191489361
1984-11-27,8.68,11.28,0.7695035460992908
1984-11-28,8.68,11.38,0.7627416520210896
1984-11-29,8.65,11.42,0.7574430823117339
1984-11-30,8.74,11.58,0.7547495682210709
1984-12-03,8.71,11.56,0.7534602076124568
1984-12-04,8.8,11.52,0.763888888888889
1984-12-05,8.78,11.52,0.7621527777777778
1984-12-06,8.78,11.61,0.756244616709733
1984-12-07,8.64,11.7,0.7384615384615385
1984-12-10,8.65,11.66,0.741852487135506
1984-12-11,8.63,11.57,0.745894554883319
1984-12-12,8.56,11.54,0.7417677642980937
1984-12-13,8.58,11.7,0.7333333333333334
1984-12-14,8.39,11.56,0.7257785467128028
1984-12-17,8.24,11.49,0.7171453437771975
1984-12-18,8.08,11.29,0.7156775907883083
1984-12-19,7.97,11.34,0.7028218694885361
1984-12-20,8.07,11.37,0.7097625329815305
1984-12-21,8.03,11.34,0.7081128747795414
1984-12-24,7.9,11.31,0.6984969053934571
1984-12-25,,,
1984-12-26,7.89,11.45,0.6890829694323144
1984-12-27,7.93,11.45,0.6925764192139738
1984-12-28,8.0,11.46,0.6980802792321117
1984-12-31,8.12,11.55,0.7030303030303029
1985-01-01,,,
1985-01-02,8.1,11.7,0.6923076923076923
1985-01-03,8.07,11.62,0.6944922547332186
1985-01-04,8.08,11.67,0.6923736075407027
1985-01-07,8.06,11.5,0.7008695652173913
1985-01-08,8.06,11.45,0.7039301310043669
1985-01-09,7.95,11.47,0.6931124673060157
1985-01-10,8.0,11.48,0.6968641114982578
1985-01-11,8.02,11.59,0.6919758412424504
1985-01-14,7.96,11.6,0.6862068965517242
1985-01-15,7.99,11.49,0.6953872932985204
1985-01-16,8.0,11.51,0.6950477845351868
1985-01-17,8.0,11.48,0.6968641114982578
1985-01-18,8.0,11.39,0.7023705004389815
1985-01-21,,,
1985-01-22,7.96,11.27,0.7062999112688554
1985-01-23,7.9,11.21,0.7047279214986619
1985-01-24,7.88,11.06,0.7124773960216998
1985-01-25,7.89,11.11,0.7101710171017102
1985-01-28,7.98,11.11,0.7182718271827183
1985-01-29,8.09,11.11,0.7281728172817282
1985-01-30,8.1,11.08,0.7310469314079422
1985-01-31,8.33,11.17,0.7457475380483438
1985-02-01,8.47,11.29,0.7502214348981401
1985-02-04,8.47,11.35,0.7462555066079296
1985-02-05,8.43,11.3,0.7460176991150442
1985-02-06,8.41,11.4,0.737719298245614
1985-02-07,8.46,11.41,0.7414548641542508
1985-02-08,8.51,11.37,0.7484608619173263
1985-02-11,8.5,11.42,0.7443082311733801
1985-02-12,,,
1985-02-13,8.53,11.39,0.748902546093064
1985-02-14,8.48,11.29,0.7511071744906999
1985-02-15,8.47,11.38,0.7442882249560633
1985-02-18,,,
1985-02-19,8.46,11.37,0.7440633245382587
1985-02-20,8.53,11.52,0.7404513888888888
1985-02-21,8.73,11.64,0.75
1985-02-22,8.68,11.76,0.7380952380952381
1985-02-25,8.69,11.75,0.7395744680851063
1985-02-26,8.65,11.72,0.7380546075085325
1985-02-27,8.75,11.89,0.7359125315391084
1985-02-28,8.81,11.91,0.7397145256087322
1985-03-01,8.98,11.86,0.7571669477234402
1985-03-04,9.05,11.93,0.7585917854149204
1985-03-05,9.0,11.86,0.7588532883642496
1985-03-06,9.01,11.92,0.7558724832214765
1985-03-07,9.12,11.94,0.7638190954773869
1985-03-08,8.89,11.71,0.7591801878736123
1985-03-11,8.79,11.72,0.7499999999999999
1985-03-12,8.85,11.78,0.7512733446519525
1985-03-13,8.91,11.9,0.7487394957983193
1985-03-14,9.05,11.92,0.7592281879194631
1985-03-15,8.71,11.93,0.7300922045264041
1985-03-18,8.83,12.02,0.7346089850249584
1985-03-19,8.86,11.99,0.7389491242702251
1985-03-20,8.84,11.91,0.7422334172963896
1985-03-21,8.75,11.82,0.7402707275803723
1985-03-22,8.82,11.88,0.7424242424242424
1985-03-25,8.74,11.86,0.7369308600337269
1985-03-26,8.64,11.77,0.7340696686491079
1985-03-27,8.63,11.84,0.7288851351351352
1985-03-28,8.49,11.75,0.7225531914893617
1985-03-29,8.47,11.65,0.7270386266094421
1985-04-01,8.44,11.66,0.7238421955403087
1985-04-02,8.51,11.7,0.7273504273504274
1985-04-03,8.45,11.73,0.7203751065643648
1985-04-04,8.41,11.75,0.7157446808510638
1985-04-05,,,
1985-04-08,8.41,11.77,0.7145284621920136
1985-04-09,8.37,11.66,0.7178387650085762
1985-04-10,8.38,11.58,0.7236614853195165
1985-04-11,8.32,11.42,0.7285464098073555
1985-04-12,8.33,11.43,0.7287839020122485
1985-04-15,8.35,11.37,0.7343887423043096
1985-04-16,8.2,11.25,0.7288888888888888
1985-04-17,8.06,11.29,0.7139061116031887
1985-04-18,7.97,11.13,0.7160826594788858
1985-04-19,8.06,11.16,0.7222222222222222
1985-04-22,7.93,11.13,0.7124887690925426
1985-04-23,8.05,11.25,0.7155555555555556
1985-04-24,8.01,11.25,0.712
1985-04-25,8.1,11.37,0.712401055408971
1985-04-26,8.08,11.35,0.7118942731277533
1985-04-29,8.11,11.47,0.7070619006102876
1985-04-30,8.12,11.41,0.7116564417177913
1985-05-01,8.01,11.27,0.7107364685004437
1985-05-02,8.03,11.29,0.7112488928255093
1985-05-03,7.99,11.21,0.7127564674397858
1985-05-06,8.0,11.19,0.7149240393208222
1985-05-07,8.03,11.17,0.7188898836168307
1985-05-08,8.09,11.26,0.7184724689165186
1985-05-09,8.01,11.2,0.7151785714285714
1985-05-10,8.0,11.04,0.7246376811594204
1985-05-13,7.97,11.04,0.7219202898550725
1985-05-14,7.86,10.87,0.7230910763569458
1985-05-15,7.68,10.89,0.7052341597796142
1985-05-16,7.61,10.81,0.7039777983348751
1985-05-17,7.64,10.84,0.7047970479704797
1985-05-20,7.5,10.56,0.7102272727272727
1985-05-21,7.54,10.6,0.7113207547169812
1985-05-22,7.53,10.62,0.7090395480225989
1985-05-23,7.49,10.64,0.7039473684210527
1985-05-24,7.42,10.57,0.7019867549668873
1985-05-27,,,
1985-05-28,7.45,10.43,0.7142857142857143
1985-05-29,7.48,10.46,0.7151051625239006
1985-05-30,7.42,10.39,0.7141482194417709
1985-05-31,7.38,10.28,0.7178988326848249
1985-06-03,7.24,10.05,0.7203980099502487
1985-06-04,7.18,10.05,0.7144278606965173
1985-06-05,7.14,9.83,0.7263479145473042
1985-06-06,7.21,9.89,0.7290192113245703
1985-06-07,7.39,10.19,0.7252208047105005
1985-06-10,7.49,10.16,0.7372047244094488
1985-06-11,7.38,10.08,0.7321428571428571
1985-06-12,7.32,10.16,0.7204724409448819
1985-06-13,7.2,10.21,0.7051909892262488
1985-06-14,6.91,9.98,0.6923847695390781
1985-06-17,6.99,9.97,0.7011033099297893
1985-06-18,6.87,9.9,0.693939393939394
1985-06-19,6.95,10.04,0.6922310756972112
1985-06-20,7.06,10.14,0.6962524654832346
1985-06-21,7.27,10.34,0.7030947775628626
1985-06-24,7.29,10.45,0.6976076555023923
1985-06-25,7.32,10.5,0.6971428571428572
1985-06-26,7.21,10.54,0.6840607210626186
1985-06-27,7.13,10.39,0.6862367661212704
1985-06-28,7.05,10.25,0.6878048780487804
1985-07-01,7.09,10.19,0.6957801766437685
1985-07-02,7.17,10.2,0.7029411764705883
1985-07-03,7.24,10.23,0.70772238514174
1985-07-04,,,
1985-07-05,6.99,9.93,0.7039274924471299
1985-07-08,7.14,10.05,0.7104477611940297
1985-07-09,7.18,10.05,0.7144278606965173
1985-07-10,7.16,10.07,0.7110228401191658
1985-07-11,7.29,10.22,0.7133072407045009
1985-07-12,7.32,10.23,0.7155425219941349
1985-07-15,7.28,10.22,0.7123287671232876
1985-07-16,7.23,10.15,0.7123152709359606
1985-07-17,7.21,10.12,0.7124505928853756
1985-07-18,7.39,10.3,0.7174757281553398
1985-07-19,7.42,10.34,0.7176015473887815
1985-07-22,7.49,10.46,0.7160611854684512
1985-07-23,7.5,10.47,0.7163323782234956
1985-07-24,7.48,10.51,0.7117031398667936
1985-07-25,7.41,10.52,0.7043726235741445
1985-07-26,7.43,10.59,0.7016052880075543
1985-07-29,7.5,10.67,0.7029053420805998
1985-07-30,7.52,10.66,0.7054409005628517
1985-07-31,7.52,10.57,0.7114474929044465
1985-08-01,7.52,10.51,0.7155090390104661
1985-08-02,7.55,10.66,0.7082551594746717
1985-08-05,7.52,10.64,0.706766917293233
1985-08-06,7.5,10.65,0.704225352112676
1985-08-07,7.41,10.55,0.7023696682464454
1985-08-08,7.41,10.43,0.7104506232023011
1985-08-09,7.4,10.37,0.7135969141755063
1985-08-12,7.33,10.38,0.7061657032755299
1985-08-13,7.37,10.46,0.7045889101338432
1985-08-14,7.32,10.38,0.7052023121387283
1985-08-15,7.43,10.36,0.7171814671814672
1985-08-16,7.34,10.26,0.7153996101364523
1985-08-19,7.36,10.23,0.7194525904203324
1985-08-20,7.35,10.2,0.7205882352941176
1985-08-21,7.27,10.12,0.7183794466403162
1985-08-22,7.27,10.1,0.7198019801980198
1985-08-23,7.27,10.14,0.7169625246548322
1985-08-26,7.3,10.18,0.7170923379174853
1985-08-27,7.28,10.12,0.7193675889328064
1985-08-28,7.29,10.16,0.71751968503937
1985-08-29,7.28,10.12,0.7193675889328064
1985-08-30,7.38,10.28,0.7178988326848249
1985-09-02,,,
1985-09-03,7.35,10.24,0.7177734375
1985-09-04,7.28,10.16,0.7165354330708662
1985-09-05,7.36,10.27,0.7166504381694255
1985-09-06,7.5,10.5,0.7142857142857143
1985-09-09,7.5,10.49,0.7149666348903718
1985-09-10,7.47,10.48,0.7127862595419847
1985-09-11,7.48,10.51,0.7117031398667936
1985-09-12,7.48,10.52,0.7110266159695818
1985-09-13,7.45,10.4,0.7163461538461539
1985-09-16,7.42,10.37,0.7155255544840887
1985-09-17,7.44,10.41,0.7146974063400576
1985-09-18,7.34,10.43,0.7037392138063279
1985-09-19,7.32,10.43,0.7018216682646213
1985-09-20,7.24,10.36,0.6988416988416989
1985-09-23,7.12,10.39,0.6852743022136669
1985-09-24,7.06,10.33,0.6834462729912875
1985-09-25,7.09,10.27,0.6903602726387537
1985-09-26,7.16,10.22,0.700587084148728
1985-09-27,,,
1985-09-30,7.27,10.31,0.7051406401551891
1985-10-01,7.26,10.29,0.7055393586005831
1985-10-02,7.25,10.3,0.703883495145631
1985-10-03,7.22,10.32,0.6996124031007751
1985-10-04,7.22,10.36,0.696911196911197
1985-10-07,7.32,10.42,0.7024952015355087
1985-10-08,7.39,10.36,0.7133204633204633
1985-10-09,7.42,10.37,0.7155255544840887
1985-10-10,7.46,10.35,0.7207729468599035
1985-10-11,7.43,10.34,0.718568665377176
1985-10-14,,,
1985-10-15,7.48,10.3,0.7262135922330097
1985-10-16,7.45,10.25,0.7268292682926829
1985-10-17,7.43,10.21,0.7277179236043094
1985-10-18,7.44,10.17,0.7315634218289085
1985-10-21,7.46,10.18,0.7328094302554028
1985-10-22,7.39,10.12,0.7302371541501976
1985-10-23,7.46,10.14,0.7357001972386588
1985-10-24,7.5,10.15,0.7389162561576355
1985-10-25,7.48,10.21,0.732615083251714
1985-10-28,7.47,10.28,0.7266536964980544
1985-10-29,7.45,10.11,0.7368941641938676
1985-10-30,7.42,9.97,0.7442326980942828
1985-10-31,7.42,10.01,0.7412587412587412
1985-11-01,7.44,9.98,0.7454909819639278
1985-11-04,7.48,9.98,0.749498997995992
1985-11-05,7.48,9.93,0.7532729103726084
1985-11-06,7.49,9.93,0.7542799597180262
1985-11-07,7.54,9.91,0.7608476286579213
1985-11-08,7.46,9.84,0.758130081300813
1985-11-11,,,
1985-11-12,7.46,9.74,0.7659137577002053
1985-11-13,7.52,9.78,0.7689161554192229
1985-11-14,7.56,9.84,0.7682926829268293
1985-11-15,7.59,9.92,0.7651209677419355
1985-11-18,7.48,9.72,0.7695473251028806
1985-11-19,7.45,9.73,0.7656731757451182
1985-11-20,7.49,9.72,0.7705761316872428
1985-11-21,7.47,9.58,0.7797494780793319
1985-11-22,7.47,9.66,0.7732919254658385
1985-11-25,7.44,9.68,0.7685950413223142
1985-11-26,7.43,9.68,0.7675619834710744
1985-11-27,7.41,9.64,0.7686721991701244
1985-11-28,,,
1985-11-29,7.39,9.59,0.7705943691345151
1985-12-02,7.5,9.69,0.7739938080495357
1985-12-03,7.47,9.68,0.7716942148760331
1985-12-04,7.46,9.63,0.7746625129802699
1985-12-05,7.5,9.62,0.7796257796257797
1985-12-06,7.48,9.65,0.7751295336787565
1985-12-09,7.44,9.49,0.7839831401475237
1985-12-10,7.41,9.36,0.7916666666666667
1985-12-11,7.28,9.2,0.791304347826087
1985-12-12,7.31,9.27,0.7885652642934197
1985-12-13,7.2,9.21,0.781758957654723
1985-12-16,7.25,9.16,0.7914847161572053
1985-12-17,7.23,9.04,0.799778761061947
1985-12-18,7.36,9.11,0.8079034028540066
1985-12-19,7.33,9.1,0.8054945054945055
1985-12-20,7.27,9.04,0.8042035398230089
1985-12-23,7.3,9.08,0.803964757709251
1985-12-24,7.28,9.07,0.802646085997795
1985-12-25,,,
1985-12-26,7.23,9.04,0.799778761061947
1985-12-27,7.18,8.99,0.7986651835372636
1985-12-30,7.17,9.01,0.7957824639289678
1985-12-31,7.28,9.0,0.8088888888888889
1986-01-01,,,
1986-01-02,7.33,9.04,0.8108407079646018
1986-01-03,7.29,9.05,0.805524861878453
1986-01-06,7.29,9.07,0.8037486218302095
1986-01-07,7.26,8.94,0.8120805369127517
1986-01-08,7.4,9.13,0.8105147864184008
1986-01-09,7.41,9.27,0.7993527508090615
1986-01-10,7.44,9.39,0.792332268370607
1986-01-13,7.48,9.49,0.7881981032665965
1986-01-14,7.48,9.43,0.7932131495227996
1986-01-15,7.42,9.31,0.7969924812030075
1986-01-16,7.31,9.3,0.786021505376344
1986-01-17,7.33,9.24,0.7932900432900433
1986-01-20,,,
1986-01-21,7.25,9.22,0.7863340563991322
1986-01-22,7.23,9.28,0.779094827586207
1986-01-23,7.19,9.23,0.7789815817984832
1986-01-24,7.19,9.23,0.7789815817984832
1986-01-27,7.18,9.13,0.786418400876232
1986-01-28,7.14,9.05,0.7889502762430938
1986-01-29,7.26,9.09,0.7986798679867987
1986-01-30,7.27,9.1,0.7989010989010988
1986-01-31,7.19,9.08,0.7918502202643172
1986-02-03,7.22,9.02,0.8004434589800443
1986-02-04,7.2,8.96,0.8035714285714285
1986-02-05,7.24,8.97,0.8071348940914158
1986-02-06,7.33,9.03,0.8117386489479513
1986-02-07,7.44,9.11,0.8166849615806807
1986-02-10,7.43,9.0,0.8255555555555555
1986-02-11,7.34,8.93,0.8219484882418813
1986-02-12,7.34,8.91,0.8237934904601572
1986-02-13,7.33,8.85,0.8282485875706215
1986-02-14,7.24,8.68,0.8341013824884793
1986-02-17,,,
1986-02-18,7.24,8.64,0.8379629629629629
1986-02-19,7.31,8.7,0.8402298850574713
1986-02-20,7.34,8.67,0.8465974625144175
1986-02-21,7.2,8.48,0.8490566037735849
1986-02-24,7.24,8.39,0.8629320619785459
1986-02-25,7.28,8.4,0.8666666666666667
1986-02-26,7.3,8.36,0.8732057416267943
1986-02-27,7.26,8.15,0.8907975460122699
1986-02-28,7.24,8.13,0.8905289052890528
1986-03-03,7.19,7.99,0.899874843554443
1986-03-04,7.06,7.93,0.8902900378310215
1986-03-05,7.07,8.12,0.8706896551724139
1986-03-06,6.9,8.04,0.8582089552238807
1986-03-07,6.81,7.96,0.8555276381909547
1986-03-10,6.81,7.76,0.8775773195876289
1986-03-11,6.77,7.7,0.8792207792207791
1986-03-12,6.83,7.68,0.8893229166666667
1986-03-13,6.8,7.75,0.8774193548387097
1986-03-14,6.74,7.72,0.873056994818653
1986-03-17,6.77,7.77,0.8712998712998713
1986-03-18,6.74,7.83,0.8607918263090677
1986-03-19,6.69,7.82,0.8554987212276215
1986-03-20,6.64,7.78,0.8534704370179947
1986-03-21,6.61,7.8,0.8474358974358975
1986-03-24,6.61,7.7,0.8584415584415584
1986-03-25,6.57,7.7,0.8532467532467533
1986-03-26,6.61,7.64,0.8651832460732986
1986-03-27,6.53,7.49,0.8718291054739653
1986-03-28,,,
1986-03-31,6.53,7.39,0.8836265223274696
1986-04-01,6.52,7.37,0.8846675712347354
1986-04-02,6.53,7.33,0.8908594815825376
1986-04-03,6.52,7.41,0.8798920377867746
1986-04-04,6.41,7.45,0.8604026845637583
1986-04-07,6.43,7.43,0.8654104979811574
1986-04-08,6.31,7.31,0.8632010943912448
1986-04-09,6.19,7.27,0.8514442916093536
1986-04-10,6.2,7.23,0.8575380359612724
1986-04-11,6.13,7.29,0.840877914951989
1986-04-14,6.09,7.19,0.847009735744089
1986-04-15,5.98,7.22,0.8282548476454294
1986-04-16,5.94,6.98,0.8510028653295129
1986-04-17,6.01,7.03,0.8549075391180654
1986-04-18,6.04,7.09,0.8519040902679831
1986-04-21,6.04,7.04,0.8579545454545454
1986-04-22,6.12,7.25,0.8441379310344828
1986-04-23,6.27,7.36,0.8519021739130433
1986-04-24,6.29,7.51,0.8375499334221039
1986-04-25,6.32,7.58,0.8337730870712401
1986-04-28,6.29,7.48,0.8409090909090908
1986-04-29,6.27,7.38,0.8495934959349593
1986-04-30,6.28,7.38,0.8509485094850949
1986-05-01,6.29,7.45,0.8442953020134228
1986-05-02,6.33,7.51,0.8428761651131824
1986-05-05,6.24,7.45,0.8375838926174497
1986-05-06,6.23,7.46,0.8351206434316355
1986-05-07,6.22,7.43,0.8371467025572006
1986-05-08,6.22,7.4,0.8405405405405405
1986-05-09,6.23,7.48,0.8328877005347594
1986-05-12,6.32,7.67,0.8239895697522817
1986-05-13,6.27,7.63,0.8217562254259502
1986-05-14,6.27,7.66,0.8185378590078328
1986-05-15,6.35,7.79,0.8151476251604621
1986-05-16,6.4,7.99,0.8010012515644556
1986-05-19,6.39,7.98,0.800751879699248
1986-05-20,6.42,7.88,0.8147208121827412
1986-05-21,6.39,7.9,0.8088607594936708
1986-05-22,6.39,7.88,0.8109137055837563
1986-05-23,6.36,7.84,0.8112244897959184
1986-05-26,,,
1986-05-27,6.35,7.73,0.8214747736093143
1986-05-28,6.38,7.73,0.8253557567917205
1986-05-29,6.49,7.99,0.8122653316645807
1986-05-30,6.49,8.05,0.8062111801242235
1986-06-02,6.56,8.32,0.7884615384615384
1986-06-03,6.61,8.19,0.8070818070818072
1986-06-04,6.72,8.39,0.800953516090584
1986-06-05,6.71,8.31,0.8074608904933814
1986-06-06,6.51,7.95,0.8188679245283018
1986-06-09,6.56,8.13,0.8068880688806886
1986-06-10,6.47,8.07,0.8017348203221809
1986-06-11,6.53,8.01,0.8152309612983771
1986-06-12,6.47,7.98,0.8107769423558896
1986-06-13,6.36,7.73,0.8227684346701164
1986-06-16,6.31,7.63,0.8269986893840104
1986-06-17,6.27,7.63,0.8217562254259502
1986-06-18,6.27,7.57,0.8282694848084543
1986-06-19,6.29,7.69,0.8179453836150845
1986-06-20,6.28,7.6,0.8263157894736843
1986-06-23,6.3,7.55,0.8344370860927153
1986-06-24,6.26,7.47,0.8380187416331994
1986-06-25,6.26,7.42,0.84366576819407
1986-06-26,6.26,7.42,0.84366576819407
1986-06-27,6.2,7.38,0.8401084010840109
1986-06-30,6.13,7.35,0.8340136054421768
1986-07-01,6.17,7.37,0.8371777476255088
1986-07-02,6.18,7.37,0.8385345997286295
1986-07-03,6.08,7.31,0.8317373461012313
1986-07-04,,,
1986-07-07,6.04,7.31,0.826265389876881
1986-07-08,6.11,7.44,0.821236559139785
1986-07-09,6.05,7.31,0.8276333789329685
1986-07-10,6.02,7.31,0.8235294117647058
1986-07-11,5.92,7.3,0.810958904109589
1986-07-14,5.94,7.25,0.8193103448275862
1986-07-15,5.94,7.16,0.8296089385474861
1986-07-16,5.94,7.2,0.8250000000000001
1986-07-17,5.92,7.18,0.8245125348189415
1986-07-18,5.88,7.16,0.8212290502793296
1986-07-21,5.89,7.14,0.8249299719887955
1986-07-22,5.89,7.2,0.8180555555555555
1986-07-23,5.98,7.29,0.8203017832647462
1986-07-24,5.98,7.35,0.8136054421768708
1986-07-25,5.98,7.33,0.8158253751705321
1986-07-28,6.07,7.53,0.8061088977423639
1986-07-29,6.03,7.41,0.8137651821862348
1986-07-30,6.02,7.41,0.8124156545209176
1986-07-31,5.96,7.34,0.8119891008174387
1986-08-01,5.94,7.34,0.8092643051771118
1986-08-04,5.88,7.33,0.8021828103683493
1986-08-05,5.87,7.39,0.7943166441136672
1986-08-06,5.88,7.47,0.7871485943775101
1986-08-07,5.89,7.45,0.7906040268456376
1986-08-08,5.86,7.3,0.8027397260273973
1986-08-11,5.84,7.25,0.8055172413793104
1986-08-12,5.77,7.23,0.7980636237897648
1986-08-13,5.73,7.15,0.8013986013986014
1986-08-14,5.75,7.16,0.803072625698324
1986-08-15,5.71,7.14,0.7997198879551821
1986-08-18,5.77,7.14,0.8081232492997199
1986-08-19,5.72,7.02,0.8148148148148149
1986-08-20,5.66,7.0,0.8085714285714286
1986-08-21,5.52,6.96,0.793103448275862
1986-08-22,5.51,7.07,0.7793493635077793
1986-08-25,5.43,7.06,0.7691218130311614
1986-08-26,5.44,6.97,0.7804878048780489
1986-08-27,5.47,7.06,0.7747875354107648
1986-08-28,5.44,7.04,0.7727272727272728
1986-08-29,5.31,6.95,0.7640287769784172
1986-09-01,,,
1986-09-02,5.33,7.03,0.7581792318634424
1986-09-03,5.38,7.2,0.7472222222222222
1986-09-04,5.33,7.15,0.7454545454545455
1986-09-05,5.37,7.32,0.7336065573770492
1986-09-08,5.39,7.38,0.7303523035230352
1986-09-09,5.34,7.35,0.726530612244898
1986-09-10,5.3,7.35,0.7210884353741497
1986-09-11,5.35,7.57,0.7067371202113606
1986-09-12,5.31,7.63,0.6959370904325032
1986-09-15,5.32,7.53,0.7065073041168659
1986-09-16,5.27,7.53,0.6998671978751659
1986-09-17,5.26,7.46,0.7050938337801609
1986-09-18,5.37,7.62,0.7047244094488189
1986-09-19,5.4,7.67,0.7040417209908736
1986-09-22,5.4,7.62,0.7086614173228347
1986-09-23,5.4,7.58,0.712401055408971
1986-09-24,5.38,7.48,0.7192513368983957
1986-09-25,5.37,7.47,0.7188755020080322
1986-09-26,5.38,7.47,0.7202141900937081
1986-09-29,5.41,7.54,0.7175066312997348
1986-09-30,5.34,7.45,0.7167785234899329
1986-10-01,5.33,7.41,0.7192982456140351
1986-10-02,5.33,7.45,0.7154362416107383
1986-10-03,5.23,7.31,0.7154582763337894
1986-10-06,5.19,7.28,0.7129120879120879
1986-10-07,5.2,7.28,0.7142857142857143
1986-10-08,5.18,7.31,0.7086183310533516
1986-10-09,5.2,7.33,0.7094133697135061
1986-10-10,5.2,7.36,0.7065217391304348
1986-10-13,,,
1986-10-14,5.28,7.49,0.7049399198931909
1986-10-15,5.32,7.51,0.7083888149134487
1986-10-16,5.34,7.53,0.7091633466135457
1986-10-17,5.42,7.57,0.7159841479524438
1986-10-20,5.47,7.66,0.7140992167101827
1986-10-21,5.46,7.57,0.7212681638044914
1986-10-22,5.45,7.49,0.7276368491321762
1986-10-23,5.41,7.43,0.7281292059219381
1986-10-24,5.42,7.47,0.7255689424364123
1986-10-27,5.34,7.42,0.7196765498652291
1986-10-28,5.34,7.45,0.7167785234899329
1986-10-29,5.34,7.41,0.7206477732793521
1986-10-30,5.32,7.31,0.7277701778385773
1986-10-31,5.34,7.34,0.7275204359673024
1986-11-03,5.36,7.29,0.7352537722908093
1986-11-04,5.4,7.31,0.7387140902872777
1986-11-05,5.4,7.24,0.7458563535911602
1986-11-06,5.41,7.32,0.7390710382513661
1986-11-07,5.47,7.4,0.7391891891891891
1986-11-10,5.58,7.38,0.7560975609756098
1986-11-11,,,
1986-11-12,5.55,7.35,0.7551020408163266
1986-11-13,5.55,7.33,0.7571623465211459
1986-11-14,5.55,7.29,0.7613168724279835
1986-11-17,5.56,7.22,0.7700831024930748
1986-11-18,5.5,7.27,0.7565337001375516
1986-11-19,5.48,7.19,0.7621696801112656
1986-11-20,5.53,7.19,0.7691237830319889
1986-11-21,5.51,7.17,0.7684797768479776
1986-11-24,5.53,7.11,0.7777777777777778
1986-11-25,5.54,7.15,0.7748251748251748
1986-11-26,5.54,7.15,0.7748251748251748
1986-11-27,,,
1986-11-28,5.54,7.15,0.7748251748251748
1986-12-01,5.57,7.18,0.775766016713092
1986-12-02,5.56,7.08,0.7853107344632768
1986-12-03,5.56,7.06,0.7875354107648725
1986-12-04,5.55,7.01,0.7917261055634808
1986-12-05,5.59,7.12,0.7851123595505618
1986-12-08,5.66,7.1,0.7971830985915493
1986-12-09,5.63,7.07,0.7963224893917963
1986-12-10,5.64,7.05,0.7999999999999999
1986-12-11,5.64,7.12,0.7921348314606741
1986-12-12,5.64,7.13,0.791023842917251
1986-12-15,5.66,7.15,0.7916083916083916
1986-12-16,5.74,7.12,0.8061797752808989
1986-12-17,5.8,7.12,0.8146067415730337
1986-12-18,5.76,7.11,0.810126582278481
1986-12-19,5.66,7.1,0.7971830985915493
1986-12-22,5.69,7.1,0.8014084507042254
1986-12-23,5.71,7.08,0.806497175141243
1986-12-24,5.73,7.07,0.8104667609618105
1986-12-25,,,
1986-12-26,5.72,7.08,0.807909604519774
1986-12-29,5.83,7.17,0.8131101813110182
1986-12-30,5.85,7.23,0.8091286307053941
1986-12-31,5.83,7.23,0.8063623789764868
1987-01-01,,,
1987-01-02,5.7,7.18,0.7938718662952646
1987-01-05,5.71,7.08,0.806497175141243
1987-01-06,5.67,7.08,0.8008474576271186
1987-01-07,5.58,7.05,0.7914893617021277
1987-01-08,5.58,7.04,0.7926136363636364
1987-01-09,5.53,7.01,0.7888730385164052
1987-01-12,5.52,7.05,0.7829787234042552
1987-01-13,5.51,7.1,0.776056338028169
1987-01-14,5.5,7.11,0.7735583684950773
1987-01-15,5.51,7.08,0.7782485875706214
1987-01-16,5.47,7.03,0.7780938833570412
1987-01-19,,,
1987-01-20,5.45,7.01,0.7774607703281028
1987-01-21,5.46,7.01,0.7788873038516405
1987-01-22,5.53,7.03,0.786628733997155
1987-01-23,5.55,7.06,0.7861189801699717
1987-01-26,5.64,7.17,0.7866108786610878
1987-01-27,5.64,7.16,0.7877094972067038
1987-01-28,5.62,7.13,0.788218793828892
1987-01-29,5.63,7.13,0.7896213183730715
1987-01-30,5.76,7.18,0.8022284122562674
1987-02-02,5.77,7.23,0.7980636237897648
1987-02-03,5.75,7.25,0.7931034482758621
1987-02-04,5.79,7.23,0.8008298755186721
1987-02-05,5.75,7.2,0.798611111111111
1987-02-06,5.82,7.19,0.8094575799721836
1987-02-09,5.88,7.25,0.8110344827586207
1987-02-10,5.99,7.33,0.8171896316507503
1987-02-11,6.03,7.37,0.8181818181818182
1987-02-12,5.88,7.31,0.8043775649794802
1987-02-13,5.81,7.28,0.798076923076923
1987-02-16,,,
1987-02-17,5.88,7.33,0.8021828103683493
1987-02-18,5.76,7.3,0.7890410958904109
1987-02-19,5.6,7.23,0.7745504840940525
1987-02-20,5.58,7.24,0.7707182320441989
1987-02-23,5.59,7.23,0.7731673582295988
1987-02-24,5.59,7.18,0.7785515320334262
1987-02-25,5.6,7.21,0.7766990291262136
1987-02-26,5.6,7.21,0.7766990291262136
1987-02-27,5.6,7.19,0.7788595271210013
1987-03-02,5.63,7.17,0.7852161785216178
1987-03-03,5.71,7.21,0.7919556171983356
1987-03-04,5.68,7.14,0.7955182072829131
1987-03-05,5.69,7.16,0.7946927374301677
1987-03-06,5.82,7.23,0.8049792531120332
1987-03-09,5.82,7.23,0.8049792531120332
1987-03-10,5.86,7.23,0.8105117565698479
1987-03-11,5.86,7.23,0.8105117565698479
1987-03-12,5.85,7.22,0.8102493074792243
1987-03-13,5.79,7.19,0.8052851182197496
1987-03-16,5.83,7.22,0.8074792243767314
1987-03-17,5.74,7.2,0.7972222222222223
1987-03-18,5.69,7.21,0.7891816920943135
1987-03-19,5.67,7.21,0.7864077669902912
1987-03-20,5.69,7.22,0.7880886426592799
1987-03-23,5.8,7.25,0.7999999999999999
1987-03-24,5.79,7.27,0.7964236588720771
1987-03-25,5.74,7.26,0.7906336088154271
1987-03-26,5.74,7.24,0.7928176795580111
1987-03-27,5.81,7.33,0.7926330150068213
1987-03-30,5.85,7.54,0.7758620689655172
1987-03-31,5.79,7.51,0.7709720372836218
1987-04-01,5.71,7.59,0.7523056653491437
1987-04-02,5.68,7.59,0.7483530961791831
1987-04-03,5.67,7.59,0.7470355731225297
1987-04-06,5.65,7.54,0.7493368700265253
1987-04-07,5.68,7.62,0.7454068241469816
1987-04-08,5.67,7.61,0.7450722733245729
1987-04-09,5.93,7.78,0.762210796915167
1987-04-10,6.04,7.98,0.7568922305764411
1987-04-13,6.22,8.07,0.7707558859975217
1987-04-14,6.11,8.28,0.7379227053140097
1987-04-15,5.86,8.1,0.7234567901234569
1987-04-16,5.73,8.03,0.713574097135741
1987-04-17,,,
1987-04-20,5.74,8.2,0.7000000000000001
1987-04-21,5.67,8.19,0.6923076923076923
1987-04-22,5.59,8.24,0.6783980582524272
1987-04-23,5.66,8.39,0.6746126340882002
1987-04-24,5.94,8.47,0.7012987012987013
1987-04-27,5.98,8.37,0.7144563918757468
1987-04-28,6.01,8.28,0.7258454106280193
1987-04-29,5.89,8.35,0.7053892215568862
1987-04-30,5.7,8.21,0.6942752740560292
1987-05-01,5.78,8.39,0.6889153754469607
1987-05-04,5.87,8.52,0.6889671361502347
1987-05-05,5.99,8.45,0.7088757396449705
1987-05-06,5.67,8.54,0.6639344262295083
1987-05-07,5.7,8.5,0.6705882352941177
1987-05-08,5.71,8.43,0.6773428232502966
1987-05-11,5.84,8.57,0.6814469078179696
1987-05-12,5.78,8.55,0.6760233918128654
1987-05-13,5.7,8.55,0.6666666666666666
1987-05-14,5.91,8.57,0.6896149358226371
1987-05-15,6.15,8.8,0.6988636363636364
1987-05-18,6.09,8.73,0.697594501718213
1987-05-19,5.96,8.89,0.6704161979752531
1987-05-20,5.87,8.92,0.6580717488789238
1987-05-21,5.71,8.87,0.6437429537767757
1987-05-22,5.74,8.78,0.6537585421412302
1987-05-25,,,
1987-05-26,5.83,8.55,0.6818713450292397
1987-05-27,5.94,8.6,0.6906976744186047
1987-05-28,5.82,8.56,0.6799065420560748
1987-05-29,5.87,8.49,0.6914016489988222
1987-06-01,5.92,8.45,0.7005917159763314
1987-06-02,5.94,8.72,0.6811926605504587
1987-06-03,5.87,8.64,0.6793981481481481
1987-06-04,5.84,8.58,0.6806526806526806
1987-06-05,5.87,8.5,0.6905882352941176
1987-06-08,5.85,8.53,0.6858147713950762
1987-06-09,5.68,8.56,0.6635514018691588
1987-06-10,5.65,8.56,0.6600467289719626
1987-06-11,5.72,8.52,0.6713615023474179
1987-06-12,5.73,8.32,0.6887019230769231
1987-06-15,5.85,8.28,0.7065217391304348
1987-06-16,5.81,8.28,0.7016908212560387
1987-06-17,5.83,8.23,0.7083839611178615
1987-06-18,5.83,8.27,0.7049576783555018
1987-06-19,5.84,8.3,0.7036144578313253
1987-06-22,5.86,8.23,0.7120291616038882
1987-06-23,5.9,8.23,0.7168894289185905
1987-06-24,6.02,8.31,0.7244283995186521
1987-06-25,6.03,8.25,0.730909090909091
1987-06-26,5.97,8.37,0.7132616487455198
1987-06-29,5.88,8.34,0.7050359712230215
1987-06-30,5.91,8.38,0.7052505966587111
1987-07-01,5.82,8.36,0.6961722488038279
1987-07-02,5.84,8.3,0.7036144578313253
1987-07-03,,,
1987-07-06,5.85,8.29,0.7056694813027744
1987-07-07,5.78,8.28,0.6980676328502416
1987-07-08,5.74,8.32,0.6899038461538461
1987-07-09,5.78,8.37,0.6905615292712067
1987-07-10,5.76,8.32,0.6923076923076923
1987-07-13,5.78,8.38,0.6897374701670644
1987-07-14,5.72,8.33,0.6866746698679471
1987-07-15,5.75,8.43,0.6820877817319099
1987-07-16,5.75,8.41,0.6837098692033293
1987-07-17,5.73,8.36,0.6854066985645934
1987-07-20,5.72,8.41,0.6801426872770511
1987-07-21,5.87,8.49,0.6914016489988222
1987-07-22,5.85,8.54,0.6850117096018735
1987-07-23,5.87,8.56,0.6857476635514018
1987-07-24,5.96,8.58,0.6946386946386947
1987-07-27,6.03,8.6,0.7011627906976745
1987-07-28,6.09,8.62,0.7064965197215778
1987-07-29,6.11,8.61,0.7096399535423926
1987-07-30,6.27,8.61,0.7282229965156795
1987-07-31,6.27,8.66,0.7240184757505773
1987-08-03,6.25,8.81,0.7094211123723042
1987-08-04,6.04,8.81,0.6855845629965948
1987-08-05,6.04,8.71,0.6934557979334098
1987-08-06,5.93,8.73,0.679266895761741
1987-08-07,6.04,8.7,0.6942528735632184
1987-08-10,6.11,8.74,0.6990846681922197
1987-08-11,6.13,8.73,0.702176403207331
1987-08-12,6.14,8.72,0.7041284403669724
1987-08-13,6.15,8.63,0.712630359212051
1987-08-14,6.15,8.58,0.7167832167832168
1987-08-17,6.17,8.56,0.7207943925233644
1987-08-18,6.21,8.73,0.7113402061855669
1987-08-19,6.24,8.77,0.7115165336374003
1987-08-20,6.31,8.74,0.7219679633867276
1987-08-21,6.3,8.77,0.7183580387685291
1987-08-24,6.38,8.78,0.7266514806378133
1987-08-25,6.38,8.73,0.7308132875143184
1987-08-26,6.46,8.79,0.7349260523321958
1987-08-27,6.5,8.92,0.7286995515695067
1987-08-28,6.52,9.02,0.7228381374722838
1987-08-31,6.45,9.0,0.7166666666666667
1987-09-01,6.32,9.05,0.698342541436464
1987-09-02,6.29,9.28,0.677801724137931
1987-09-03,6.39,9.29,0.6878363832077503
1987-09-04,6.59,9.3,0.7086021505376343
1987-09-07,,,
1987-09-08,6.66,9.5,0.7010526315789474
1987-09-09,6.65,9.48,0.7014767932489452
1987-09-10,6.54,9.42,0.6942675159235668
1987-09-11,6.56,9.33,0.7031082529474812
1987-09-14,6.56,9.34,0.702355460385439
1987-09-15,6.55,9.44,0.6938559322033898
1987-09-16,6.55,9.52,0.6880252100840336
1987-09-17,6.59,9.48,0.6951476793248945
1987-09-18,6.63,9.38,0.70682302771855
1987-09-21,6.74,9.45,0.7132275132275133
1987-09-22,6.73,9.37,0.7182497331910354
1987-09-23,6.71,9.4,0.7138297872340426
1987-09-24,6.67,9.51,0.7013669821240799
1987-09-25,6.76,9.53,0.7093389296956978
1987-09-28,6.81,9.52,0.7153361344537815
1987-09-29,6.92,9.64,0.7178423236514523
1987-09-30,6.83,9.63,0.7092419522326064
1987-10-01,6.86,9.66,0.7101449275362319
1987-10-02,6.89,9.6,0.7177083333333333
1987-10-05,6.92,9.69,0.7141382868937048
1987-10-06,6.77,9.72,0.6965020576131686
1987-10-07,6.78,9.71,0.6982492276004119
1987-10-08,6.93,9.86,0.7028397565922921
1987-10-09,7.0,9.94,0.7042253521126761
1987-10-12,,,
1987-10-13,7.03,9.9,0.7101010101010101
1987-10-14,7.45,10.13,0.7354392892398816
1987-10-15,7.33,10.18,0.7200392927308448
1987-10-16,7.19,10.23,0.7028347996089932
1987-10-19,6.67,10.15,0.6571428571428571
1987-10-20,6.05,9.4,0.6436170212765957
1987-10-21,5.78,9.3,0.621505376344086
1987-10-22,5.53,8.97,0.6164994425863991
1987-10-23,5.47,8.98,0.60913140311804
1987-10-26,5.44,8.8,0.6181818181818182
1987-10-27,5.39,8.92,0.6042600896860987
1987-10-28,5.25,9.01,0.5826859045504995
1987-10-29,5.19,8.89,0.5838020247469067
1987-10-30,5.45,8.88,0.6137387387387387
1987-11-02,5.85,8.98,0.6514476614699332
1987-11-03,5.81,8.91,0.6520763187429853
1987-11-04,5.71,8.85,0.6451977401129944
1987-11-05,5.76,8.72,0.6605504587155963
1987-11-06,5.92,8.76,0.6757990867579908
1987-11-09,5.92,8.78,0.6742596810933941
1987-11-10,5.85,8.79,0.6655290102389079
1987-11-11,,,
1987-11-12,6.02,8.8,0.684090909090909
1987-11-13,6.11,8.84,0.6911764705882354
1987-11-16,6.1,8.82,0.691609977324263
1987-11-17,6.07,8.86,0.6851015801354402
1987-11-18,5.95,8.85,0.672316384180791
1987-11-19,5.85,8.83,0.6625141562853907
1987-11-20,5.92,8.79,0.6734926052332196
1987-11-23,6.0,8.8,0.6818181818181818
1987-11-24,5.95,8.89,0.6692913385826772
1987-11-25,5.88,8.98,0.6547884187082404
1987-11-26,,,
1987-11-27,5.82,9.11,0.6388583973655324
1987-11-30,5.42,8.99,0.6028921023359288
1987-12-01,5.72,9.01,0.634850166481687
1987-12-02,5.66,9.01,0.6281908990011099
1987-12-03,5.52,8.94,0.6174496644295302
1987-12-04,5.61,8.94,0.62751677852349
1987-12-07,6.05,9.07,0.6670341786108048
1987-12-08,6.05,9.09,0.6655665566556656
1987-12-09,6.02,9.05,0.6651933701657458
1987-12-10,6.11,9.23,0.6619718309859155
1987-12-11,6.05,9.28,0.6519396551724138
1987-12-14,6.08,9.23,0.6587215601300108
1987-12-15,6.12,9.09,0.6732673267326733
1987-12-16,6.13,9.0,0.6811111111111111
1987-12-17,6.12,9.03,0.6777408637873755
1987-12-18,6.06,8.89,0.6816647919010123
1987-12-21,6.1,8.88,0.6869369369369368
1987-12-22,6.12,8.95,0.6837988826815643
1987-12-23,5.96,8.83,0.6749716874292185
1987-12-24,5.92,8.82,0.6712018140589568
1987-12-25,,,
1987-12-28,5.93,8.93,0.6640537513997761
1987-12-29,6.03,8.85,0.6813559322033899
1987-12-30,5.89,8.78,0.6708428246013668
1987-12-31,5.86,8.83,0.6636466591166478
1988-01-01,,,
1988-01-04,6.09,8.83,0.6896942242355606
1988-01-05,6.12,8.76,0.6986301369863014
1988-01-06,6.03,8.82,0.6836734693877551
1988-01-07,5.96,8.83,0.6749716874292185
1988-01-08,6.06,8.97,0.6755852842809363
1988-01-11,5.91,8.94,0.6610738255033558
1988-01-12,5.99,8.93,0.6707726763717805
1988-01-13,5.97,8.87,0.673055242390079
1988-01-14,6.07,8.86,0.6851015801354402
1988-01-15,6.07,8.6,0.7058139534883722
1988-01-18,,,
1988-01-19,6.18,8.65,0.7144508670520231
1988-01-20,5.99,8.61,0.6957026713124275
1988-01-21,6.0,8.53,0.7033997655334115
1988-01-22,6.0,8.49,0.7067137809187279
1988-01-25,6.04,8.45,0.714792899408284
1988-01-26,6.01,8.54,0.7037470725995316
1988-01-27,5.92,8.38,0.7064439140811455
1988-01-28,5.86,8.33,0.7034813925570228
1988-01-29,5.82,8.26,0.7046004842615012
1988-02-01,5.86,8.26,0.7094430992736078
1988-02-02,5.89,8.18,0.7200488997555012
1988-02-03,5.89,8.21,0.7174177831912301
1988-02-04,5.83,8.24,0.7075242718446602
1988-02-05,5.81,8.12,0.7155172413793104
1988-02-08,5.83,8.19,0.7118437118437119
1988-02-09,5.78,8.16,0.7083333333333334
1988-02-10,5.79,8.11,0.7139334155363749
1988-02-11,5.81,8.16,0.7120098039215685
1988-02-12,5.93,8.28,0.7161835748792271
1988-02-15,,,
1988-02-16,5.95,8.31,0.7160048134777376
1988-02-17,5.92,8.32,0.7115384615384615
1988-02-18,5.87,8.28,0.7089371980676329
1988-02-19,5.86,8.26,0.7094430992736078
1988-02-22,5.85,8.24,0.7099514563106796
1988-02-23,5.81,8.17,0.7111383108935128
1988-02-24,5.8,8.18,0.7090464547677262
1988-02-25,5.81,8.23,0.7059538274605103
1988-02-26,5.76,8.18,0.7041564792176039
1988-02-29,5.8,8.16,0.7107843137254901
1988-03-01,5.78,8.15,0.7092024539877301
1988-03-02,5.77,8.13,0.7097170971709715
1988-03-03,5.76,8.12,0.7093596059113301
1988-03-04,5.88,8.28,0.7101449275362319
1988-03-07,5.9,8.3,0.7108433734939759
1988-03-08,5.91,8.33,0.709483793517407
1988-03-09,5.89,8.32,0.7079326923076923
1988-03-10,5.92,8.35,0.7089820359281437
1988-03-11,5.9,8.29,0.7117008443908325
1988-03-14,5.87,8.29,0.7080820265379977
1988-03-15,5.77,8.3,0.6951807228915662
1988-03-16,5.77,8.36,0.6901913875598086
1988-03-17,5.76,8.3,0.6939759036144577
1988-03-18,5.82,8.41,0.6920332936979786
1988-03-21,5.91,8.47,0.6977567886658795
1988-03-22,5.95,8.46,0.7033096926713948
1988-03-23,6.0,8.47,0.7083825265643446
1988-03-24,5.96,8.51,0.700352526439483
1988-03-25,5.87,8.47,0.6930342384887839
1988-03-28,5.92,8.58,0.6899766899766899
1988-03-29,5.91,8.56,0.6904205607476636
1988-03-30,5.92,8.57,0.690781796966161
1988-03-31,5.87,8.57,0.6849474912485414
1988-04-01,,,
1988-04-04,6.04,8.68,0.695852534562212
1988-04-05,6.18,8.67,0.7128027681660899
1988-04-06,6.23,8.61,0.7235772357723578
1988-04-07,6.23,8.6,0.7244186046511629
1988-04-08,6.2,8.52,0.727699530516432
1988-04-11,6.23,8.59,0.7252619324796276
1988-04-12,6.1,8.57,0.7117852975495915
1988-04-13,6.03,8.56,0.7044392523364486
1988-04-14,5.9,8.67,0.6805074971164937
1988-04-15,6.05,8.74,0.6922196796338672
1988-04-18,6.04,8.81,0.6855845629965948
1988-04-19,5.98,8.81,0.6787741203178207
1988-04-20,6.01,8.83,0.6806342015855039
1988-04-21,6.0,8.82,0.6802721088435374
1988-04-22,6.0,8.78,0.6833712984054671
1988-04-25,6.04,8.78,0.6879271070615035
1988-04-26,6.07,8.8,0.6897727272727272
1988-04-27,6.04,8.8,0.6863636363636363
1988-04-28,6.13,8.86,0.6918735891647856
1988-04-29,6.16,8.87,0.6944757609921083
1988-05-02,6.29,8.94,0.7035794183445191
1988-05-03,6.31,8.89,0.7097862767154105
1988-05-04,6.32,8.9,0.7101123595505618
1988-05-05,6.37,8.92,0.7141255605381166
1988-05-06,6.48,9.01,0.7192008879023308
1988-05-09,6.52,9.03,0.7220376522702104
1988-05-10,6.53,9.07,0.7199558985667034
1988-05-11,6.45,9.05,0.712707182320442
1988-05-12,6.4,9.04,0.7079646017699116
1988-05-13,6.37,9.0,0.7077777777777778
1988-05-16,6.4,9.01,0.7103218645948947
1988-05-17,6.49,9.12,0.711622807017544
1988-05-18,6.4,9.19,0.6964091403699675
1988-05-19,6.34,9.18,0.690631808278867
1988-05-20,6.44,9.22,0.6984815618221258
1988-05-23,6.47,9.23,0.7009750812567713
1988-05-24,6.5,9.22,0.7049891540130151
1988-05-25,6.52,9.2,0.7086956521739131
1988-05-26,6.62,9.21,0.7187839305103149
1988-05-27,6.65,9.24,0.7196969696969697
1988-05-30,,,
1988-05-31,6.67,9.2,0.7250000000000001
1988-06-01,6.67,9.03,0.7386489479512736
1988-06-02,6.64,9.07,0.7320837927232634
1988-06-03,6.66,8.97,0.7424749163879598
1988-06-06,6.68,8.97,0.7447045707915272
1988-06-07,6.63,9.02,0.7350332594235034
1988-06-08,6.59,8.92,0.7387892376681614
1988-06-09,6.64,8.96,0.7410714285714285
1988-06-10,6.65,8.92,0.7455156950672647
1988-06-13,6.65,8.91,0.7463524130190797
1988-06-14,6.54,8.69,0.7525891829689298
1988-06-15,6.53,8.71,0.7497129735935706
1988-06-16,6.49,8.89,0.7300337457817773
1988-06-17,6.57,9.02,0.7283813747228381
1988-06-20,6.6,9.02,0.7317073170731707
1988-06-21,6.76,9.03,0.7486157253599114
1988-06-22,6.72,8.9,0.7550561797752808
1988-06-23,6.73,8.88,0.7578828828828829
1988-06-24,6.72,8.85,0.7593220338983051
1988-06-27,6.78,8.94,0.7583892617449665
1988-06-28,6.81,8.87,0.7677564825253664
1988-06-29,6.78,8.88,0.7635135135135135
1988-06-30,6.77,8.82,0.7675736961451246
1988-07-01,6.76,8.77,0.7708095781071836
1988-07-04,,,
1988-07-05,6.77,8.82,0.7675736961451246
1988-07-06,6.73,8.91,0.755331088664422
1988-07-07,6.76,8.95,0.7553072625698325
1988-07-08,6.88,9.04,0.7610619469026549
1988-07-11,6.84,9.02,0.7583148558758315
1988-07-12,6.94,9.08,0.7643171806167401
1988-07-13,6.93,9.12,0.7598684210526316
1988-07-14,6.95,9.12,0.762061403508772
1988-07-15,6.94,9.08,0.7643171806167401
1988-07-18,6.9,9.15,0.7540983606557378
1988-07-19,6.9,9.1,0.7582417582417583
1988-07-20,6.92,9.11,0.7596048298572997
1988-07-21,7.0,9.16,0.7641921397379913
1988-07-22,6.96,9.11,0.7639956092206367
1988-07-25,7.04,9.07,0.7761852260198456
1988-07-26,7.11,9.09,0.7821782178217822
1988-07-27,7.23,9.14,0.7910284463894968
1988-07-28,7.22,9.16,0.7882096069868996
1988-07-29,7.18,9.12,0.787280701754386
1988-08-01,7.15,9.07,0.7883131201764058
1988-08-02,7.12,9.0,0.7911111111111111
1988-08-03,7.12,9.04,0.7876106194690267
1988-08-04,7.06,8.99,0.7853170189098998
1988-08-05,7.15,9.12,0.7839912280701755
1988-08-08,7.09,9.12,0.7774122807017544
1988-08-09,7.29,9.2,0.7923913043478261
1988-08-10,7.21,9.3,0.775268817204301
1988-08-11,7.24,9.35,0.7743315508021391
1988-08-12,7.25,9.36,0.7745726495726496
1988-08-15,7.25,9.37,0.7737459978655283
1988-08-16,7.29,9.35,0.7796791443850267
1988-08-17,7.26,9.38,0.7739872068230277
1988-08-18,7.26,9.35,0.7764705882352941
1988-08-19,7.3,9.35,0.7807486631016043
1988-08-22,7.33,9.37,0.7822838847385273
1988-08-23,7.39,9.32,0.7929184549356223
1988-08-24,7.42,9.34,0.7944325481798715
1988-08-25,7.49,9.41,0.79596174282678
1988-08-26,7.57,9.38,0.8070362473347548
1988-08-29,7.57,9.3,0.8139784946236559
1988-08-30,7.54,9.27,0.8133764832793959
1988-08-31,7.54,9.25,0.8151351351351351
1988-09-01,7.52,9.25,0.8129729729729729
1988-09-02,7.45,9.0,0.8277777777777778
1988-09-05,,,
1988-09-06,7.51,8.99,0.8353726362625139
1988-09-07,7.57,8.99,0.8420467185761957
1988-09-08,7.56,8.99,0.8409343715239154
1988-09-09,7.52,8.93,0.8421052631578947
1988-09-12,7.48,8.97,0.8338907469342252
1988-09-13,7.4,8.94,0.8277404921700224
1988-09-14,7.39,8.88,0.8322072072072071
1988-09-15,7.4,8.91,0.8305274971941639
1988-09-16,7.38,8.93,0.826427771556551
1988-09-19,7.38,8.97,0.8227424749163879
1988-09-20,7.44,8.97,0.8294314381270903
1988-09-21,7.42,8.93,0.8309070548712206
1988-09-22,7.43,8.95,0.8301675977653632
1988-09-23,7.47,8.97,0.8327759197324414
1988-09-26,7.55,9.0,0.8388888888888889
1988-09-27,7.57,9.04,0.8373893805309736
1988-09-28,7.58,9.06,0.836644591611479
1988-09-29,7.53,8.98,0.8385300668151447
1988-09-30,7.49,8.87,0.8444193912063135
1988-10-03,7.5,8.84,0.8484162895927602
1988-10-04,7.47,8.87,0.8421645997745209
1988-10-05,7.46,8.87,0.8410372040586247
1988-10-06,7.55,8.87,0.8511837655016912
1988-10-07,7.51,8.7,0.8632183908045977
1988-10-10,,,
1988-10-11,7.55,8.75,0.8628571428571429
1988-10-12,7.52,8.84,0.8506787330316742
1988-10-13,7.58,8.84,0.8574660633484164
1988-10-14,7.56,8.81,0.858115777525539
1988-10-17,7.58,8.79,0.8623435722411833
1988-10-18,7.6,8.78,0.8656036446469249
1988-10-19,7.68,8.82,0.8707482993197279
1988-10-20,7.7,8.79,0.8759954493742891
1988-10-21,7.69,8.83,0.8708946772366931
1988-10-24,7.77,8.83,0.8799546998867497
1988-10-25,7.69,8.83,0.8708946772366931
1988-10-26,7.66,8.79,0.8714448236632538
1988-10-27,7.63,8.72,0.8749999999999999
1988-10-28,7.62,8.69,0.8768699654775605
1988-10-31,7.62,8.65,0.8809248554913295
1988-11-01,7.58,8.68,0.8732718894009217
1988-11-02,7.61,8.73,0.8717067583046965
1988-11-03,7.65,8.69,0.8803222094361336
1988-11-04,7.7,8.85,0.8700564971751413
1988-11-07,7.75,8.91,0.8698092031425365
1988-11-08,7.85,8.91,0.8810325476992144
1988-11-09,7.82,8.91,0.877665544332211
1988-11-10,7.9,8.9,0.8876404494382023
1988-11-11,,,
1988-11-14,8.06,8.91,0.9046015712682379
1988-11-15,8.23,8.92,0.922645739910314
1988-11-16,8.22,9.0,0.9133333333333334
1988-11-17,8.2,9.06,0.9050772626931566
1988-11-18,8.21,9.05,0.907182320441989
1988-11-21,8.27,9.04,0.9148230088495576
1988-11-22,8.28,9.09,0.9108910891089108
1988-11-23,8.29,9.08,0.9129955947136563
1988-11-24,,,
1988-11-25,8.31,9.17,0.9062159214830972
1988-11-28,8.27,9.16,0.9028384279475982
1988-11-29,8.27,9.13,0.9058050383351587
1988-11-30,8.1,9.06,0.8940397350993377
1988-12-01,8.12,9.01,0.9012208657047724
1988-12-02,8.34,9.18,0.9084967320261438
1988-12-05,8.3,9.13,0.9090909090909091
1988-12-06,8.23,8.95,0.9195530726256984
1988-12-07,8.27,9.0,0.9188888888888889
1988-12-08,8.26,9.02,0.9157427937915743
1988-12-09,8.14,9.07,0.8974641675854466
1988-12-12,8.19,9.08,0.9019823788546255
1988-12-13,8.38,9.15,0.9158469945355192
1988-12-14,8.41,9.19,0.9151251360174103
1988-12-15,8.48,9.19,0.9227421109902069
1988-12-16,8.44,9.17,0.9203925845147218
1988-12-19,8.48,9.15,0.926775956284153
1988-12-20,8.47,9.08,0.932819383259912
1988-12-21,8.38,9.07,0.9239250275633959
1988-12-22,8.33,9.07,0.918412348401323
1988-12-23,8.32,9.05,0.9193370165745856
1988-12-26,,,
1988-12-27,8.45,9.13,0.9255202628696603
1988-12-28,8.55,9.21,0.9283387622149837
1988-12-29,8.41,9.18,0.9161220043572985
1988-12-30,8.37,9.14,0.9157549234135666
1989-01-02,,,
1989-01-03,8.43,9.23,0.913326110509209
1989-01-04,8.54,9.22,0.9262472885032537
1989-01-05,8.56,9.27,0.9234088457389429
1989-01-06,8.58,9.25,0.9275675675675675
1989-01-09,8.58,9.23,0.9295774647887324
1989-01-10,8.6,9.24,0.9307359307359306
1989-01-11,8.53,9.24,0.9231601731601731
1989-01-12,8.55,9.14,0.9354485776805251
1989-01-13,8.49,9.06,0.9370860927152318
1989-01-16,,,
1989-01-17,8.54,9.06,0.9426048565121411
1989-01-18,8.55,8.99,0.9510567296996664
1989-01-19,8.52,9.0,0.9466666666666667
1989-01-20,8.52,9.03,0.9435215946843855
1989-01-23,8.56,9.0,0.9511111111111111
1989-01-24,8.5,8.93,0.9518477043673013
1989-01-25,8.59,8.99,0.9555061179087875
1989-01-26,8.64,8.99,0.9610678531701892
1989-01-27,8.62,8.95,0.9631284916201117
1989-01-30,8.58,9.0,0.9533333333333334
1989-01-31,8.69,9.01,0.9644839067702552
1989-02-01,8.67,8.99,0.96440489432703
1989-02-02,8.68,8.98,0.9665924276169264
1989-02-03,8.78,9.01,0.9744728079911209
1989-02-06,8.83,9.01,0.9800221975582686
1989-02-07,8.84,8.96,0.9866071428571428
1989-02-08,8.84,8.95,0.987709497206704
1989-02-09,8.78,9.13,0.9616648411829133
1989-02-10,8.85,9.19,0.9630032644178455
1989-02-13,8.86,9.2,0.9630434782608696
1989-02-14,8.87,9.23,0.960996749729144
1989-02-15,8.8,9.22,0.9544468546637744
1989-02-16,8.81,9.21,0.9565689467969598
1989-02-17,8.78,9.2,0.9543478260869566
1989-02-20,,,
1989-02-21,8.77,9.22,0.9511930585683296
1989-02-22,8.84,9.29,0.9515608180839613
1989-02-23,8.92,9.36,0.952991452991453
1989-02-24,8.96,9.38,0.9552238805970149
1989-02-27,8.99,9.36,0.9604700854700855
1989-02-28,9.03,9.32,0.9688841201716737
1989-03-01,8.98,9.36,0.9594017094017095
1989-03-02,8.98,9.31,0.9645542427497314
1989-03-03,8.94,9.31,0.9602577873254564
1989-03-06,8.89,9.26,0.9600431965442765
1989-03-07,8.93,9.26,0.9643628509719222
1989-03-08,8.92,9.23,0.9664138678223185
1989-03-09,8.98,9.24,0.9718614718614719
1989-03-10,9.06,9.34,0.9700214132762314
1989-03-13,9.09,9.35,0.9721925133689839
1989-03-14,9.02,9.32,0.9678111587982832
1989-03-15,8.99,9.31,0.9656283566058002
1989-03-16,9.02,9.3,0.9698924731182794
1989-03-17,9.18,9.49,0.9673340358271865
1989-03-20,9.33,9.53,0.9790136411332635
1989-03-21,9.43,9.53,0.9895068205666318
1989-03-22,9.35,9.45,0.9894179894179894
1989-03-23,9.37,9.43,0.9936373276776246
1989-03-24,,,
1989-03-27,9.45,9.44,1.0010593220338984
1989-03-28,9.41,9.41,1.0
1989-03-29,9.29,9.36,0.9925213675213674
1989-03-30,9.29,9.34,0.9946466809421841
1989-03-31,9.23,9.3,0.9924731182795699
1989-04-03,9.15,9.21,0.993485342019544
1989-04-04,9.14,9.17,0.9967284623773174
1989-04-05,9.15,9.17,0.9978189749182116
1989-04-06,9.17,9.2,0.9967391304347827
1989-04-07,9.12,9.27,0.9838187702265372
1989-04-10,9.05,9.27,0.976267529665588
1989-04-11,9.0,9.27,0.970873786407767
1989-04-12,8.98,9.29,0.9666307857911735
1989-04-13,9.09,9.34,0.9732334047109208
1989-04-14,8.92,9.18,0.9716775599128541
1989-04-17,8.93,9.2,0.9706521739130435
1989-04-18,8.73,9.06,0.9635761589403974
1989-04-19,8.73,9.08,0.9614537444933922
1989-04-20,8.95,9.2,0.9728260869565217
1989-04-21,8.95,9.15,0.9781420765027321
1989-04-24,8.99,9.15,0.9825136612021858
1989-04-25,8.94,9.12,0.9802631578947368
1989-04-26,8.84,9.11,0.9703622392974753
1989-04-27,8.71,9.05,0.9624309392265193
1989-04-28,8.71,9.02,0.9656319290465634
1989-05-01,8.94,9.14,0.9781181619256016
1989-05-02,8.89,9.08,0.9790748898678414
1989-05-03,8.84,9.06,0.9757174392935981
1989-05-04,8.84,9.06,0.9757174392935981
1989-05-05,8.73,8.99,0.971078976640712
1989-05-08,8.8,9.04,0.9734513274336285
1989-05-09,8.81,9.15,0.9628415300546448
1989-05-10,8.83,9.16,0.9639737991266375
1989-05-11,8.72,9.1,0.9582417582417584
1989-05-12,8.5,8.81,0.9648127128263336
1989-05-15,8.54,8.82,0.9682539682539681
1989-05-16,8.52,8.82,0.9659863945578231
1989-05-17,8.57,8.8,0.9738636363636363
1989-05-18,8.68,8.78,0.9886104783599089
1989-05-19,8.65,8.71,0.9931113662456945
1989-05-22,8.62,8.58,1.0046620046620045
1989-05-23,8.57,8.6,0.9965116279069768
1989-05-24,8.67,8.63,1.0046349942062571
1989-05-25,8.85,8.67,1.0207612456747404
1989-05-26,8.82,8.66,1.0184757505773672
1989-05-29,,,
1989-05-30,8.88,8.64,1.027777777777778
1989-05-31,8.92,8.6,1.0372093023255815
1989-06-01,8.92,8.61,1.0360046457607435
1989-06-02,8.65,8.43,1.0260972716488732
1989-06-05,8.54,8.36,1.0215311004784688
1989-06-06,8.45,8.36,1.0107655502392345
1989-06-07,8.43,8.27,1.0193470374848852
1989-06-08,8.4,8.27,1.0157194679564692
1989-06-09,8.5,8.15,1.0429447852760736
1989-06-12,8.46,8.16,1.036764705882353
1989-06-13,8.45,8.25,1.0242424242424242
1989-06-14,8.41,8.2,1.025609756097561
1989-06-15,8.37,8.33,1.0048019207683072
1989-06-16,8.42,8.35,1.0083832335329341
1989-06-19,8.42,8.37,1.005973715651135
1989-06-20,8.44,8.31,1.0156438026474126
1989-06-21,8.42,8.37,1.005973715651135
1989-06-22,8.44,8.38,1.007159904534606
1989-06-23,8.33,8.25,1.0096969696969698
1989-06-26,8.38,8.18,1.0244498777506115
1989-06-27,8.33,8.11,1.027127003699137
1989-06-28,8.32,8.17,1.018359853121175
1989-06-29,8.22,8.12,1.0123152709359609
1989-06-30,8.26,8.1,1.019753086419753
1989-07-03,8.23,8.09,1.0173053152039555
1989-07-04,,,
1989-07-05,8.05,8.11,0.9926017262638719
1989-07-06,8.03,8.08,0.9938118811881187
1989-07-07,7.98,8.02,0.9950124688279303
1989-07-10,8.0,7.99,1.0012515644555695
1989-07-11,8.03,8.0,1.00375
1989-07-12,7.99,8.0,0.99875
1989-07-13,8.03,8.0,1.00375
1989-07-14,8.1,8.04,1.0074626865671643
1989-07-17,8.18,8.05,1.0161490683229812
1989-07-18,8.18,8.13,1.006150061500615
1989-07-19,8.2,8.09,1.0135970333745363
1989-07-20,8.24,8.01,1.0287141073657928
1989-07-21,8.39,8.07,1.0396530359355638
1989-07-24,8.37,8.05,1.039751552795031
1989-07-25,8.31,8.01,1.0374531835205993
1989-07-26,8.3,8.02,1.0349127182044888
1989-07-27,8.17,7.92,1.0315656565656566
1989-07-28,8.12,7.87,1.0317662007623887
1989-07-31,8.04,7.82,1.0281329923273657
1989-08-01,7.89,7.74,1.0193798449612403
1989-08-02,7.89,7.76,1.0167525773195876
1989-08-03,7.9,7.8,1.012820512820513
1989-08-04,8.13,8.0,1.01625
1989-08-07,8.21,8.03,1.0224159402241595
1989-08-08,8.22,8.0,1.0275
1989-08-09,8.18,8.05,1.0161490683229812
1989-08-10,8.13,8.02,1.0137157107231922
1989-08-11,8.22,8.09,1.016069221260816
1989-08-14,8.32,8.24,1.0097087378640777
1989-08-15,8.31,8.21,1.012180267965895
1989-08-16,8.22,8.12,1.0123152709359609
1989-08-17,8.15,8.18,0.9963325183374084
1989-08-18,8.13,8.15,0.9975460122699387
1989-08-21,8.2,8.2,1.0
1989-08-22,8.33,8.29,1.0048250904704463
1989-08-23,8.28,8.25,1.0036363636363637
1989-08-24,8.24,8.2,1.0048780487804878
1989-08-25,8.23,8.21,1.0024360535931789
1989-08-28,8.26,8.27,0.9987908101571947
1989-08-29,8.17,8.27,0.9879081015719469
1989-08-30,8.14,8.25,0.9866666666666667
1989-08-31,8.16,8.26,0.9878934624697338
1989-09-01,8.12,8.19,0.9914529914529914
1989-09-04,,,
1989-09-05,8.15,8.19,0.9951159951159952
1989-09-06,8.09,8.17,0.9902080783353733
1989-09-07,8.07,8.17,0.9877600979192167
1989-09-08,8.04,8.14,0.9877149877149876
1989-09-11,7.95,8.13,0.977859778597786
1989-09-12,7.88,8.13,0.9692496924969248
1989-09-13,7.85,8.18,0.9596577017114915
1989-09-14,7.83,8.13,0.9630996309963099
1989-09-15,7.78,8.09,0.96168108776267
1989-09-18,7.87,8.1,0.971604938271605
1989-09-19,7.92,8.09,0.9789864029666254
1989-09-20,8.08,8.15,0.9914110429447852
1989-09-21,8.1,8.2,0.9878048780487805
1989-09-22,8.02,8.22,0.9756690997566909
1989-09-25,8.09,8.32,0.9723557692307692
1989-09-26,8.03,8.3,0.9674698795180722
1989-09-27,8.1,8.3,0.9759036144578312
1989-09-28,8.14,8.3,0.980722891566265
1989-09-29,8.18,8.31,0.9843561973525872
1989-10-02,8.17,8.28,0.9867149758454107
1989-10-03,8.05,8.23,0.9781287970838396
1989-10-04,8.05,8.22,0.9793187347931873
1989-10-05,8.03,8.15,0.9852760736196318
1989-10-06,7.83,8.03,0.9750933997509341
1989-10-09,,,
1989-10-10,7.89,8.03,0.9825653798256538
1989-10-11,7.96,8.07,0.9863692688971499
1989-10-12,7.96,8.04,0.9900497512437811
1989-10-13,7.87,7.87,1.0
1989-10-16,7.7,7.98,0.9649122807017544
1989-10-17,7.68,8.0,0.96
1989-10-18,7.75,8.01,0.9675405742821473
1989-10-19,7.83,7.96,0.9836683417085428
1989-10-20,7.8,7.98,0.9774436090225563
1989-10-23,7.83,7.92,0.9886363636363636
1989-10-24,7.75,7.87,0.9847522236340533
1989-10-25,7.81,7.86,0.9936386768447836
1989-10-26,7.86,7.88,0.9974619289340102
1989-10-27,8.02,7.94,1.0100755667506296
1989-10-30,8.01,7.92,1.0113636363636362
1989-10-31,8.04,7.92,1.0151515151515151
1989-11-01,8.05,7.91,1.0176991150442478
1989-11-02,7.99,7.87,1.0152477763659467
1989-11-03,8.1,7.96,1.0175879396984924
1989-11-06,8.13,8.0,1.01625
1989-11-07,8.0,7.9,1.0126582278481011
1989-11-08,7.94,7.87,1.008894536213469
1989-11-09,7.96,7.9,1.0075949367088608
1989-11-10,7.97,7.92,1.0063131313131313
1989-11-13,7.95,7.89,1.0076045627376427
1989-11-14,7.92,7.87,1.0063532401524777
1989-11-15,7.9,7.82,1.010230179028133
1989-11-16,7.92,7.82,1.0127877237851661
1989-11-17,7.93,7.88,1.0063451776649746
1989-11-20,7.93,7.86,1.0089058524173027
1989-11-21,7.89,7.85,1.0050955414012739
1989-11-22,7.84,7.81,1.0038412291933418
1989-11-23,,,
1989-11-24,7.76,7.8,0.9948717948717949
1989-11-27,7.91,7.85,1.0076433121019108
1989-11-28,7.97,7.86,1.0139949109414756
1989-11-29,7.92,7.88,1.0050761421319796
1989-11-30,7.84,7.84,1.0
1989-12-01,7.78,7.81,0.9961587708066583
1989-12-04,7.79,7.82,0.9961636828644501
1989-12-05,7.81,7.82,0.9987212276214833
1989-12-06,7.9,7.85,1.0063694267515924
1989-12-07,7.95,7.88,1.0088832487309645
1989-12-08,7.86,7.82,1.0051150895140666
1989-12-11,7.88,7.83,1.0063856960408684
1989-12-12,7.92,7.84,1.010204081632653
1989-12-13,7.95,7.82,1.0166240409207161
1989-12-14,7.88,7.79,1.011553273427471
1989-12-15,7.87,7.8,1.008974358974359
1989-12-18,7.85,7.77,1.0102960102960103
1989-12-19,7.93,7.78,1.019280205655527
1989-12-20,7.82,7.77,1.0064350064350065
1989-12-21,7.81,7.77,1.005148005148005
1989-12-22,7.84,7.82,1.0025575447570332
1989-12-25,,,
1989-12-26,8.02,7.95,1.0088050314465409
1989-12-27,7.99,7.94,1.0062972292191437
1989-12-28,7.94,7.91,1.0037926675094817
1989-12-29,7.8,7.93,0.9836065573770492
1990-01-01,,,
1990-01-02,7.83,7.94,0.9861460957178841
1990-01-03,7.89,7.99,0.9874843554443054
1990-01-04,7.84,7.98,0.9824561403508771
1990-01-05,7.79,7.99,0.9749687108886107
1990-01-08,7.79,8.02,0.9713216957605986
1990-01-09,7.8,8.02,0.972568578553616
1990-01-10,7.75,8.03,0.9651307596513077
1990-01-11,7.8,8.04,0.9701492537313434
1990-01-12,7.74,8.1,0.9555555555555556
1990-01-15,,,
1990-01-16,7.89,8.2,0.9621951219512196
1990-01-17,7.97,8.19,0.9731379731379731
1990-01-18,8.04,8.32,0.9663461538461537
1990-01-19,8.0,8.26,0.9685230024213075
1990-01-22,7.99,8.27,0.9661426844014511
1990-01-23,7.93,8.26,0.9600484261501211
1990-01-24,7.93,8.38,0.9463007159904533
1990-01-25,7.95,8.42,0.9441805225653207
1990-01-26,7.93,8.49,0.934040047114252
1990-01-29,8.0,8.5,0.9411764705882353
1990-01-30,8.0,8.51,0.9400705052878966
1990-01-31,8.0,8.43,0.9489916963226572
1990-02-01,8.02,8.42,0.9524940617577197
1990-02-02,8.07,8.5,0.9494117647058824
1990-02-05,8.08,8.53,0.9472450175849942
1990-02-06,8.09,8.57,0.9439906651108517
1990-02-07,8.08,8.52,0.9483568075117371
1990-02-08,8.08,8.49,0.9517078916372202
1990-02-09,8.02,8.31,0.9651022864019253
1990-02-12,7.99,8.4,0.9511904761904761
1990-02-13,7.84,8.35,0.9389221556886228
1990-02-14,7.87,8.36,0.9413875598086126
1990-02-15,7.97,8.43,0.9454329774614472
1990-02-16,7.94,8.42,0.9429928741092637
1990-02-19,,,
1990-02-20,8.06,8.62,0.9350348027842229
1990-02-21,8.01,8.62,0.9292343387470998
1990-02-22,7.99,8.54,0.9355971896955505
1990-02-23,7.93,8.53,0.9296600234466589
1990-02-26,7.97,8.46,0.9420803782505909
1990-02-27,7.99,8.41,0.9500594530321046
1990-02-28,8.04,8.51,0.944770857814336
1990-03-01,8.08,8.59,0.940628637951106
1990-03-02,8.02,8.54,0.9391100702576113
1990-03-05,8.09,8.65,0.9352601156069363
1990-03-06,8.17,8.59,0.951105937136205
1990-03-07,8.18,8.58,0.9533799533799533
1990-03-08,8.18,8.57,0.954492415402567
1990-03-09,8.26,8.65,0.9549132947976878
1990-03-12,8.26,8.63,0.9571263035921204
1990-03-13,8.26,8.73,0.9461626575028637
1990-03-14,8.23,8.65,0.9514450867052023
1990-03-15,8.21,8.66,0.9480369515011549
1990-03-16,8.19,8.59,0.9534342258440046
1990-03-19,8.22,8.59,0.9569266589057044
1990-03-20,8.25,8.54,0.9660421545667448
1990-03-21,8.23,8.55,0.9625730994152046
1990-03-22,8.17,8.53,0.9577960140679954
1990-03-23,8.15,8.52,0.9565727699530517
1990-03-26,8.13,8.51,0.955346650998825
1990-03-27,8.17,8.52,0.9589201877934272
1990-03-28,8.12,8.51,0.9541715628672149
1990-03-29,8.1,8.6,0.9418604651162791
1990-03-30,8.07,8.65,0.9329479768786128
1990-04-02,8.05,8.65,0.930635838150289
1990-04-03,8.09,8.63,0.9374275782155271
1990-04-04,8.01,8.55,0.9368421052631578
1990-04-05,8.02,8.57,0.9358226371061843
1990-04-06,8.02,8.56,0.9369158878504672
1990-04-09,8.09,8.59,0.9417927823050058
1990-04-10,8.05,8.6,0.9360465116279071
1990-04-11,8.03,8.63,0.9304750869061412
1990-04-12,8.02,8.64,0.9282407407407406
1990-04-13,,,
1990-04-16,8.01,8.68,0.9228110599078341
1990-04-17,8.03,8.77,0.9156214367160775
1990-04-18,8.08,8.86,0.9119638826185102
1990-04-19,8.06,8.87,0.9086809470124015
1990-04-20,7.95,8.95,0.8882681564245811
1990-04-23,8.0,8.98,0.8908685968819599
1990-04-24,8.03,9.0,0.8922222222222221
1990-04-25,8.06,9.01,0.8945615982241955
1990-04-26,8.09,9.07,0.8919514884233737
1990-04-27,8.05,9.06,0.8885209713024282
1990-04-30,8.07,9.04,0.8926991150442479
1990-05-01,8.19,9.08,0.9019823788546255
1990-05-02,8.17,9.09,0.8987898789878987
1990-05-03,8.15,9.04,0.9015486725663718
1990-05-04,8.02,8.84,0.9072398190045249
1990-05-07,8.09,8.87,0.9120631341600902
1990-05-08,8.06,8.84,0.911764705882353
1990-05-09,8.01,8.88,0.902027027027027
1990-05-10,7.97,8.82,0.9036281179138321
1990-05-11,7.88,8.64,0.912037037037037
1990-05-14,7.89,8.61,0.9163763066202091
1990-05-15,7.91,8.65,0.914450867052023
1990-05-16,7.93,8.68,0.913594470046083
1990-05-17,7.93,8.69,0.9125431530494822
1990-05-18,8.01,8.75,0.9154285714285714
1990-05-21,8.02,8.74,0.9176201372997711
1990-05-22,7.99,8.65,0.923699421965318
1990-05-23,7.91,8.61,0.91869918699187
1990-05-24,7.95,8.63,0.9212050984936269
1990-05-25,8.01,8.69,0.9217491369390104
1990-05-28,,,
1990-05-29,8.02,8.66,0.9260969976905311
1990-05-30,8.03,8.62,0.931554524361949
1990-05-31,8.01,8.6,0.9313953488372093
1990-06-01,7.94,8.44,0.9407582938388627
1990-06-04,7.96,8.44,0.9431279620853081
1990-06-05,7.96,8.47,0.9397874852420306
1990-06-06,7.96,8.46,0.9408983451536642
1990-06-07,7.96,8.46,0.9408983451536642
1990-06-08,7.96,8.46,0.9408983451536642
1990-06-11,7.99,8.48,0.9422169811320754
1990-06-12,7.99,8.48,0.9422169811320754
1990-06-13,7.93,8.4,0.944047619047619
1990-06-14,7.92,8.38,0.945107398568019
1990-06-15,7.95,8.46,0.9397163120567376
1990-06-18,7.93,8.5,0.9329411764705882
1990-06-19,8.0,8.51,0.9400705052878966
1990-06-20,8.03,8.55,0.9391812865497075
1990-06-21,8.03,8.52,0.9424882629107981
1990-06-22,8.04,8.51,0.944770857814336
1990-06-25,8.05,8.58,0.9382284382284383
1990-06-26,8.07,8.56,0.9427570093457943
1990-06-27,8.05,8.52,0.9448356807511739
1990-06-28,8.0,8.47,0.9445100354191263
1990-06-29,8.0,8.43,0.9489916963226572
1990-07-02,8.0,8.43,0.9489916963226572
1990-07-03,7.96,8.4,0.9476190476190476
1990-07-04,,,
1990-07-05,7.92,8.42,0.9406175771971497
1990-07-06,8.01,8.51,0.9412455934195064
1990-07-09,8.06,8.57,0.94049008168028
1990-07-10,8.07,8.57,0.941656942823804
1990-07-11,8.05,8.57,0.9393232205367562
1990-07-12,7.94,8.5,0.9341176470588236
1990-07-13,7.85,8.45,0.9289940828402368
1990-07-16,7.86,8.44,0.9312796208530807
1990-07-17,7.87,8.44,0.9324644549763034
1990-07-18,7.8,8.5,0.9176470588235294
1990-07-19,7.79,8.51,0.9153936545240894
1990-07-20,7.79,8.48,0.9186320754716981
1990-07-23,7.73,8.48,0.9115566037735849
1990-07-24,7.78,8.53,0.9120750293083236
1990-07-25,7.81,8.49,0.9199057714958775
1990-07-26,7.83,8.49,0.9222614840989399
1990-07-27,7.77,8.42,0.9228028503562945
1990-07-30,7.74,8.34,0.9280575539568345
1990-07-31,7.74,8.36,0.9258373205741628
1990-08-01,7.67,8.29,0.9252110977080821
1990-08-02,7.68,8.41,0.9131985731272294
1990-08-03,7.52,8.43,0.8920521945432978
1990-08-06,7.54,8.71,0.8656716417910447
1990-08-07,7.61,8.78,0.866742596810934
1990-08-08,7.62,8.77,0.8688711516533638
1990-08-09,7.66,8.66,0.8845265588914549
1990-08-10,7.64,8.68,0.880184331797235
1990-08-13,7.66,8.71,0.8794489092996555
1990-08-14,7.68,8.66,0.8868360277136258
1990-08-15,7.7,8.64,0.8912037037037037
1990-08-16,7.73,8.76,0.882420091324201
1990-08-17,7.72,8.8,0.8772727272727272
1990-08-20,7.77,8.81,0.8819523269012485
1990-08-21,7.83,8.84,0.8857466063348417
1990-08-22,7.85,8.91,0.8810325476992144
1990-08-23,7.79,9.0,0.8655555555555555
1990-08-24,7.74,9.05,0.8552486187845303
1990-08-27,7.78,8.9,0.8741573033707866
1990-08-28,7.73,8.94,0.8646532438478748
1990-08-29,7.72,8.84,0.8733031674208145
1990-08-30,7.7,8.86,0.8690744920993229
1990-08-31,7.63,8.86,0.8611738148984199
1990-09-03,,,
1990-09-04,7.64,8.9,0.8584269662921348
1990-09-05,7.61,8.86,0.8589164785553048
1990-09-06,7.62,8.84,0.8619909502262444
1990-09-07,7.63,8.81,0.8660612939841089
1990-09-10,7.68,8.85,0.8677966101694915
1990-09-11,7.67,8.83,0.8686296715741789
1990-09-12,7.61,8.82,0.86281179138322
1990-09-13,7.59,8.82,0.8605442176870748
1990-09-14,7.59,8.87,0.8556933483652762
1990-09-17,7.61,8.9,0.8550561797752809
1990-09-18,7.61,8.9,0.8550561797752809
1990-09-19,7.64,8.88,0.8603603603603602
1990-09-20,7.63,8.91,0.856341189674523
1990-09-21,7.6,8.99,0.8453837597330367
1990-09-24,7.63,9.04,0.8440265486725664
1990-09-25,7.59,9.02,0.8414634146341463
1990-09-26,7.57,9.0,0.8411111111111111
1990-09-27,7.47,8.91,0.8383838383838383
1990-09-28,7.37,8.82,0.8356009070294784
1990-10-01,7.37,8.71,0.846153846153846
1990-10-02,7.41,8.69,0.852704257767549
1990-10-03,7.38,8.71,0.8473019517795636
1990-10-04,7.36,8.67,0.8489042675893888
1990-10-05,7.27,8.65,0.8404624277456647
1990-10-08,,,
1990-10-09,7.41,8.83,0.8391845979614949
1990-10-10,7.44,8.89,0.8368953880764904
1990-10-11,7.35,8.92,0.8239910313901345
1990-10-12,7.37,8.84,0.833710407239819
1990-10-15,7.4,8.8,0.8409090909090908
1990-10-16,7.39,8.79,0.8407281001137656
1990-10-17,7.44,8.76,0.8493150684931507
1990-10-18,7.49,8.71,0.8599311136624569
1990-10-19,7.48,8.62,0.8677494199535964
1990-10-22,7.47,8.63,0.8655851680185399
1990-10-23,7.45,8.65,0.861271676300578
1990-10-24,7.46,8.66,0.8614318706697459
1990-10-25,7.41,8.62,0.8596287703016242
1990-10-26,7.36,8.63,0.8528389339513325
1990-10-29,7.38,8.7,0.8482758620689655
1990-10-30,7.37,8.7,0.8471264367816093
1990-10-31,7.34,8.65,0.8485549132947976
1990-11-01,7.28,8.57,0.8494749124854143
1990-11-02,7.31,8.57,0.8529754959159859
1990-11-05,7.31,8.5,0.86
1990-11-06,7.31,8.52,0.857981220657277
1990-11-07,7.32,8.57,0.8541423570595099
1990-11-08,7.32,8.58,0.8531468531468531
1990-11-09,7.27,8.49,0.856301531213192
1990-11-12,,,
1990-11-13,7.27,8.37,0.8685782556750299
1990-11-14,7.3,8.36,0.8732057416267943
1990-11-15,7.32,8.37,0.874551971326165
1990-11-16,7.31,8.3,0.8807228915662649
1990-11-19,7.33,8.35,0.8778443113772455
1990-11-20,7.32,8.31,0.8808664259927798
1990-11-21,7.27,8.27,0.879081015719468
1990-11-22,,,
1990-11-23,7.25,8.28,0.8756038647342996
1990-11-26,7.26,8.27,0.8778718258766627
1990-11-27,7.27,8.28,0.8780193236714976
1990-11-28,7.29,8.3,0.8783132530120481
1990-11-29,7.26,8.32,0.8725961538461537
1990-11-30,7.24,8.26,0.8765133171912833
1990-12-03,7.28,8.22,0.8856447688564476
1990-12-04,7.24,8.2,0.8829268292682928
1990-12-05,7.23,8.16,0.886029411764706
1990-12-06,7.22,8.18,0.882640586797066
1990-12-07,7.1,8.03,0.8841843088418431
1990-12-10,7.07,7.98,0.8859649122807017
1990-12-11,7.06,7.94,0.8891687657430729
1990-12-12,7.0,7.91,0.8849557522123893
1990-12-13,7.05,7.98,0.8834586466165413
1990-12-14,7.06,8.05,0.8770186335403726
1990-12-17,7.02,8.02,0.8753117206982544
1990-12-18,6.94,7.99,0.8685857321652065
1990-12-19,6.83,8.0,0.85375
1990-12-20,6.75,8.05,0.8385093167701863
1990-12-21,6.79,8.11,0.8372379778051788
1990-12-24,6.73,8.2,0.8207317073170733
1990-12-25,,,
1990-12-26,6.68,8.15,0.8196319018404907
1990-12-27,6.67,8.11,0.8224414303329224
1990-12-28,6.64,8.14,0.8157248157248156
1990-12-31,6.63,8.08,0.8205445544554455
1991-01-01,,,
1991-01-02,6.66,7.97,0.8356336260978671
1991-01-03,6.64,7.93,0.8373266078184111
1991-01-04,6.73,8.02,0.8391521197007482
1991-01-07,6.71,8.13,0.8253382533825337
1991-01-08,6.64,8.16,0.8137254901960784
1991-01-09,6.44,8.25,0.7806060606060606
1991-01-10,6.4,8.16,0.7843137254901961
1991-01-11,6.34,8.2,0.7731707317073171
1991-01-14,6.24,8.23,0.7582017010935601
1991-01-15,6.23,8.22,0.7579075425790754
1991-01-16,6.22,8.24,0.7548543689320388
1991-01-17,6.3,8.05,0.7826086956521738
1991-01-18,6.24,8.03,0.7770859277708594
1991-01-21,,,
1991-01-22,6.24,8.07,0.7732342007434945
1991-01-23,6.32,8.04,0.7860696517412936
1991-01-24,6.31,8.0,0.78875
1991-01-25,6.35,8.06,0.7878411910669975
1991-01-28,6.44,8.06,0.7990074441687345
1991-01-29,6.41,8.03,0.7982565379825655
1991-01-30,6.39,8.05,0.7937888198757763
1991-01-31,6.37,8.03,0.7932752179327522
1991-02-01,6.17,7.91,0.7800252844500631
1991-02-04,6.15,7.88,0.7804568527918783
1991-02-05,6.15,7.85,0.7834394904458599
1991-02-06,6.08,7.79,0.7804878048780488
1991-02-07,6.11,7.82,0.7813299232736574
1991-02-08,6.09,7.77,0.7837837837837838
1991-02-11,6.05,7.78,0.7776349614395887
1991-02-12,6.02,7.78,0.7737789203084832
1991-02-13,6.03,7.78,0.7750642673521851
1991-02-14,6.02,7.8,0.7717948717948717
1991-02-15,6.08,7.78,0.781491002570694
1991-02-18,,,
1991-02-19,6.13,7.8,0.7858974358974359
1991-02-20,6.11,7.84,0.7793367346938777
1991-02-21,6.09,7.88,0.7728426395939086
1991-02-22,6.12,7.91,0.7737041719342604
1991-02-25,6.16,7.91,0.7787610619469026
1991-02-26,6.22,7.96,0.7814070351758794
1991-02-27,6.21,7.98,0.7781954887218044
1991-02-28,6.22,8.02,0.7755610972568578
1991-03-01,6.27,8.12,0.7721674876847291
1991-03-04,6.24,8.12,0.768472906403941
1991-03-05,6.25,8.08,0.7735148514851485
1991-03-06,6.28,8.11,0.7743526510480888
1991-03-07,6.27,8.07,0.7769516728624535
1991-03-08,6.16,8.13,0.7576875768757687
1991-03-11,6.08,8.06,0.7543424317617866
1991-03-12,6.05,8.09,0.7478368355995055
1991-03-13,6.02,8.02,0.7506234413965087
1991-03-14,5.94,8.02,0.7406483790523691
1991-03-15,5.98,8.1,0.7382716049382717
1991-03-18,6.03,8.15,0.7398773006134969
1991-03-19,6.08,8.25,0.7369696969696969
1991-03-20,6.07,8.2,0.7402439024390245
1991-03-21,6.06,8.16,0.7426470588235293
1991-03-22,6.06,8.13,0.7453874538745386
1991-03-25,6.07,8.13,0.7466174661746617
1991-03-26,6.05,8.13,0.7441574415744157
1991-03-27,5.99,8.08,0.7413366336633663
1991-03-28,5.92,8.05,0.7354037267080744
1991-03-29,,,
1991-04-01,5.94,8.07,0.7360594795539034
1991-04-02,5.95,8.03,0.7409713574097136
1991-04-03,5.95,8.05,0.7391304347826086
1991-04-04,5.92,8.0,0.74
1991-04-05,5.89,7.99,0.7371714643304129
1991-04-08,5.83,7.98,0.7305764411027569
1991-04-09,5.79,8.03,0.7210460772104609
1991-04-10,5.79,8.1,0.7148148148148149
1991-04-11,5.74,8.09,0.7095179233621756
1991-04-12,5.68,7.98,0.7117794486215538
1991-04-15,5.77,7.95,0.7257861635220125
1991-04-16,5.79,7.97,0.726474278544542
1991-04-17,5.73,7.95,0.7207547169811321
1991-04-18,5.84,8.02,0.7281795511221946
1991-04-19,5.93,8.1,0.7320987654320987
1991-04-22,5.87,8.15,0.7202453987730061
1991-04-23,5.89,8.12,0.7253694581280788
1991-04-24,5.84,8.06,0.7245657568238213
1991-04-25,5.78,8.07,0.7162329615861215
1991-04-26,5.79,8.06,0.7183622828784119
1991-04-29,5.77,8.07,0.714993804213135
1991-04-30,5.68,8.02,0.7082294264339152
1991-05-01,5.71,8.01,0.7128589263420724
1991-05-02,5.63,7.97,0.7063989962358845
1991-05-03,5.64,8.04,0.7014925373134329
1991-05-06,5.64,8.05,0.7006211180124222
1991-05-07,5.67,8.06,0.7034739454094292
1991-05-08,5.67,8.04,0.705223880597015
1991-05-09,5.65,8.02,0.7044887780548629
1991-05-10,5.65,8.12,0.6958128078817735
1991-05-13,5.65,8.07,0.7001239157372987
1991-05-14,5.66,8.14,0.6953316953316953
1991-05-15,5.62,8.13,0.6912669126691267
1991-05-16,5.57,8.12,0.685960591133005
1991-05-17,5.57,8.08,0.6893564356435644
1991-05-20,5.63,8.1,0.6950617283950618
1991-05-21,5.67,8.06,0.7034739454094292
1991-05-22,5.63,8.06,0.6985111662531017
1991-05-23,5.57,8.1,0.6876543209876543
1991-05-24,5.57,8.1,0.6876543209876543
1991-05-27,,,
1991-05-28,5.59,8.07,0.6926889714993804
1991-05-29,5.62,8.07,0.6964064436183395
1991-05-30,5.62,8.02,0.7007481296758106
1991-05-31,5.71,8.06,0.7084367245657568
1991-06-03,5.79,8.14,0.7113022113022113
1991-06-04,5.74,8.14,0.7051597051597052
1991-06-05,5.76,8.19,0.7032967032967034
1991-06-06,5.74,8.23,0.6974483596597812
1991-06-07,5.74,8.29,0.6924004825090472
1991-06-10,5.77,8.29,0.6960193003618818
1991-06-11,5.74,8.29,0.6924004825090472
1991-06-12,5.73,8.36,0.6854066985645934
1991-06-13,5.76,8.34,0.6906474820143885
1991-06-14,5.77,8.29,0.6960193003618818
1991-06-17,5.78,8.3,0.6963855421686747
1991-06-18,5.8,8.32,0.6971153846153846
1991-06-19,5.74,8.33,0.6890756302521008
1991-06-20,5.74,8.3,0.6915662650602409
1991-06-21,5.75,8.32,0.6911057692307692
1991-06-24,5.75,8.33,0.6902761104441777
1991-06-25,5.75,8.33,0.6902761104441777
1991-06-26,5.73,8.33,0.6878751500600241
1991-06-27,5.73,8.32,0.6887019230769231
1991-06-28,5.71,8.24,0.6929611650485437
1991-07-01,5.76,8.26,0.6973365617433414
1991-07-02,5.75,8.27,0.6952841596130593
1991-07-03,5.73,8.26,0.6937046004842615
1991-07-04,,,
1991-07-05,5.76,8.34,0.6906474820143885
1991-07-08,5.75,8.34,0.6894484412470024
1991-07-09,5.76,8.36,0.6889952153110048
1991-07-10,5.75,8.35,0.688622754491018
1991-07-11,5.74,8.3,0.6915662650602409
1991-07-12,5.72,8.26,0.6924939467312349
1991-07-15,5.75,8.26,0.6961259079903148
1991-07-16,5.76,8.27,0.6964933494558646
1991-07-17,5.79,8.3,0.6975903614457831
1991-07-18,5.77,8.31,0.694344163658243
1991-07-19,5.76,8.28,0.6956521739130435
1991-07-22,5.76,8.28,0.6956521739130435
1991-07-23,5.76,8.31,0.6931407942238267
1991-07-24,5.75,8.24,0.6978155339805825
1991-07-25,5.76,8.2,0.702439024390244
1991-07-26,5.76,8.2,0.702439024390244
1991-07-29,5.75,8.2,0.701219512195122
1991-07-30,5.73,8.21,0.6979293544457977
1991-07-31,5.7,8.2,0.6951219512195123
1991-08-01,5.72,8.2,0.6975609756097562
1991-08-02,5.63,8.06,0.6985111662531017
1991-08-05,5.68,8.04,0.7064676616915423
1991-08-06,5.58,7.97,0.7001254705144292
1991-08-07,5.55,7.93,0.699873896595208
1991-08-08,5.54,7.98,0.6942355889724311
1991-08-09,5.48,7.98,0.6867167919799498
1991-08-12,5.48,7.95,0.689308176100629
1991-08-13,5.45,7.91,0.6890012642225032
1991-08-14,5.45,7.82,0.69693094629156
1991-08-15,5.46,7.84,0.6964285714285714
1991-08-16,5.42,7.84,0.6913265306122449
1991-08-19,5.27,7.83,0.6730523627075351
1991-08-20,5.26,7.81,0.6734955185659411
1991-08-21,5.44,7.8,0.6974358974358975
1991-08-22,5.47,7.78,0.7030848329048842
1991-08-23,5.56,7.88,0.7055837563451777
1991-08-26,5.58,7.91,0.7054361567635904
1991-08-27,5.55,7.89,0.7034220532319392
1991-08-28,5.46,7.82,0.6982097186700768
1991-08-29,5.43,7.74,0.7015503875968991
1991-08-30,5.49,7.82,0.7020460358056266
1991-09-02,,,
1991-09-03,5.51,7.81,0.70550576184379
1991-09-04,5.49,7.81,0.7029449423815621
1991-09-05,5.48,7.83,0.6998722860791827
1991-09-06,5.45,7.76,0.702319587628866
1991-09-09,5.44,7.73,0.703751617076326
1991-09-10,5.4,7.73,0.6985769728331177
1991-09-11,5.42,7.74,0.7002583979328165
1991-09-12,5.38,7.67,0.7014341590612777
1991-09-13,5.31,7.66,0.6932114882506527
1991-09-16,5.34,7.63,0.6998689384010485
1991-09-17,5.35,7.62,0.7020997375328083
1991-09-18,5.34,7.62,0.7007874015748031
1991-09-19,5.36,7.61,0.7043363994743759
1991-09-20,5.35,7.57,0.7067371202113606
1991-09-23,5.37,7.55,0.7112582781456954
1991-09-24,5.33,7.56,0.7050264550264551
1991-09-25,5.33,7.58,0.7031662269129287
1991-09-26,5.28,7.56,0.6984126984126985
1991-09-27,5.28,7.49,0.7049399198931909
1991-09-30,5.26,7.47,0.7041499330655957
1991-10-01,5.25,7.45,0.7046979865771812
1991-10-02,5.24,7.47,0.7014725568942437
1991-10-03,5.19,7.47,0.6947791164658635
1991-10-04,5.17,7.39,0.6995940460081191
1991-10-07,5.18,7.4,0.7
1991-10-08,5.17,7.43,0.6958277254374159
1991-10-09,5.16,7.51,0.6870838881491346
1991-10-10,5.18,7.58,0.683377308707124
1991-10-11,5.14,7.49,0.6862483311081441
1991-10-14,,,
1991-10-15,5.13,7.46,0.6876675603217158
1991-10-16,5.12,7.45,0.687248322147651
1991-10-17,5.18,7.55,0.686092715231788
1991-10-18,5.18,7.53,0.6879150066401062
1991-10-21,5.19,7.62,0.6811023622047244
1991-10-22,5.21,7.67,0.6792698826597132
1991-10-23,5.19,7.69,0.6749024707412223
1991-10-24,5.12,7.65,0.6692810457516339
1991-10-25,5.11,7.68,0.6653645833333334
1991-10-28,5.09,7.65,0.665359477124183
1991-10-29,5.03,7.51,0.6697736351531293
1991-10-30,4.98,7.48,0.6657754010695187
1991-10-31,4.96,7.47,0.6639892904953146
1991-11-01,4.89,7.48,0.6537433155080213
1991-11-04,4.88,7.5,0.6506666666666666
1991-11-05,4.9,7.56,0.6481481481481483
1991-11-06,4.76,7.51,0.6338215712383488
1991-11-07,4.76,7.43,0.6406460296096904
1991-11-08,4.75,7.41,0.641025641025641
1991-11-11,,,
1991-11-12,4.77,7.37,0.6472184531886024
1991-11-13,4.76,7.41,0.6423751686909581
1991-11-14,4.76,7.35,0.6476190476190476
1991-11-15,4.72,7.33,0.6439290586630286
1991-11-18,4.71,7.33,0.6425648021828103
1991-11-19,4.66,7.37,0.6322930800542741
1991-11-20,4.62,7.38,0.6260162601626017
1991-11-21,4.56,7.39,0.6170500676589986
1991-11-22,4.55,7.44,0.6115591397849461
1991-11-25,4.55,7.45,0.610738255033557
1991-11-26,4.52,7.42,0.6091644204851752
1991-11-27,4.51,7.42,0.6078167115902965
1991-11-28,,,
1991-11-29,4.47,7.38,0.6056910569105691
1991-12-02,4.51,7.32,0.6161202185792349
1991-12-03,4.48,7.28,0.6153846153846154
1991-12-04,4.43,7.17,0.6178521617852162
1991-12-05,4.43,7.21,0.6144244105409153
1991-12-06,4.36,7.26,0.6005509641873279
1991-12-09,4.28,7.22,0.592797783933518
1991-12-10,4.32,7.21,0.5991678224687934
1991-12-11,4.26,7.22,0.590027700831025
1991-12-12,4.26,7.19,0.5924895688456189
1991-12-13,4.26,7.22,0.590027700831025
1991-12-16,4.25,7.21,0.5894590846047156
1991-12-17,4.22,7.18,0.5877437325905293
1991-12-18,4.23,7.19,0.588317107093185
1991-12-19,4.15,7.11,0.5836849507735584
1991-12-20,3.84,6.97,0.5509325681492109
1991-12-23,3.87,6.88,0.5625
1991-12-24,3.91,6.88,0.5683139534883721
1991-12-25,,,
1991-12-26,3.92,6.85,0.5722627737226278
1991-12-27,3.96,6.82,0.5806451612903225
1991-12-30,3.97,6.76,0.5872781065088758
1991-12-31,3.96,6.71,0.5901639344262295
1992-01-01,,,
1992-01-02,3.96,6.78,0.584070796460177
1992-01-03,3.95,6.85,0.5766423357664234
1992-01-06,3.92,6.82,0.5747800586510263
1992-01-07,3.85,6.76,0.569526627218935
1992-01-08,3.82,6.77,0.5642540620384048
1992-01-09,3.87,6.79,0.5699558173784978
1992-01-10,3.92,6.85,0.5722627737226278
1992-01-13,3.92,6.92,0.5664739884393064
1992-01-14,3.92,7.03,0.5576102418207681
1992-01-15,3.94,7.05,0.5588652482269504
1992-01-16,3.89,7.13,0.5455820476858345
1992-01-17,3.89,7.09,0.5486600846262342
1992-01-20,,,
1992-01-21,3.86,7.03,0.5490753911806543
1992-01-22,3.85,7.09,0.5430183356840621
1992-01-23,3.87,7.2,0.5375
1992-01-24,3.91,7.25,0.5393103448275862
1992-01-27,3.93,7.24,0.5428176795580111
1992-01-28,3.93,7.16,0.5488826815642458
1992-01-29,3.96,7.25,0.5462068965517242
1992-01-30,3.93,7.31,0.5376196990424077
1992-01-31,3.94,7.31,0.5389876880984953
1992-02-03,3.96,7.36,0.5380434782608695
1992-02-04,3.94,7.29,0.5404663923182441
1992-02-05,3.94,7.21,0.5464632454923717
1992-02-06,3.91,7.2,0.5430555555555555
1992-02-07,3.84,7.2,0.5333333333333333
1992-02-10,3.83,7.21,0.5312066574202496
1992-02-11,3.85,7.23,0.5325034578146611
1992-02-12,3.85,7.3,0.5273972602739726
1992-02-13,3.89,7.4,0.5256756756756756
1992-02-14,3.89,7.41,0.524966261808367
1992-02-17,,,
1992-02-18,3.93,7.47,0.5261044176706827
1992-02-19,3.95,7.42,0.532345013477089
1992-02-20,3.98,7.41,0.5371120107962213
1992-02-21,4.03,7.45,0.5409395973154363
1992-02-24,4.07,7.47,0.5448460508701473
1992-02-25,4.07,7.44,0.5470430107526881
1992-02-26,4.05,7.33,0.5525238744884038
1992-02-27,4.04,7.35,0.5496598639455783
1992-02-28,4.03,7.27,0.5543328748280606
1992-03-02,4.14,7.38,0.5609756097560975
1992-03-03,4.14,7.43,0.5572005383580081
1992-03-04,4.13,7.43,0.5558546433378196
1992-03-05,4.14,7.51,0.5512649800266312
1992-03-06,4.14,7.48,0.5534759358288769
1992-03-09,4.1,7.42,0.5525606469002695
1992-03-10,4.11,7.43,0.5531628532974429
1992-03-11,4.11,7.51,0.5472703062583223
1992-03-12,4.12,7.62,0.5406824146981627
1992-03-13,4.16,7.71,0.5395590142671854
1992-03-16,4.18,7.69,0.5435630689206762
1992-03-17,4.16,7.62,0.5459317585301837
1992-03-18,4.15,7.62,0.5446194225721785
1992-03-19,4.15,7.57,0.548216644649934
1992-03-20,4.16,7.64,0.5445026178010471
1992-03-23,4.17,7.62,0.547244094488189
1992-03-24,4.15,7.53,0.551128818061089
1992-03-25,4.11,7.53,0.5458167330677292
1992-03-26,4.11,7.57,0.5429326287978864
1992-03-27,4.11,7.54,0.5450928381962865
1992-03-30,4.16,7.54,0.5517241379310345
1992-03-31,4.15,7.54,0.5503978779840849
1992-04-01,4.11,7.46,0.5509383378016086
1992-04-02,4.12,7.47,0.5515394912985275
1992-04-03,4.06,7.42,0.5471698113207547
1992-04-06,4.03,7.41,0.543859649122807
1992-04-07,3.96,7.41,0.534412955465587
1992-04-08,3.96,7.44,0.532258064516129
1992-04-09,3.75,7.35,0.5102040816326531
1992-04-10,3.74,7.37,0.5074626865671642
1992-04-13,3.7,7.33,0.504774897680764
1992-04-14,3.7,7.35,0.5034013605442177
1992-04-15,3.7,7.37,0.5020352781546812
1992-04-16,3.73,7.45,0.5006711409395973
1992-04-17,,,
1992-04-20,3.79,7.59,0.4993412384716733
1992-04-21,3.77,7.58,0.4973614775725594
1992-04-22,3.77,7.57,0.49801849405548215
1992-04-23,3.76,7.59,0.49538866930171277
1992-04-24,3.76,7.55,0.49801324503311256
1992-04-27,3.82,7.6,0.5026315789473684
1992-04-28,3.8,7.57,0.5019815059445177
1992-04-29,3.8,7.6,0.5
1992-04-30,3.79,7.61,0.4980289093298292
1992-05-01,3.72,7.56,0.4920634920634921
1992-05-04,3.71,7.58,0.4894459102902375
1992-05-05,3.72,7.56,0.4920634920634921
1992-05-06,3.7,7.46,0.49597855227882043
1992-05-07,3.71,7.49,0.4953271028037383
1992-05-08,3.72,7.41,0.5020242914979757
1992-05-11,3.74,7.4,0.5054054054054055
1992-05-12,3.7,7.36,0.5027173913043478
1992-05-13,3.67,7.34,0.5
1992-05-14,3.65,7.34,0.49727520435967304
1992-05-15,3.66,7.28,0.5027472527472527
1992-05-18,3.69,7.28,0.5068681318681318
1992-05-19,3.62,7.2,0.5027777777777778
1992-05-20,3.65,7.25,0.503448275862069
1992-05-21,3.76,7.39,0.5087956698240866
1992-05-22,3.77,7.35,0.5129251700680273
1992-05-25,,,
1992-05-26,3.84,7.46,0.514745308310992
1992-05-27,3.79,7.44,0.5094086021505376
1992-05-28,3.77,7.36,0.5122282608695652
1992-05-29,3.79,7.33,0.5170532060027285
1992-06-01,3.82,7.39,0.516914749661705
1992-06-02,3.83,7.35,0.5210884353741497
1992-06-03,3.8,7.34,0.5177111716621253
1992-06-04,3.78,7.34,0.5149863760217983
1992-06-05,3.77,7.31,0.5157318741450069
1992-06-08,3.78,7.31,0.5170998632010944
1992-06-09,3.77,7.33,0.514324693042292
1992-06-10,3.77,7.35,0.5129251700680273
1992-06-11,3.75,7.33,0.5115961800818554
1992-06-12,3.75,7.29,0.51440329218107
1992-06-15,3.75,7.28,0.5151098901098901
1992-06-16,3.72,7.24,0.5138121546961326
1992-06-17,3.7,7.23,0.5117565698478561
1992-06-18,3.69,7.19,0.513212795549374
1992-06-19,3.74,7.24,0.5165745856353592
1992-06-22,3.75,7.24,0.5179558011049724
1992-06-23,3.77,7.25,0.52
1992-06-24,3.72,7.2,0.5166666666666667
1992-06-25,3.71,7.14,0.5196078431372549
1992-06-26,3.71,7.15,0.5188811188811189
1992-06-29,3.66,7.12,0.5140449438202247
1992-06-30,3.65,7.14,0.511204481792717
1992-07-01,3.63,7.1,0.5112676056338028
1992-07-02,3.31,6.93,0.4776334776334777
1992-07-03,,,
1992-07-06,3.29,6.9,0.47681159420289854
1992-07-07,3.28,6.87,0.4774381368267831
1992-07-08,3.29,6.91,0.4761215629522431
1992-07-09,3.28,6.91,0.4746743849493487
1992-07-10,3.29,6.93,0.47474747474747475
1992-07-13,3.29,6.97,0.4720229555236729
1992-07-14,3.28,6.97,0.47058823529411764
1992-07-15,3.25,6.9,0.47101449275362317
1992-07-16,3.24,6.87,0.4716157205240175
1992-07-17,3.23,6.9,0.4681159420289855
1992-07-20,3.26,6.9,0.472463768115942
1992-07-21,3.26,6.89,0.4731494920174165
1992-07-22,3.24,6.85,0.47299270072992705
1992-07-23,3.23,6.72,0.4806547619047619
1992-07-24,3.23,6.73,0.47994056463595836
1992-07-27,3.26,6.69,0.48729446935724957
1992-07-28,3.26,6.63,0.4917043740573152
1992-07-29,3.25,6.6,0.49242424242424243
1992-07-30,3.25,6.69,0.4857997010463378
1992-07-31,3.25,6.72,0.4836309523809524
1992-08-03,3.25,6.72,0.4836309523809524
1992-08-04,3.24,6.66,0.4864864864864865
1992-08-05,3.24,6.64,0.48795180722891573
1992-08-06,3.23,6.65,0.4857142857142857
1992-08-07,3.21,6.57,0.4885844748858447
1992-08-10,3.2,6.52,0.49079754601227
1992-08-11,3.2,6.5,0.49230769230769234
1992-08-12,3.19,6.48,0.4922839506172839
1992-08-13,3.16,6.55,0.4824427480916031
1992-08-14,3.13,6.53,0.47932618683001527
1992-08-17,3.16,6.56,0.48170731707317077
1992-08-18,3.14,6.48,0.4845679012345679
1992-08-19,3.15,6.47,0.4868624420401855
1992-08-20,3.15,6.46,0.4876160990712074
1992-08-21,3.14,6.53,0.48085758039816234
1992-08-24,3.23,6.68,0.48353293413173654
1992-08-25,3.24,6.73,0.4814264487369985
1992-08-26,3.23,6.68,0.48353293413173654
1992-08-27,3.23,6.64,0.4864457831325301
1992-08-28,3.23,6.63,0.48717948717948717
1992-08-31,3.23,6.62,0.4879154078549849
1992-09-01,3.22,6.56,0.4908536585365854
1992-09-02,3.21,6.54,0.4908256880733945
1992-09-03,3.21,6.54,0.4908256880733945
1992-09-04,2.98,6.4,0.46562499999999996
1992-09-07,,,
1992-09-08,2.96,6.29,0.47058823529411764
1992-09-09,2.97,6.31,0.47068145800316963
1992-09-10,2.97,6.31,0.47068145800316963
1992-09-11,2.98,6.37,0.46781789638932497
1992-09-14,2.95,6.32,0.46677215189873417
1992-09-15,2.98,6.4,0.46562499999999996
1992-09-16,2.96,6.41,0.4617784711388455
1992-09-17,2.94,6.4,0.459375
1992-09-18,2.94,6.41,0.45865834633385333
1992-09-21,2.97,6.42,0.4626168224299066
1992-09-22,2.98,6.5,0.4584615384615385
1992-09-23,2.98,6.54,0.45565749235474007
1992-09-24,2.95,6.48,0.45524691358024694
1992-09-25,2.86,6.41,0.44617784711388453
1992-09-28,2.79,6.37,0.4379905808477237
1992-09-29,2.79,6.37,0.4379905808477237
1992-09-30,2.75,6.37,0.4317111459968603
1992-10-01,2.67,6.23,0.42857142857142855
1992-10-02,2.69,6.26,0.4297124600638978
1992-10-05,2.75,6.24,0.4407051282051282
1992-10-06,2.79,6.3,0.4428571428571429
1992-10-07,2.89,6.46,0.4473684210526316
1992-10-08,2.85,6.41,0.44461778471138846
1992-10-09,2.89,6.52,0.44325153374233134
1992-10-12,,,
1992-10-13,2.95,6.51,0.45314900153609833
1992-10-14,2.99,6.51,0.4592933947772658
1992-10-15,2.98,6.53,0.4563552833078101
1992-10-16,2.97,6.6,0.45000000000000007
1992-10-19,3.04,6.69,0.45440956651718983
1992-10-20,3.09,6.86,0.4504373177842565
1992-10-21,2.99,6.8,0.4397058823529412
1992-10-22,2.98,6.74,0.4421364985163205
1992-10-23,3.0,6.83,0.43923865300146414
1992-10-26,3.02,6.83,0.44216691068814057
1992-10-27,3.0,6.78,0.44247787610619466
1992-10-28,3.0,6.76,0.4437869822485207
1992-10-29,3.02,6.71,0.45007451564828616
1992-10-30,3.03,6.8,0.4455882352941176
1992-11-02,3.08,6.88,0.4476744186046512
1992-11-03,3.1,6.87,0.4512372634643377
1992-11-04,3.09,6.89,0.44847605224963716
1992-11-05,3.08,6.87,0.4483260553129549
1992-11-06,3.13,6.97,0.4490674318507891
1992-11-09,3.17,7.0,0.45285714285714285
1992-11-10,3.15,6.91,0.4558610709117221
1992-11-11,,,
1992-11-12,3.13,6.79,0.4609720176730486
1992-11-13,3.15,6.82,0.46187683284457476
1992-11-16,3.22,6.9,0.4666666666666667
1992-11-17,3.24,6.86,0.47230320699708456
1992-11-18,3.22,6.78,0.47492625368731567
1992-11-19,3.22,6.81,0.472834067547724
1992-11-20,3.28,6.84,0.47953216374269003
1992-11-23,3.34,6.86,0.48688046647230315
1992-11-24,3.29,6.82,0.4824046920821114
1992-11-25,3.31,6.84,0.4839181286549708
1992-11-26,,,
1992-11-27,3.33,6.93,0.48051948051948057
1992-11-30,3.38,6.95,0.48633093525179855
1992-12-01,3.4,6.94,0.48991354466858783
1992-12-02,3.42,6.93,0.4935064935064935
1992-12-03,3.37,6.91,0.487698986975398
1992-12-04,3.32,6.84,0.4853801169590643
1992-12-07,3.35,6.78,0.4941002949852507
1992-12-08,3.33,6.73,0.49479940564635955
1992-12-09,3.3,6.76,0.4881656804733728
1992-12-10,3.29,6.77,0.4859675036927622
1992-12-11,3.32,6.8,0.48823529411764705
1992-12-14,3.33,6.83,0.48755490483162517
1992-12-15,3.29,6.83,0.4816983894582723
1992-12-16,3.28,6.77,0.4844903988183161
1992-12-17,3.27,6.77,0.48301329394387005
1992-12-18,3.23,6.76,0.47781065088757396
1992-12-21,3.25,6.71,0.4843517138599106
1992-12-22,3.27,6.65,0.4917293233082706
1992-12-23,3.25,6.68,0.48652694610778446
1992-12-24,3.23,6.69,0.4828101644245142
1992-12-25,,,
1992-12-28,3.3,6.72,0.49107142857142855
1992-12-29,3.27,6.69,0.4887892376681614
1992-12-30,3.19,6.68,0.47754491017964074
1992-12-31,3.15,6.7,0.47014925373134325
1993-01-01,,,
1993-01-04,3.19,6.6,0.48333333333333334
1993-01-05,3.18,6.61,0.481089258698941
1993-01-06,3.17,6.63,0.4781297134238311
1993-01-07,3.19,6.76,0.4718934911242604
1993-01-08,3.13,6.75,0.4637037037037037
1993-01-11,3.12,6.71,0.46497764530551416
1993-01-12,3.09,6.72,0.45982142857142855
1993-01-13,3.06,6.71,0.45603576751117736
1993-01-14,3.04,6.65,0.45714285714285713
1993-01-15,3.0,6.6,0.4545454545454546
1993-01-18,,,
1993-01-19,3.1,6.59,0.4704097116843703
1993-01-20,3.08,6.61,0.4659606656580938
1993-01-21,3.05,6.6,0.4621212121212121
1993-01-22,3.03,6.57,0.4611872146118721
1993-01-25,3.02,6.48,0.46604938271604934
1993-01-26,3.01,6.5,0.46307692307692305
1993-01-27,2.97,6.48,0.4583333333333333
1993-01-28,2.96,6.44,0.45962732919254656
1993-01-29,2.96,6.39,0.46322378716744916
1993-02-01,3.01,6.38,0.47178683385579934
1993-02-02,3.02,6.46,0.4674922600619195
1993-02-03,2.99,6.45,0.46356589147286825
1993-02-04,2.96,6.39,0.46322378716744916
1993-02-05,2.96,6.32,0.46835443037974683
1993-02-08,3.0,6.37,0.47095761381475665
1993-02-09,2.99,6.41,0.4664586583463339
1993-02-10,3.0,6.4,0.46875
1993-02-11,2.98,6.37,0.46781789638932497
1993-02-12,2.99,6.35,0.4708661417322835
1993-02-15,,,
1993-02-16,3.0,6.34,0.47318611987381703
1993-02-17,2.97,6.28,0.4729299363057325
1993-02-18,2.95,6.17,0.4781199351701783
1993-02-19,2.99,6.15,0.4861788617886179
1993-02-22,3.01,6.09,0.49425287356321834
1993-02-23,3.0,5.92,0.5067567567567568
1993-02-24,3.02,6.01,0.502495840266223
1993-02-25,3.01,6.03,0.4991708126036484
1993-02-26,3.01,6.03,0.4991708126036484
1993-03-01,3.03,5.94,0.51010101010101
1993-03-02,3.03,5.95,0.5092436974789916
1993-03-03,3.0,5.88,0.5102040816326531
1993-03-04,2.97,5.83,0.5094339622641509
1993-03-05,3.07,5.9,0.5203389830508474
1993-03-08,3.05,5.85,0.5213675213675214
1993-03-09,3.05,5.91,0.5160744500846023
1993-03-10,3.04,5.97,0.509212730318258
1993-03-11,3.03,5.96,0.5083892617449665
1993-03-12,3.04,6.11,0.49754500818330605
1993-03-15,3.06,6.17,0.4959481361426256
1993-03-16,3.04,6.06,0.5016501650165017
1993-03-17,3.04,6.02,0.504983388704319
1993-03-18,3.01,5.93,0.5075885328836425
1993-03-19,3.03,5.95,0.5092436974789916
1993-03-22,2.99,5.96,0.5016778523489933
1993-03-23,2.98,5.91,0.5042301184433164
1993-03-24,2.98,5.95,0.5008403361344538
1993-03-25,2.97,5.98,0.49665551839464883
1993-03-26,3.0,6.09,0.49261083743842365
1993-03-29,3.0,6.06,0.4950495049504951
1993-03-30,2.97,6.02,0.4933554817275748
1993-03-31,2.95,6.03,0.4892205638474295
1993-04-01,2.96,6.06,0.4884488448844885
1993-04-02,2.97,6.16,0.48214285714285715
1993-04-05,2.97,6.13,0.4845024469820555
1993-04-06,2.98,6.08,0.4901315789473684
1993-04-07,2.98,6.07,0.49093904448105435
1993-04-08,2.96,5.97,0.49581239530988275
1993-04-09,,,
1993-04-12,2.94,5.92,0.4966216216216216
1993-04-13,2.91,5.93,0.4907251264755481
1993-04-14,2.88,5.9,0.48813559322033895
1993-04-15,2.9,5.88,0.4931972789115646
1993-04-16,2.9,5.89,0.49235993208828527
1993-04-19,2.87,5.87,0.4889267461669506
1993-04-20,2.85,5.87,0.4855195911413969
1993-04-21,2.86,5.86,0.48805460750853236
1993-04-22,2.88,5.85,0.49230769230769234
1993-04-23,2.9,5.89,0.49235993208828527
1993-04-26,2.95,5.94,0.49663299663299665
1993-04-27,2.97,6.02,0.4933554817275748
1993-04-28,2.98,6.03,0.49419568822553894
1993-04-29,2.96,5.99,0.49415692821368945
1993-04-30,2.97,6.05,0.49090909090909096
1993-05-03,2.93,5.96,0.4916107382550336
1993-05-04,2.93,5.92,0.49493243243243246
1993-05-05,2.95,5.93,0.4974704890387859
1993-05-06,2.92,5.89,0.49575551782682514
1993-05-07,2.93,5.92,0.49493243243243246
1993-05-10,2.95,5.89,0.500848896434635
1993-05-11,2.95,5.89,0.500848896434635
1993-05-12,2.96,5.96,0.4966442953020134
1993-05-13,2.99,6.02,0.49667774086378746
1993-05-14,3.03,6.03,0.5024875621890547
1993-05-17,3.08,6.07,0.5074135090609555
1993-05-18,3.08,6.15,0.5008130081300813
1993-05-19,3.03,6.11,0.49590834697217673
1993-05-20,3.03,6.09,0.4975369458128079
1993-05-21,3.07,6.16,0.49837662337662336
1993-05-24,3.15,6.16,0.5113636363636364
1993-05-25,3.14,6.17,0.5089141004862237
1993-05-26,3.12,6.12,0.5098039215686274
1993-05-27,3.13,6.11,0.5122749590834696
1993-05-28,3.13,6.16,0.5081168831168831
1993-05-31,,,
1993-06-01,3.14,6.07,0.5172981878088962
1993-06-02,3.14,6.06,0.5181518151815182
1993-06-03,3.1,6.02,0.5149501661129569
1993-06-04,3.18,6.11,0.5204582651391162
1993-06-07,3.2,6.08,0.5263157894736842
1993-06-08,3.2,6.09,0.5254515599343186
1993-06-09,3.18,6.07,0.5238879736408567
1993-06-10,3.18,6.07,0.5238879736408567
1993-06-11,3.12,5.97,0.5226130653266332
1993-06-14,3.13,5.97,0.52428810720268
1993-06-15,3.12,5.96,0.5234899328859061
1993-06-16,3.11,5.96,0.5218120805369127
1993-06-17,3.1,5.93,0.5227655986509275
1993-06-18,3.13,5.97,0.52428810720268
1993-06-21,3.17,5.92,0.5354729729729729
1993-06-22,3.16,5.91,0.5346869712351946
1993-06-23,3.19,5.91,0.5397631133671743
1993-06-24,3.17,5.88,0.5391156462585034
1993-06-25,3.15,5.84,0.5393835616438356
1993-06-28,3.11,5.8,0.5362068965517242
1993-06-29,3.1,5.79,0.5354058721934369
1993-06-30,3.1,5.8,0.5344827586206897
1993-07-01,3.06,5.8,0.5275862068965518
1993-07-02,3.02,5.76,0.5243055555555556
1993-07-05,,,
1993-07-06,3.12,5.8,0.5379310344827587
1993-07-07,3.11,5.8,0.5362068965517242
1993-07-08,3.09,5.78,0.5346020761245674
1993-07-09,3.09,5.76,0.5364583333333334
1993-07-12,3.1,5.75,0.5391304347826087
1993-07-13,3.11,5.78,0.5380622837370241
1993-07-14,3.08,5.72,0.5384615384615385
1993-07-15,3.08,5.72,0.5384615384615385
1993-07-16,3.08,5.71,0.5394045534150613
1993-07-19,3.12,5.71,0.5464098073555167
1993-07-20,3.13,5.75,0.5443478260869565
1993-07-21,3.14,5.83,0.5385934819897085
1993-07-22,3.16,5.9,0.535593220338983
1993-07-23,3.16,5.95,0.5310924369747899
1993-07-26,3.17,5.93,0.5345699831365937
1993-07-27,3.17,5.92,0.5354729729729729
1993-07-28,3.15,5.9,0.5338983050847457
1993-07-29,3.09,5.81,0.53184165232358
1993-07-30,3.1,5.83,0.5317324185248714
1993-08-02,3.17,5.85,0.541880341880342
1993-08-03,3.15,5.83,0.5403087478559176
1993-08-04,3.15,5.87,0.5366269165247018
1993-08-05,3.12,5.86,0.5324232081911263
1993-08-06,3.11,5.86,0.530716723549488
1993-08-09,3.11,5.82,0.5343642611683849
1993-08-10,3.1,5.82,0.5326460481099656
1993-08-11,3.09,5.75,0.5373913043478261
1993-08-12,3.08,5.77,0.5337954939341422
1993-08-13,3.09,5.72,0.5402097902097902
1993-08-16,3.1,5.68,0.545774647887324
1993-08-17,3.08,5.7,0.5403508771929825
1993-08-18,3.05,5.69,0.5360281195079085
1993-08-19,3.05,5.64,0.5407801418439716
1993-08-20,3.06,5.61,0.5454545454545454
1993-08-23,3.08,5.6,0.55
1993-08-24,3.05,5.54,0.5505415162454873
1993-08-25,3.04,5.51,0.5517241379310345
1993-08-26,3.06,5.42,0.5645756457564576
1993-08-27,3.09,5.48,0.5638686131386861
1993-08-30,3.08,5.44,0.5661764705882353
1993-08-31,3.08,5.45,0.5651376146788991
1993-09-01,3.08,5.46,0.5641025641025641
1993-09-02,3.05,5.41,0.5637707948243992
1993-09-03,3.0,5.31,0.5649717514124294
1993-09-06,,,
1993-09-07,3.01,5.23,0.5755258126195028
1993-09-08,3.02,5.23,0.5774378585086042
1993-09-09,3.04,5.35,0.5682242990654206
1993-09-10,3.02,5.29,0.5708884688090737
1993-09-13,3.04,5.26,0.5779467680608366
1993-09-14,3.05,5.37,0.5679702048417131
1993-09-15,3.02,5.39,0.5602968460111317
1993-09-16,3.01,5.37,0.5605214152700185
1993-09-17,3.01,5.38,0.5594795539033457
1993-09-20,3.0,5.42,0.5535055350553506
1993-09-21,2.98,5.47,0.5447897623400366
1993-09-22,2.98,5.45,0.5467889908256881
1993-09-23,2.99,5.42,0.5516605166051661
1993-09-24,2.99,5.42,0.5516605166051661
1993-09-27,2.96,5.3,0.5584905660377358
1993-09-28,2.96,5.28,0.5606060606060606
1993-09-29,2.99,5.35,0.5588785046728972
1993-09-30,2.98,5.4,0.5518518518518518
1993-10-01,2.98,5.34,0.5580524344569289
1993-10-04,3.02,5.34,0.5655430711610487
1993-10-05,3.06,5.35,0.57196261682243
1993-10-06,3.04,5.35,0.5682242990654206
1993-10-07,3.05,5.33,0.572232645403377
1993-10-08,3.05,5.26,0.5798479087452472
1993-10-11,,,
1993-10-12,3.12,5.27,0.5920303605313094
1993-10-13,3.1,5.27,0.5882352941176471
1993-10-14,3.08,5.23,0.5889101338432122
1993-10-15,3.08,5.19,0.5934489402697495
1993-10-18,3.13,5.27,0.5939278937381405
1993-10-19,3.13,5.27,0.5939278937381405
1993-10-20,3.11,5.26,0.591254752851711
1993-10-21,3.12,5.35,0.583177570093458
1993-10-22,3.11,5.42,0.5738007380073801
1993-10-25,3.14,5.47,0.5740402193784279
1993-10-26,3.16,5.43,0.5819521178637201
1993-10-27,3.15,5.44,0.5790441176470588
1993-10-28,3.11,5.41,0.5748613678373382
1993-10-29,3.1,5.43,0.5709023941068141
1993-11-01,3.18,5.56,0.5719424460431656
1993-11-02,3.19,5.63,0.566607460035524
1993-11-03,3.16,5.67,0.5573192239858907
1993-11-04,3.15,5.67,0.5555555555555556
1993-11-05,3.13,5.75,0.5443478260869565
1993-11-08,3.17,5.7,0.5561403508771929
1993-11-09,3.18,5.64,0.5638297872340426
1993-11-10,3.19,5.72,0.5576923076923077
1993-11-11,,,
1993-11-12,3.18,5.66,0.5618374558303887
1993-11-15,3.18,5.69,0.5588752196836555
1993-11-16,3.16,5.66,0.558303886925795
1993-11-17,3.16,5.65,0.55929203539823
1993-11-18,3.18,5.72,0.555944055944056
1993-11-19,3.2,5.84,0.5479452054794521
1993-11-22,3.21,5.89,0.5449915110356537
1993-11-23,3.19,5.82,0.5481099656357388
1993-11-24,3.19,5.84,0.5462328767123288
1993-11-25,,,
1993-11-26,3.18,5.78,0.5501730103806228
1993-11-29,3.2,5.76,0.5555555555555556
1993-11-30,3.21,5.83,0.5506003430531732
1993-12-01,3.19,5.82,0.5481099656357388
1993-12-02,3.18,5.81,0.5473321858864029
1993-12-03,3.18,5.8,0.5482758620689656
1993-12-06,3.18,5.72,0.555944055944056
1993-12-07,3.16,5.71,0.553415061295972
1993-12-08,3.15,5.71,0.5516637478108581
1993-12-09,3.13,5.68,0.551056338028169
1993-12-10,3.12,5.73,0.5445026178010471
1993-12-13,3.12,5.78,0.5397923875432525
1993-12-14,3.11,5.82,0.5343642611683849
1993-12-15,3.1,5.83,0.5317324185248714
1993-12-16,3.1,5.84,0.5308219178082192
1993-12-17,3.09,5.81,0.53184165232358
1993-12-20,3.15,5.83,0.5403087478559176
1993-12-21,3.14,5.85,0.5367521367521368
1993-12-22,3.13,5.74,0.5452961672473867
1993-12-23,3.13,5.72,0.5472027972027972
1993-12-24,,,
1993-12-27,3.13,5.72,0.5472027972027972
1993-12-28,3.13,5.72,0.5472027972027972
1993-12-29,3.08,5.74,0.5365853658536586
1993-12-30,3.04,5.82,0.5223367697594502
1993-12-31,3.07,5.83,0.5265866209262435
1994-01-03,3.16,5.92,0.5337837837837838
1994-01-04,3.15,5.88,0.5357142857142857
1994-01-05,3.14,5.9,0.5322033898305084
1994-01-06,3.12,5.84,0.5342465753424658
1994-01-07,3.07,5.7,0.5385964912280702
1994-01-10,3.06,5.67,0.5396825396825397
1994-01-11,3.04,5.67,0.5361552028218695
1994-01-12,3.02,5.6,0.5392857142857144
1994-01-13,3.01,5.71,0.5271453590192644
1994-01-14,3.03,5.78,0.5242214532871972
1994-01-17,,,
1994-01-18,3.04,5.74,0.5296167247386759
1994-01-19,3.03,5.76,0.5260416666666666
1994-01-20,3.01,5.71,0.5271453590192644
1994-01-21,3.01,5.73,0.5253054101221639
1994-01-24,3.01,5.74,0.5243902439024389
1994-01-25,2.99,5.78,0.5173010380622838
1994-01-26,2.98,5.77,0.5164644714038129
1994-01-27,2.98,5.73,0.5200698080279231
1994-01-28,2.99,5.68,0.5264084507042254
1994-01-31,3.05,5.7,0.5350877192982456
1994-02-01,3.1,5.77,0.537261698440208
1994-02-02,3.13,5.77,0.5424610051993067
1994-02-03,3.2,5.81,0.5507745266781412
1994-02-04,3.3,5.94,0.5555555555555555
1994-02-07,3.31,5.96,0.5553691275167786
1994-02-08,3.32,6.01,0.5524126455906821
1994-02-09,3.32,5.92,0.5608108108108107
1994-02-10,3.33,5.91,0.5634517766497462
1994-02-11,3.33,5.88,0.5663265306122449
1994-02-14,3.34,5.9,0.5661016949152542
1994-02-15,3.34,5.88,0.5680272108843537
1994-02-16,3.34,5.89,0.567062818336163
1994-02-17,3.35,6.0,0.5583333333333333
1994-02-18,3.36,6.09,0.5517241379310345
1994-02-21,,,
1994-02-22,3.4,6.05,0.5619834710743802
1994-02-23,3.46,6.13,0.564437194127243
1994-02-24,3.44,6.22,0.5530546623794212
1994-02-25,3.44,6.21,0.5539452495974235
1994-02-28,3.47,6.15,0.5642276422764227
1994-03-01,3.58,6.28,0.5700636942675159
1994-03-02,3.55,6.3,0.5634920634920635
1994-03-03,3.56,6.35,0.5606299212598426
1994-03-04,3.62,6.38,0.5673981191222571
1994-03-07,3.61,6.32,0.5712025316455696
1994-03-08,3.63,6.38,0.5689655172413793
1994-03-09,3.61,6.38,0.5658307210031348
1994-03-10,3.57,6.48,0.5509259259259258
1994-03-11,3.58,6.46,0.5541795665634675
1994-03-14,3.66,6.5,0.5630769230769231
1994-03-15,3.66,6.47,0.5656877897990726
1994-03-16,3.61,6.4,0.5640624999999999
1994-03-17,3.55,6.4,0.5546874999999999
1994-03-18,3.57,6.49,0.5500770416024653
1994-03-21,3.7,6.55,0.5648854961832062
1994-03-22,3.6,6.44,0.5590062111801242
1994-03-23,3.54,6.44,0.5496894409937888
1994-03-24,3.53,6.58,0.5364741641337386
1994-03-25,3.57,6.61,0.540090771558245
1994-03-28,3.57,6.63,0.5384615384615384
1994-03-29,3.59,6.71,0.5350223546944858
1994-03-30,3.57,6.78,0.5265486725663716
1994-03-31,3.56,6.77,0.5258493353028065
1994-04-01,,,
1994-04-04,3.82,7.16,0.5335195530726257
1994-04-05,3.75,6.97,0.5380200860832138
1994-04-06,3.67,6.93,0.5295815295815296
1994-04-07,3.61,6.86,0.5262390670553936
1994-04-08,3.65,6.94,0.5259365994236311
1994-04-11,3.68,6.92,0.5317919075144509
1994-04-12,3.64,6.87,0.529839883551674
1994-04-13,3.64,6.93,0.5252525252525253
1994-04-14,3.66,6.97,0.5251076040172167
1994-04-15,3.68,6.97,0.5279770444763272
1994-04-18,3.84,7.14,0.5378151260504201
1994-04-19,3.83,7.1,0.5394366197183099
1994-04-20,3.83,7.05,0.5432624113475177
1994-04-21,3.83,6.91,0.5542691751085383
1994-04-22,3.84,6.93,0.5541125541125541
1994-04-25,3.94,6.86,0.5743440233236151
1994-04-26,3.97,6.86,0.5787172011661808
1994-04-27,,,
1994-04-28,3.98,7.04,0.5653409090909091
1994-04-29,3.97,7.06,0.5623229461756375
1994-05-02,4.1,7.09,0.5782792665726375
1994-05-03,4.12,7.13,0.5778401122019635
1994-05-04,4.15,7.14,0.5812324929971989
1994-05-05,4.13,7.11,0.580872011251758
1994-05-06,4.3,7.35,0.5850340136054422
1994-05-09,4.44,7.49,0.5927903871829105
1994-05-10,4.35,7.33,0.5934515688949522
1994-05-11,4.32,7.4,0.5837837837837838
1994-05-12,4.24,7.36,0.5760869565217391
1994-05-13,4.24,7.29,0.5816186556927297
1994-05-16,4.31,7.24,0.5953038674033149
1994-05-17,4.3,7.03,0.6116642958748222
1994-05-18,4.29,7.03,0.6102418207681365
1994-05-19,4.24,6.96,0.6091954022988506
1994-05-20,4.26,7.02,0.6068376068376068
1994-05-23,4.35,7.19,0.6050069541029206
1994-05-24,4.32,7.17,0.602510460251046
1994-05-25,4.28,7.14,0.5994397759103642
1994-05-26,4.27,7.09,0.6022566995768688
1994-05-27,4.3,7.12,0.6039325842696629
1994-05-30,,,
1994-05-31,4.31,7.17,0.601115760111576
1994-06-01,4.28,7.12,0.601123595505618
1994-06-02,4.24,7.07,0.5997171145685998
1994-06-03,4.23,6.98,0.6060171919770774
1994-06-06,4.25,6.91,0.6150506512301013
1994-06-07,4.22,6.95,0.6071942446043165
1994-06-08,4.21,6.96,0.6048850574712644
1994-06-09,4.23,6.98,0.6060171919770774
1994-06-10,4.22,7.03,0.6002844950213371
1994-06-13,4.24,7.07,0.5997171145685998
1994-06-14,4.21,7.0,0.6014285714285714
1994-06-15,4.23,7.1,0.595774647887324
1994-06-16,4.22,7.07,0.5968882602545968
1994-06-17,4.23,7.14,0.5924369747899161
1994-06-20,4.28,7.16,0.5977653631284916
1994-06-21,4.3,7.22,0.5955678670360111
1994-06-22,4.28,7.13,0.600280504908836
1994-06-23,4.26,7.1,0.6
1994-06-24,4.28,7.22,0.592797783933518
1994-06-27,4.28,7.18,0.5961002785515321
1994-06-28,4.28,7.26,0.5895316804407714
1994-06-29,4.25,7.24,0.5870165745856354
1994-06-30,4.26,7.34,0.5803814713896458
1994-07-01,4.32,7.34,0.5885558583106267
1994-07-04,,,
1994-07-05,4.42,7.31,0.6046511627906977
1994-07-06,4.39,7.32,0.5997267759562841
1994-07-07,4.36,7.3,0.5972602739726028
1994-07-08,4.49,7.42,0.6051212938005391
1994-07-11,4.61,7.47,0.6171352074966533
1994-07-12,4.56,7.43,0.6137281292059219
1994-07-13,4.52,7.41,0.6099865047233468
1994-07-14,4.41,7.25,0.6082758620689656
1994-07-15,4.38,7.25,0.6041379310344828
1994-07-18,4.4,7.2,0.6111111111111112
1994-07-19,4.37,7.15,0.6111888111888112
1994-07-20,4.41,7.25,0.6082758620689656
1994-07-21,4.44,7.27,0.610729023383769
1994-07-22,4.5,7.29,0.6172839506172839
1994-07-25,4.53,7.27,0.6231086657496562
1994-07-26,4.52,7.28,0.6208791208791208
1994-07-27,4.57,7.34,0.6226158038147139
1994-07-28,4.54,7.29,0.6227709190672154
1994-07-29,4.39,7.12,0.6165730337078651
1994-08-01,4.45,7.13,0.6241234221598878
1994-08-02,4.44,7.11,0.6244725738396625
1994-08-03,4.44,7.09,0.6262341325811002
1994-08-04,4.43,7.12,0.622191011235955
1994-08-05,4.59,7.28,0.6304945054945055
1994-08-08,4.59,7.28,0.6304945054945055
1994-08-09,4.56,7.33,0.6221009549795361
1994-08-10,4.49,7.3,0.615068493150685
1994-08-11,4.46,7.36,0.6059782608695652
1994-08-12,4.51,7.27,0.6203576341127923
1994-08-15,4.72,7.3,0.6465753424657534
1994-08-16,4.74,7.19,0.6592489568845619
1994-08-17,4.69,7.15,0.6559440559440559
1994-08-18,4.71,7.28,0.6469780219780219
1994-08-19,4.69,7.27,0.6451169188445668
1994-08-22,4.73,7.31,0.6470588235294119
1994-08-23,4.69,7.28,0.6442307692307693
1994-08-24,4.66,7.22,0.6454293628808865
1994-08-25,4.68,7.29,0.6419753086419753
1994-08-26,4.68,7.24,0.6464088397790054
1994-08-29,4.73,7.24,0.6533149171270719
1994-08-30,4.71,7.2,0.6541666666666667
1994-08-31,4.68,7.19,0.6509040333796939
1994-09-01,4.67,7.19,0.6495132127955493
1994-09-02,4.67,7.21,0.6477115117891817
1994-09-05,,,
1994-09-06,4.69,7.27,0.6451169188445668
1994-09-07,4.66,7.29,0.6392318244170097
1994-09-08,4.67,7.3,0.6397260273972603
1994-09-09,4.7,7.44,0.6317204301075269
1994-09-12,4.75,7.46,0.6367292225201072
1994-09-13,4.72,7.44,0.6344086021505375
1994-09-14,4.7,7.41,0.6342780026990553
1994-09-15,4.7,7.35,0.6394557823129252
1994-09-16,4.73,7.52,0.6289893617021277
1994-09-19,4.72,7.49,0.6301735647530039
1994-09-20,4.74,7.53,0.6294820717131474
1994-09-21,4.92,7.56,0.6507936507936508
1994-09-22,4.92,7.56,0.6507936507936508
1994-09-23,4.91,7.57,0.6486129458388376
1994-09-26,4.92,7.57,0.6499339498018494
1994-09-27,4.83,7.61,0.6346911957950065
1994-09-28,4.66,7.57,0.6155878467635403
1994-09-29,4.7,7.64,0.6151832460732984
1994-09-30,4.8,7.62,0.6299212598425197
1994-10-03,5.05,7.66,0.6592689295039165
1994-10-04,5.09,7.7,0.661038961038961
1994-10-05,5.09,7.77,0.6550836550836551
1994-10-06,5.11,7.78,0.6568123393316195
1994-10-07,5.02,7.7,0.6519480519480518
1994-10-10,,,
1994-10-11,5.06,7.65,0.6614379084967319
1994-10-12,5.12,7.69,0.6657997399219766
1994-10-13,5.05,7.64,0.6609947643979057
1994-10-14,5.0,7.61,0.657030223390276
1994-10-17,5.04,7.62,0.6614173228346457
1994-10-18,5.04,7.64,0.6596858638743456
1994-10-19,5.05,7.68,0.6575520833333334
1994-10-20,5.14,7.8,0.658974358974359
1994-10-21,5.15,7.81,0.6594110115236876
1994-10-24,5.22,7.86,0.6641221374045801
1994-10-25,5.2,7.88,0.6598984771573604
1994-10-26,5.13,7.88,0.6510152284263959
1994-10-27,5.12,7.88,0.6497461928934011
1994-10-28,5.16,7.82,0.659846547314578
1994-10-31,5.2,7.81,0.6658130601792575
1994-11-01,5.22,7.91,0.6599241466498104
1994-11-02,5.23,7.96,0.6570351758793971
1994-11-03,5.25,7.96,0.6595477386934674
1994-11-04,5.33,8.04,0.6629353233830847
1994-11-07,5.42,8.05,0.6732919254658385
1994-11-08,5.37,8.01,0.6704119850187267
1994-11-09,5.34,7.94,0.672544080604534
1994-11-10,5.38,7.98,0.6741854636591478
1994-11-11,,,
1994-11-14,5.46,7.94,0.6876574307304786
1994-11-15,5.53,7.92,0.6982323232323233
1994-11-16,5.52,7.97,0.6925972396486825
1994-11-17,5.51,8.03,0.6861768368617684
1994-11-18,5.5,8.01,0.686641697877653
1994-11-21,5.53,8.03,0.6886674968866751
1994-11-22,5.49,8.0,0.68625
1994-11-23,5.44,7.81,0.6965428937259924
1994-11-24,,,
1994-11-25,5.45,7.8,0.6987179487179488
1994-11-28,5.6,7.88,0.7106598984771573
1994-11-29,5.69,7.95,0.7157232704402516
1994-11-30,5.72,7.91,0.7231352718078381
1994-12-01,5.71,7.92,0.7209595959595959
1994-12-02,5.79,7.81,0.7413572343149808
1994-12-05,6.03,7.83,0.7701149425287357
1994-12-06,5.94,7.73,0.7684346701164295
1994-12-07,5.82,7.81,0.7451984635083228
1994-12-08,5.83,7.79,0.748395378690629
1994-12-09,5.82,7.79,0.7471116816431322
1994-12-12,5.93,7.85,0.7554140127388534
1994-12-13,5.95,7.83,0.7598978288633461
1994-12-14,5.84,7.8,0.7487179487179487
1994-12-15,5.7,7.79,0.7317073170731707
1994-12-16,5.71,7.81,0.7311139564660691
1994-12-19,5.75,7.81,0.736235595390525
1994-12-20,5.63,7.81,0.7208706786171575
1994-12-21,5.56,7.8,0.7128205128205128
1994-12-22,5.61,7.84,0.715561224489796
1994-12-23,5.68,7.85,0.7235668789808917
1994-12-26,,,
1994-12-27,5.74,7.76,0.7396907216494846
1994-12-28,5.68,7.8,0.7282051282051282
1994-12-29,5.66,7.82,0.7237851662404092
1994-12-30,5.68,7.84,0.7244897959183674
1995-01-02,,,
1995-01-03,5.95,7.88,0.7550761421319797
1995-01-04,5.85,7.82,0.748081841432225
1995-01-05,5.88,7.88,0.7461928934010152
1995-01-06,5.9,7.87,0.7496823379923762
1995-01-09,6.0,7.89,0.7604562737642586
1995-01-10,5.91,7.84,0.7538265306122449
1995-01-11,5.79,7.79,0.7432605905006419
1995-01-12,5.78,7.8,0.7410256410256411
1995-01-13,5.72,7.69,0.7438231469440831
1995-01-16,,,
1995-01-17,5.89,7.7,0.7649350649350649
1995-01-18,5.87,7.71,0.761348897535668
1995-01-19,5.87,7.74,0.7583979328165374
1995-01-20,5.91,7.82,0.7557544757033248
1995-01-23,5.97,7.83,0.7624521072796935
1995-01-24,5.98,7.86,0.7608142493638677
1995-01-25,5.94,7.8,0.7615384615384616
1995-01-26,5.94,7.76,0.7654639175257733
1995-01-27,5.92,7.66,0.7728459530026109
1995-01-30,5.96,7.65,0.7790849673202614
1995-01-31,6.0,7.6,0.7894736842105263
1995-02-01,6.07,7.66,0.7924281984334204
1995-02-02,6.02,7.68,0.7838541666666666
1995-02-03,5.96,7.49,0.7957276368491322
1995-02-06,5.98,7.53,0.7941567065073042
1995-02-07,5.98,7.52,0.7952127659574469
1995-02-08,5.94,7.53,0.7888446215139443
1995-02-09,5.95,7.58,0.7849604221635884
1995-02-10,5.97,7.62,0.7834645669291338
1995-02-13,5.98,7.61,0.7858081471747701
1995-02-14,5.96,7.51,0.7936085219707057
1995-02-15,5.94,7.45,0.7973154362416107
1995-02-16,5.85,7.4,0.7905405405405405
1995-02-17,5.86,7.43,0.7886944818304173
1995-02-20,,,
1995-02-21,5.92,7.44,0.7956989247311828
1995-02-22,5.85,7.34,0.7970027247956403
1995-02-23,5.88,7.34,0.8010899182561307
1995-02-24,5.88,7.33,0.8021828103683493
1995-02-27,5.92,7.24,0.8176795580110497
1995-02-28,5.94,7.22,0.8227146814404432
1995-03-01,5.94,7.23,0.8215767634854771
1995-03-02,5.93,7.3,0.8123287671232876
1995-03-03,5.91,7.36,0.8029891304347826
1995-03-06,5.94,7.41,0.8016194331983806
1995-03-07,5.96,7.44,0.8010752688172043
1995-03-08,5.95,7.36,0.8084239130434783
1995-03-09,5.91,7.3,0.8095890410958905
1995-03-10,5.96,7.23,0.8243430152143845
1995-03-13,5.94,7.19,0.8261474269819193
1995-03-14,5.93,7.09,0.8363892806770098
1995-03-15,5.92,7.09,0.8349788434414669
1995-03-16,5.92,7.05,0.8397163120567376
1995-03-17,5.92,7.12,0.8314606741573034
1995-03-20,5.93,7.12,0.8328651685393258
1995-03-21,5.92,7.16,0.8268156424581006
1995-03-22,5.91,7.21,0.8196948682385575
1995-03-23,5.89,7.21,0.8169209431345353
1995-03-24,5.85,7.09,0.8251057827926657
1995-03-27,5.82,7.05,0.8255319148936171
1995-03-28,5.89,7.16,0.8226256983240223
1995-03-29,5.84,7.16,0.8156424581005586
1995-03-30,5.88,7.18,0.818941504178273
1995-03-31,5.88,7.2,0.8166666666666667
1995-04-03,5.94,7.14,0.8319327731092437
1995-04-04,5.91,7.12,0.8300561797752809
1995-04-05,5.88,7.12,0.8258426966292135
1995-04-06,5.85,7.09,0.8251057827926657
1995-04-07,5.86,7.11,0.8241912798874824
1995-04-10,5.85,7.12,0.821629213483146
1995-04-11,5.84,7.09,0.8236953455571226
1995-04-12,5.82,7.06,0.8243626062322947
1995-04-13,5.75,7.03,0.817923186344239
1995-04-14,,,
1995-04-17,5.8,7.04,0.8238636363636364
1995-04-18,5.79,7.04,0.8224431818181818
1995-04-19,5.8,7.06,0.821529745042493
1995-04-20,5.77,7.02,0.8219373219373219
1995-04-21,5.79,7.01,0.8259629101283881
1995-04-24,5.83,7.01,0.8316690442225393
1995-04-25,5.85,7.01,0.8345221112696148
1995-04-26,5.85,7.01,0.8345221112696148
1995-04-27,5.87,7.04,0.8338068181818182
1995-04-28,5.87,7.07,0.8302687411598303
1995-05-01,5.91,7.09,0.8335684062059239
1995-05-02,5.89,7.04,0.8366477272727272
1995-05-03,5.84,6.96,0.8390804597701149
1995-05-04,5.78,6.85,0.8437956204379563
1995-05-05,5.74,6.69,0.8579970104633782
1995-05-08,5.81,6.7,0.8671641791044775
1995-05-09,5.81,6.61,0.8789712556732223
1995-05-10,5.82,6.66,0.8738738738738739
1995-05-11,5.84,6.68,0.874251497005988
1995-05-12,5.87,6.67,0.8800599700149925
1995-05-15,5.88,6.62,0.8882175226586102
1995-05-16,5.87,6.57,0.893455098934551
1995-05-17,5.86,6.53,0.8973966309341501
1995-05-18,5.87,6.61,0.8880484114977307
1995-05-19,5.87,6.61,0.8880484114977307
1995-05-22,5.91,6.63,0.8914027149321267
1995-05-23,5.91,6.57,0.8995433789954338
1995-05-24,5.87,6.44,0.9114906832298136
1995-05-25,5.84,6.39,0.9139280125195618
1995-05-26,5.84,6.4,0.9125
1995-05-29,,,
1995-05-30,5.81,6.3,0.9222222222222222
1995-05-31,5.81,6.3,0.9222222222222222
1995-06-01,5.67,6.2,0.914516129032258
1995-06-02,5.58,6.1,0.9147540983606558
1995-06-05,5.68,6.08,0.9342105263157894
1995-06-06,5.69,6.08,0.9358552631578948
1995-06-07,5.74,6.2,0.9258064516129032
1995-06-08,5.76,6.22,0.9260450160771704
1995-06-09,5.77,6.4,0.9015624999999999
1995-06-12,5.73,6.37,0.8995290423861853
1995-06-13,5.61,6.14,0.9136807817589577
1995-06-14,5.61,6.15,0.9121951219512195
1995-06-15,5.65,6.18,0.9142394822006473
1995-06-16,5.66,6.21,0.9114331723027376
1995-06-19,5.63,6.13,0.9184339314845025
1995-06-20,5.65,6.16,0.9172077922077922
1995-06-21,5.6,6.13,0.9135399673735726
1995-06-22,5.54,6.04,0.9172185430463576
1995-06-23,5.54,6.06,0.9141914191419143
1995-06-26,5.52,6.11,0.9034369885433714
1995-06-27,5.59,6.15,0.9089430894308942
1995-06-28,5.57,6.1,0.9131147540983607
1995-06-29,5.67,6.28,0.9028662420382165
1995-06-30,5.6,6.21,0.9017713365539451
1995-07-03,5.68,6.21,0.9146537842190016
1995-07-04,,,
1995-07-05,5.68,6.19,0.9176090468497575
1995-07-06,5.53,6.05,0.9140495867768595
1995-07-07,5.54,6.04,0.9172185430463576
1995-07-10,5.53,6.04,0.9155629139072848
1995-07-11,5.56,6.09,0.9129720853858785
1995-07-12,5.55,6.1,0.9098360655737705
1995-07-13,5.55,6.09,0.9113300492610837
1995-07-14,5.59,6.15,0.9089430894308942
1995-07-17,5.63,6.22,0.9051446945337621
1995-07-18,5.61,6.25,0.8976000000000001
1995-07-19,5.58,6.43,0.8678071539657854
1995-07-20,5.6,6.43,0.8709175738724728
1995-07-21,5.61,6.53,0.8591117917304747
1995-07-24,5.61,6.46,0.868421052631579
1995-07-25,5.62,6.43,0.8740279937791603
1995-07-26,5.63,6.48,0.8688271604938271
1995-07-27,5.58,6.43,0.8678071539657854
1995-07-28,5.58,6.49,0.8597842835130971
1995-07-31,5.6,6.45,0.8682170542635658
1995-08-01,5.61,6.5,0.8630769230769231
1995-08-02,5.59,6.44,0.8680124223602483
1995-08-03,5.59,6.53,0.8560490045941807
1995-08-04,5.58,6.5,0.8584615384615385
1995-08-07,5.57,6.48,0.8595679012345679
1995-08-08,5.55,6.47,0.8578052550231839
1995-08-09,5.56,6.47,0.8593508500772797
1995-08-10,5.57,6.51,0.8556067588325653
1995-08-11,5.59,6.59,0.8482549317147192
1995-08-14,5.6,6.59,0.849772382397572
1995-08-15,5.62,6.57,0.8554033485540334
1995-08-16,5.6,6.54,0.856269113149847
1995-08-17,5.61,6.57,0.8538812785388128
1995-08-18,5.61,6.57,0.8538812785388128
1995-08-21,5.62,6.54,0.8593272171253823
1995-08-22,5.63,6.57,0.8569254185692541
1995-08-23,5.6,6.6,0.8484848484848485
1995-08-24,5.52,6.5,0.8492307692307691
1995-08-25,5.5,6.38,0.8620689655172414
1995-08-28,5.48,6.34,0.8643533123028392
1995-08-29,5.5,6.36,0.8647798742138364
1995-08-30,5.46,6.33,0.8625592417061612
1995-08-31,5.45,6.28,0.8678343949044586
1995-09-01,5.45,6.22,0.8762057877813505
1995-09-04,,,
1995-09-05,5.49,6.18,0.8883495145631068
1995-09-06,5.48,6.17,0.8881685575364668
1995-09-07,5.5,6.21,0.8856682769726248
1995-09-08,5.52,6.24,0.8846153846153845
1995-09-11,5.5,6.24,0.8814102564102564
1995-09-12,5.47,6.16,0.8879870129870129
1995-09-13,5.47,6.18,0.8851132686084142
1995-09-14,5.44,6.08,0.8947368421052632
1995-09-15,5.46,6.11,0.8936170212765957
1995-09-18,5.41,6.17,0.8768233387358185
1995-09-19,5.36,6.14,0.8729641693811075
1995-09-20,5.34,6.1,0.8754098360655738
1995-09-21,5.4,6.21,0.8695652173913044
1995-09-22,5.35,6.25,0.856
1995-09-25,5.33,6.26,0.8514376996805112
1995-09-26,5.45,6.28,0.8678343949044586
1995-09-27,5.42,6.3,0.8603174603174604
1995-09-28,5.44,6.28,0.8662420382165605
1995-09-29,5.4,6.17,0.8752025931928687
1995-10-02,5.53,6.15,0.8991869918699187
1995-10-03,5.51,6.13,0.898858075040783
1995-10-04,5.47,6.12,0.8937908496732025
1995-10-05,5.44,6.06,0.8976897689768978
1995-10-06,5.47,6.06,0.9026402640264026
1995-10-09,,,
1995-10-10,5.47,6.07,0.901153212520593
1995-10-11,5.47,6.09,0.8981937602627258
1995-10-12,5.46,6.07,0.8995057660626029
1995-10-13,5.45,5.97,0.9128978224455612
1995-10-16,5.49,5.97,0.9195979899497488
1995-10-17,5.43,5.97,0.9095477386934673
1995-10-18,5.41,5.99,0.9031719532554257
1995-10-19,5.41,5.98,0.9046822742474916
1995-10-20,5.43,6.04,0.8990066225165563
1995-10-23,5.38,6.07,0.886326194398682
1995-10-24,5.38,6.02,0.8936877076411961
1995-10-25,5.39,6.0,0.8983333333333333
1995-10-26,5.38,6.06,0.8877887788778879
1995-10-27,5.41,6.05,0.8942148760330579
1995-10-30,5.47,6.04,0.9056291390728476
1995-10-31,5.48,6.03,0.9087893864013268
1995-11-01,5.48,5.98,0.9163879598662208
1995-11-02,5.47,5.92,0.9239864864864864
1995-11-03,5.47,5.94,0.9208754208754207
1995-11-06,5.52,5.96,0.9261744966442952
1995-11-07,5.53,5.99,0.9232053422370617
1995-11-08,5.52,5.92,0.9324324324324323
1995-11-09,5.55,5.97,0.9296482412060302
1995-11-10,5.58,6.0,0.93
1995-11-13,5.59,5.98,0.9347826086956521
1995-11-14,5.55,5.97,0.9296482412060302
1995-11-15,5.56,6.0,0.9266666666666666
1995-11-16,5.52,5.93,0.9308600337268128
1995-11-17,5.51,5.92,0.9307432432432432
1995-11-20,5.5,5.93,0.927487352445194
1995-11-21,5.52,5.92,0.9324324324324323
1995-11-22,5.52,5.93,0.9308600337268128
1995-11-23,,,
1995-11-24,5.48,5.91,0.9272419627749577
1995-11-27,5.5,5.88,0.935374149659864
1995-11-28,5.53,5.88,0.9404761904761906
1995-11-29,5.5,5.85,0.9401709401709403
1995-11-30,5.48,5.76,0.951388888888889
1995-12-01,5.45,5.71,0.9544658493870403
1995-12-04,5.46,5.63,0.9698046181172292
1995-12-05,5.47,5.65,0.9681415929203538
1995-12-06,5.48,5.67,0.9664902998236332
1995-12-07,5.5,5.72,0.9615384615384616
1995-12-08,5.5,5.73,0.9598603839441535
1995-12-11,5.45,5.71,0.9544658493870403
1995-12-12,5.41,5.72,0.9458041958041958
1995-12-13,5.42,5.74,0.9442508710801393
1995-12-14,5.42,5.74,0.9442508710801393
1995-12-15,5.35,5.75,0.9304347826086956
1995-12-18,5.32,5.85,0.9094017094017095
1995-12-19,5.24,5.81,0.9018932874354562
1995-12-20,5.15,5.76,0.8940972222222223
1995-12-21,5.05,5.77,0.8752166377816292
1995-12-22,5.04,5.71,0.8826619964973731
1995-12-25,,,
1995-12-26,5.05,5.69,0.8875219683655535
1995-12-27,5.04,5.66,0.8904593639575972
1995-12-28,4.98,5.63,0.8845470692717585
1995-12-29,5.1,5.58,0.9139784946236559
1996-01-01,,,
1996-01-02,5.2,5.6,0.9285714285714287
1996-01-03,5.2,5.58,0.931899641577061
1996-01-04,5.19,5.65,0.9185840707964602
1996-01-05,5.19,5.69,0.9121265377855887
1996-01-08,5.18,5.68,0.9119718309859155
1996-01-09,5.18,5.7,0.9087719298245613
1996-01-10,5.19,5.8,0.8948275862068966
1996-01-11,5.19,5.78,0.8979238754325259
1996-01-12,5.18,5.75,0.9008695652173913
1996-01-15,,,
1996-01-16,5.14,5.66,0.9081272084805653
1996-01-17,5.14,5.58,0.9211469534050178
1996-01-18,5.11,5.53,0.9240506329113924
1996-01-19,5.1,5.54,0.9205776173285198
1996-01-22,5.14,5.61,0.9162210338680926
1996-01-23,5.12,5.66,0.9045936395759717
1996-01-24,5.12,5.62,0.9110320284697508
1996-01-25,5.12,5.7,0.8982456140350877
1996-01-26,5.11,5.65,0.904424778761062
1996-01-29,5.17,5.69,0.9086115992970122
1996-01-30,5.14,5.63,0.9129662522202486
1996-01-31,5.05,5.6,0.9017857142857143
1996-02-01,5.03,5.63,0.8934280639431617
1996-02-02,4.99,5.66,0.8816254416961131
1996-02-05,5.0,5.7,0.8771929824561403
1996-02-06,4.98,5.68,0.8767605633802819
1996-02-07,4.94,5.66,0.8727915194346291
1996-02-08,4.92,5.66,0.8692579505300353
1996-02-09,4.93,5.66,0.8710247349823321
1996-02-12,4.93,5.61,0.8787878787878787
1996-02-13,4.93,5.58,0.8835125448028673
1996-02-14,4.94,5.62,0.8790035587188613
1996-02-15,4.92,5.7,0.863157894736842
1996-02-16,4.89,5.76,0.8489583333333333
1996-02-19,,,
1996-02-20,4.99,6.01,0.8302828618968386
1996-02-21,4.96,5.98,0.8294314381270902
1996-02-22,4.95,5.92,0.8361486486486487
1996-02-23,4.97,5.97,0.8324958123953099
1996-02-26,4.98,6.01,0.8286189683860234
1996-02-27,5.01,6.06,0.8267326732673268
1996-02-28,5.01,6.11,0.8199672667757774
1996-02-29,5.02,6.13,0.8189233278955954
1996-03-01,4.98,5.99,0.8313856427378965
1996-03-04,5.02,5.92,0.8479729729729729
1996-03-05,5.02,5.96,0.8422818791946308
1996-03-06,5.03,6.05,0.831404958677686
1996-03-07,5.03,6.07,0.828665568369028
1996-03-08,5.01,6.41,0.781591263650546
1996-03-11,5.09,6.33,0.8041074249605055
1996-03-12,5.09,6.36,0.800314465408805
1996-03-13,5.09,6.35,0.8015748031496063
1996-03-14,5.11,6.36,0.8034591194968553
1996-03-15,5.14,6.46,0.7956656346749226
1996-03-18,5.17,6.43,0.8040435458786936
1996-03-19,5.19,6.41,0.8096723868954758
1996-03-20,5.16,6.34,0.8138801261829653
1996-03-21,5.07,6.28,0.8073248407643312
1996-03-22,5.1,6.32,0.8069620253164556
1996-03-25,5.13,6.26,0.8194888178913738
1996-03-26,5.13,6.25,0.8208
1996-03-27,5.17,6.34,0.8154574132492114
1996-03-28,5.19,6.41,0.8096723868954758
1996-03-29,5.13,6.34,0.8091482649842271
1996-04-01,5.2,6.31,0.8240887480190175
1996-04-02,5.16,6.25,0.8256
1996-04-03,5.15,6.27,0.8213716108452952
1996-04-04,5.11,6.33,0.8072669826224329
1996-04-05,5.15,6.57,0.7838660578386606
1996-04-08,5.16,6.63,0.7782805429864253
1996-04-09,5.1,6.56,0.7774390243902439
1996-04-10,5.08,6.63,0.7662141779788839
1996-04-11,5.08,6.68,0.7604790419161677
1996-04-12,5.07,6.52,0.7776073619631902
1996-04-15,4.97,6.47,0.768160741885626
1996-04-16,4.95,6.48,0.7638888888888888
1996-04-17,4.96,6.52,0.7607361963190185
1996-04-18,4.98,6.58,0.7568389057750761
1996-04-19,5.01,6.53,0.7672281776416539
1996-04-22,5.09,6.48,0.7854938271604938
1996-04-23,5.1,6.52,0.7822085889570553
1996-04-24,5.13,6.57,0.7808219178082191
1996-04-25,5.09,6.56,0.7759146341463415
1996-04-26,5.11,6.54,0.7813455657492355
1996-04-29,5.14,6.59,0.779969650986343
1996-04-30,5.14,6.66,0.7717717717717717
1996-05-01,5.11,6.68,0.7649700598802396
1996-05-02,5.13,6.85,0.7489051094890511
1996-05-03,5.14,6.9,0.744927536231884
1996-05-06,5.14,6.86,0.7492711370262389
1996-05-07,5.14,6.87,0.7481804949053856
1996-05-08,5.13,6.78,0.7566371681415929
1996-05-09,5.13,6.84,0.75
1996-05-10,5.13,6.75,0.76
1996-05-13,5.16,6.72,0.7678571428571429
1996-05-14,5.14,6.66,0.7717717717717717
1996-05-15,5.13,6.65,0.7714285714285714
1996-05-16,5.15,6.7,0.7686567164179104
1996-05-17,5.15,6.65,0.7744360902255639
1996-05-20,5.17,6.62,0.7809667673716012
1996-05-21,5.18,6.65,0.7789473684210525
1996-05-22,5.18,6.63,0.7812971342383107
1996-05-23,5.18,6.68,0.7754491017964071
1996-05-24,5.18,6.65,0.7789473684210525
1996-05-27,,,
1996-05-28,5.17,6.67,0.775112443778111
1996-05-29,5.18,6.77,0.7651403249630724
1996-05-30,5.18,6.78,0.7640117994100294
1996-05-31,5.18,6.85,0.7562043795620438
1996-06-03,5.23,6.87,0.7612809315866085
1996-06-04,5.2,6.86,0.7580174927113702
1996-06-05,5.22,6.82,0.7653958944281525
1996-06-06,5.21,6.76,0.7707100591715976
1996-06-07,5.26,6.93,0.759018759018759
1996-06-10,5.29,6.97,0.7589670014347203
1996-06-11,5.27,6.99,0.7539341917024319
1996-06-12,5.26,7.03,0.7482219061166429
1996-06-13,5.24,7.01,0.7475035663338089
1996-06-14,5.21,6.95,0.7496402877697842
1996-06-17,5.19,6.9,0.7521739130434782
1996-06-18,5.21,6.93,0.7518037518037518
1996-06-19,5.23,6.96,0.7514367816091955
1996-06-20,5.26,6.98,0.7535816618911174
1996-06-21,5.26,6.96,0.7557471264367815
1996-06-24,5.23,6.94,0.7536023054755043
1996-06-25,5.24,6.91,0.7583212735166426
1996-06-26,5.24,6.91,0.7583212735166426
1996-06-27,5.2,6.83,0.7613469985358712
1996-06-28,5.18,6.73,0.7696879643387815
1996-07-01,5.27,6.74,0.7818991097922848
1996-07-02,5.32,6.8,0.7823529411764707
1996-07-03,5.24,6.78,0.7728613569321534
1996-07-04,,,
1996-07-05,5.31,7.06,0.7521246458923513
1996-07-08,5.35,7.05,0.7588652482269503
1996-07-09,5.34,7.0,0.7628571428571428
1996-07-10,5.29,6.95,0.7611510791366907
1996-07-11,5.26,6.9,0.7623188405797101
1996-07-12,5.28,6.85,0.7708029197080293
1996-07-15,5.32,6.89,0.7721335268505081
1996-07-16,5.27,6.84,0.7704678362573099
1996-07-17,5.26,6.83,0.7701317715959004
1996-07-18,5.25,6.72,0.78125
1996-07-19,5.28,6.78,0.7787610619469026
1996-07-22,5.3,6.84,0.7748538011695907
1996-07-23,5.3,6.8,0.7794117647058824
1996-07-24,5.31,6.87,0.7729257641921397
1996-07-25,5.29,6.87,0.7700145560407569
1996-07-26,5.29,6.85,0.7722627737226277
1996-07-29,5.37,6.93,0.774891774891775
1996-07-30,5.34,6.89,0.7750362844702468
1996-07-31,5.32,6.8,0.7823529411764707
1996-08-01,5.25,6.65,0.7894736842105263
1996-08-02,5.21,6.51,0.8003072196620584
1996-08-05,5.2,6.53,0.7963246554364471
1996-08-06,5.19,6.54,0.7935779816513762
1996-08-07,5.18,6.55,0.7908396946564885
1996-08-08,5.15,6.56,0.7850609756097562
1996-08-09,5.15,6.5,0.7923076923076924
1996-08-12,5.18,6.49,0.798151001540832
1996-08-13,5.17,6.57,0.7869101978691019
1996-08-14,5.16,6.58,0.78419452887538
1996-08-15,5.19,6.62,0.7839879154078551
1996-08-16,5.18,6.56,0.7896341463414634
1996-08-19,5.2,6.59,0.7890743550834598
1996-08-20,5.18,6.59,0.7860394537177542
1996-08-21,5.14,6.61,0.7776096822995461
1996-08-22,5.14,6.62,0.7764350453172205
1996-08-23,5.15,6.72,0.7663690476190477
1996-08-26,5.21,6.8,0.7661764705882353
1996-08-27,5.2,6.78,0.7669616519174042
1996-08-28,5.2,6.79,0.7658321060382917
1996-08-29,5.24,6.86,0.7638483965014577
1996-08-30,5.29,6.96,0.7600574712643678
1996-09-02,,,
1996-09-03,5.32,6.92,0.7687861271676301
1996-09-04,5.32,6.94,0.7665706051873199
1996-09-05,5.34,6.98,0.7650429799426933
1996-09-06,5.33,6.94,0.7680115273775215
1996-09-09,5.29,6.9,0.7666666666666666
1996-09-10,5.29,6.94,0.7622478386167146
1996-09-11,5.31,6.94,0.765129682997118
1996-09-12,5.28,6.88,0.7674418604651163
1996-09-13,5.21,6.74,0.7729970326409495
1996-09-16,5.2,6.73,0.7726597325408618
1996-09-17,5.31,6.81,0.7797356828193832
1996-09-18,5.28,6.83,0.7730600292825769
1996-09-19,5.25,6.87,0.7641921397379913
1996-09-20,5.29,6.85,0.7722627737226277
1996-09-23,5.31,6.83,0.7774524158125914
1996-09-24,5.17,6.77,0.7636632200886263
1996-09-25,5.07,6.71,0.7555886736214605
1996-09-26,5.0,6.66,0.7507507507507507
1996-09-27,5.04,6.68,0.7544910179640719
1996-09-30,5.14,6.72,0.7648809523809523
1996-10-01,5.1,6.65,0.7669172932330827
1996-10-02,5.03,6.61,0.7609682299546142
1996-10-03,5.04,6.61,0.762481089258699
1996-10-04,5.01,6.48,0.773148148148148
1996-10-07,5.11,6.53,0.7825421133231241
1996-10-08,5.12,6.53,0.7840735068912711
1996-10-09,5.12,6.55,0.7816793893129771
1996-10-10,5.15,6.61,0.7791225416036309
1996-10-11,5.13,6.55,0.783206106870229
1996-10-14,,,
1996-10-15,5.17,6.56,0.7881097560975611
1996-10-16,5.14,6.57,0.7823439878234398
1996-10-17,5.12,6.51,0.7864823348694316
1996-10-18,5.12,6.5,0.7876923076923077
1996-10-21,5.14,6.52,0.7883435582822086
1996-10-22,5.16,6.56,0.7865853658536586
1996-10-23,5.13,6.56,0.7820121951219513
1996-10-24,5.14,6.57,0.7823439878234398
1996-10-25,5.14,6.54,0.7859327217125381
1996-10-28,5.19,6.56,0.791158536585366
1996-10-29,5.14,6.4,0.8031249999999999
1996-10-30,5.14,6.4,0.8031249999999999
1996-10-31,5.17,6.37,0.8116169544740973
1996-11-01,5.17,6.38,0.8103448275862069
1996-11-04,5.19,6.36,0.8160377358490566
1996-11-05,5.17,6.28,0.8232484076433121
1996-11-06,5.17,6.3,0.8206349206349206
1996-11-07,5.16,6.26,0.8242811501597445
1996-11-08,5.18,6.29,0.8235294117647058
1996-11-11,,,
1996-11-12,5.18,6.19,0.8368336025848141
1996-11-13,5.17,6.2,0.8338709677419355
1996-11-14,5.17,6.15,0.840650406504065
1996-11-15,5.16,6.19,0.8336025848142165
1996-11-18,5.18,6.2,0.8354838709677419
1996-11-19,5.17,6.17,0.8379254457050244
1996-11-20,5.17,6.14,0.8420195439739414
1996-11-21,5.18,6.15,0.8422764227642275
1996-11-22,5.18,6.15,0.8422764227642275
1996-11-25,5.18,6.13,0.8450244698205546
1996-11-26,5.16,6.13,0.8417618270799347
1996-11-27,5.15,6.14,0.8387622149837135
1996-11-28,,,
1996-11-29,5.13,6.06,0.8465346534653466
1996-12-02,5.08,6.08,0.8355263157894737
1996-12-03,5.05,6.06,0.8333333333333334
1996-12-04,5.03,6.11,0.823240589198036
1996-12-05,5.04,6.22,0.8102893890675241
1996-12-06,5.03,6.26,0.8035143769968052
1996-12-09,4.96,6.21,0.7987117552334944
1996-12-10,4.96,6.23,0.7961476725521669
1996-12-11,4.96,6.38,0.7774294670846396
1996-12-12,4.97,6.4,0.7765624999999999
1996-12-13,4.92,6.33,0.7772511848341233
1996-12-16,4.97,6.39,0.7777777777777778
1996-12-17,5.0,6.42,0.778816199376947
1996-12-18,5.03,6.46,0.7786377708978328
1996-12-19,5.01,6.36,0.7877358490566037
1996-12-20,5.02,6.35,0.7905511811023622
1996-12-23,5.1,6.34,0.804416403785489
1996-12-24,5.09,6.36,0.800314465408805
1996-12-25,,,
1996-12-26,5.1,6.35,0.8031496062992126
1996-12-27,5.11,6.3,0.8111111111111112
1996-12-30,5.21,6.31,0.8256735340729002
1996-12-31,5.21,6.43,0.8102643856920685
1997-01-01,,,
1997-01-02,5.19,6.54,0.7935779816513762
1997-01-03,5.17,6.52,0.7929447852760737
1997-01-06,5.17,6.54,0.790519877675841
1997-01-07,5.16,6.57,0.7853881278538812
1997-01-08,5.16,6.6,0.7818181818181819
1997-01-09,5.13,6.52,0.7868098159509203
1997-01-10,5.17,6.63,0.779788838612368
1997-01-13,5.08,6.63,0.7662141779788839
1997-01-14,5.19,6.53,0.7947932618683002
1997-01-15,5.16,6.53,0.7901990811638591
1997-01-16,5.16,6.57,0.7853881278538812
1997-01-17,5.14,6.56,0.7835365853658537
1997-01-20,,,
1997-01-21,5.18,6.52,0.7944785276073619
1997-01-22,5.18,6.56,0.7896341463414634
1997-01-23,5.18,6.6,0.7848484848484848
1997-01-24,5.16,6.64,0.7771084337349398
1997-01-27,5.21,6.69,0.7787742899850523
1997-01-28,5.18,6.64,0.7801204819277109
1997-01-29,5.18,6.63,0.7812971342383107
1997-01-30,5.18,6.61,0.7836611195158849
1997-01-31,5.15,6.53,0.7886676875957122
1997-02-03,5.12,6.47,0.7913446676970635
1997-02-04,5.1,6.45,0.7906976744186046
1997-02-05,5.13,6.47,0.7928902627511593
1997-02-06,5.14,6.49,0.7919876733436054
1997-02-07,5.14,6.43,0.7993779160186625
1997-02-10,5.17,6.43,0.8040435458786936
1997-02-11,5.14,6.43,0.7993779160186625
1997-02-12,5.16,6.39,0.807511737089202
1997-02-13,5.13,6.32,0.8117088607594937
1997-02-14,5.1,6.28,0.8121019108280254
1997-02-17,,,
1997-02-18,5.12,6.28,0.8152866242038216
1997-02-19,5.11,6.3,0.8111111111111112
1997-02-20,5.1,6.38,0.799373040752351
1997-02-21,5.09,6.36,0.800314465408805
1997-02-24,5.16,6.39,0.807511737089202
1997-02-25,5.13,6.4,0.8015625
1997-02-26,5.22,6.56,0.7957317073170732
1997-02-27,5.22,6.58,0.7933130699088146
1997-02-28,5.22,6.56,0.7957317073170732
1997-03-03,5.24,6.58,0.7963525835866262
1997-03-04,5.25,6.6,0.7954545454545455
1997-03-05,5.21,6.6,0.7893939393939394
1997-03-06,5.23,6.62,0.7900302114803626
1997-03-07,5.22,6.57,0.7945205479452054
1997-03-10,5.2,6.56,0.7926829268292683
1997-03-11,5.18,6.57,0.7884322678843226
1997-03-12,5.21,6.6,0.7893939393939394
1997-03-13,5.26,6.72,0.7827380952380952
1997-03-14,5.24,6.71,0.7809239940387481
1997-03-17,5.25,6.72,0.78125
1997-03-18,5.25,6.72,0.78125
1997-03-19,5.29,6.74,0.7848664688427299
1997-03-20,5.34,6.75,0.7911111111111111
1997-03-21,5.41,6.74,0.8026706231454006
1997-03-24,5.4,6.72,0.8035714285714286
1997-03-25,5.44,6.75,0.8059259259259259
1997-03-26,5.35,6.8,0.7867647058823529
1997-03-27,5.37,6.9,0.7782608695652173
1997-03-28,,,
1997-03-31,5.35,6.92,0.773121387283237
1997-04-01,5.32,6.9,0.7710144927536232
1997-04-02,5.3,6.88,0.7703488372093024
1997-04-03,5.27,6.86,0.7682215743440233
1997-04-04,5.29,6.92,0.7644508670520231
1997-04-07,5.26,6.87,0.7656477438136826
1997-04-08,5.25,6.91,0.7597684515195369
1997-04-09,5.24,6.91,0.7583212735166426
1997-04-10,5.29,6.91,0.7655571635311144
1997-04-11,5.31,6.98,0.7607449856733524
1997-04-14,5.3,6.98,0.7593123209169054
1997-04-15,5.31,6.88,0.7718023255813953
1997-04-16,5.29,6.9,0.7666666666666666
1997-04-17,5.29,6.86,0.771137026239067
1997-04-18,5.29,6.84,0.7733918128654971
1997-04-21,5.36,6.87,0.7802037845705968
1997-04-22,5.36,6.84,0.7836257309941521
1997-04-23,5.37,6.89,0.7793904208998549
1997-04-24,5.32,6.93,0.7676767676767677
1997-04-25,5.31,6.94,0.765129682997118
1997-04-28,5.35,6.92,0.773121387283237
1997-04-29,5.34,6.77,0.7887740029542097
1997-04-30,5.28,6.72,0.7857142857142858
1997-05-01,5.24,6.69,0.7832585949177877
1997-05-02,5.24,6.68,0.784431137724551
1997-05-05,5.22,6.67,0.7826086956521738
1997-05-06,5.21,6.67,0.7811094452773614
1997-05-07,5.22,6.76,0.772189349112426
1997-05-08,5.21,6.72,0.7752976190476191
1997-05-09,5.19,6.67,0.7781109445277362
1997-05-12,5.24,6.65,0.7879699248120301
1997-05-13,5.24,6.71,0.7809239940387481
1997-05-14,5.19,6.68,0.7769461077844312
1997-05-15,5.13,6.67,0.7691154422788605
1997-05-16,5.2,6.7,0.7761194029850746
1997-05-19,5.38,6.71,0.8017883755588674
1997-05-20,5.39,6.7,0.8044776119402984
1997-05-21,5.12,6.74,0.7596439169139466
1997-05-22,5.18,6.76,0.7662721893491125
1997-05-23,5.18,6.74,0.7685459940652818
1997-05-26,,,
1997-05-27,5.18,6.79,0.7628865979381443
1997-05-28,5.18,6.8,0.7617647058823529
1997-05-29,5.03,6.75,0.7451851851851852
1997-05-30,4.96,6.67,0.7436281859070465
1997-06-02,5.07,6.66,0.7612612612612613
1997-06-03,5.05,6.63,0.7616892911010558
1997-06-04,5.09,6.62,0.7688821752265861
1997-06-05,5.11,6.62,0.77190332326284
1997-06-06,5.07,6.51,0.7788018433179724
1997-06-09,5.06,6.55,0.7725190839694656
1997-06-10,5.05,6.57,0.7686453576864535
1997-06-11,4.98,6.56,0.7591463414634148
1997-06-12,4.97,6.48,0.7669753086419753
1997-06-13,5.0,6.43,0.7776049766718507
1997-06-16,5.03,6.4,0.7859375
1997-06-17,5.05,6.43,0.7853810264385692
1997-06-18,5.03,6.4,0.7859375
1997-06-19,5.08,6.4,0.79375
1997-06-20,5.08,6.37,0.7974882260596546
1997-06-23,5.06,6.4,0.7906249999999999
1997-06-24,5.07,6.42,0.7897196261682243
1997-06-25,5.07,6.45,0.786046511627907
1997-06-26,5.17,6.5,0.7953846153846154
1997-06-27,5.15,6.46,0.7972136222910218
1997-06-30,5.25,6.51,0.8064516129032259
1997-07-01,5.18,6.45,0.8031007751937984
1997-07-02,5.2,6.42,0.809968847352025
1997-07-03,5.14,6.31,0.8145800316957211
1997-07-04,,,
1997-07-07,5.12,6.27,0.8165869218500799
1997-07-08,5.12,6.27,0.8165869218500799
1997-07-09,5.11,6.25,0.8176000000000001
1997-07-10,5.15,6.26,0.8226837060702876
1997-07-11,5.14,6.23,0.8250401284109148
1997-07-14,5.22,6.26,0.8338658146964856
1997-07-15,5.22,6.26,0.8338658146964856
1997-07-16,5.17,6.2,0.8338709677419355
1997-07-17,5.18,6.19,0.8368336025848141
1997-07-18,5.24,6.24,0.8397435897435898
1997-07-21,5.27,6.27,0.8405103668261563
1997-07-22,5.18,6.15,0.8422764227642275
1997-07-23,5.2,6.14,0.8469055374592834
1997-07-24,5.23,6.16,0.8490259740259741
1997-07-25,5.24,6.18,0.8478964401294499
1997-07-28,5.24,6.16,0.8506493506493507
1997-07-29,5.24,6.11,0.8576104746317512
1997-07-30,5.24,6.05,0.8661157024793389
1997-07-31,5.25,6.02,0.8720930232558141
1997-08-01,5.28,6.2,0.8516129032258065
1997-08-04,5.29,6.23,0.8491171749598715
1997-08-05,5.29,6.23,0.8491171749598715
1997-08-06,5.29,6.21,0.8518518518518519
1997-08-07,5.3,6.24,0.8493589743589743
1997-08-08,5.29,6.38,0.829153605015674
1997-08-11,5.31,6.36,0.8349056603773584
1997-08-12,5.31,6.39,0.8309859154929577
1997-08-13,5.32,6.36,0.8364779874213837
1997-08-14,5.34,6.27,0.8516746411483254
1997-08-15,5.29,6.27,0.8437001594896333
1997-08-18,5.23,6.21,0.8421900161030597
1997-08-19,5.25,6.21,0.8454106280193237
1997-08-20,5.24,6.24,0.8397435897435898
1997-08-21,5.27,6.3,0.8365079365079364
1997-08-22,5.25,6.38,0.822884012539185
1997-08-25,5.28,6.39,0.8262910798122066
1997-08-26,5.28,6.38,0.8275862068965518
1997-08-27,5.28,6.38,0.8275862068965518
1997-08-28,5.24,6.3,0.8317460317460318
1997-08-29,5.24,6.34,0.8264984227129338
1997-09-01,,,
1997-09-02,5.21,6.31,0.8256735340729002
1997-09-03,5.14,6.33,0.8120063191153238
1997-09-04,5.14,6.33,0.8120063191153238
1997-09-05,5.17,6.37,0.8116169544740973
1997-09-08,5.16,6.33,0.8151658767772512
1997-09-09,5.16,6.34,0.8138801261829653
1997-09-10,5.11,6.37,0.8021978021978022
1997-09-11,5.13,6.39,0.8028169014084507
1997-09-12,5.1,6.29,0.8108108108108107
1997-09-15,5.08,6.28,0.8089171974522292
1997-09-16,5.09,6.11,0.8330605564648117
1997-09-17,5.1,6.1,0.8360655737704918
1997-09-18,5.1,6.11,0.834697217675941
1997-09-19,5.06,6.09,0.8308702791461412
1997-09-22,5.02,6.06,0.8283828382838284
1997-09-23,5.02,6.1,0.8229508196721311
1997-09-24,4.94,6.04,0.8178807947019868
1997-09-25,4.93,6.13,0.8042414355628058
1997-09-26,4.99,6.08,0.8207236842105263
1997-09-29,5.07,6.1,0.8311475409836067
1997-09-30,5.06,6.12,0.826797385620915
1997-10-01,5.1,6.04,0.8443708609271523
1997-10-02,5.07,6.01,0.8435940099833611
1997-10-03,5.03,6.01,0.8369384359400999
1997-10-06,5.08,5.96,0.8523489932885906
1997-10-07,5.06,5.94,0.8518518518518517
1997-10-08,5.09,6.08,0.8371710526315789
1997-10-09,5.14,6.09,0.8440065681444991
1997-10-10,5.14,6.15,0.8357723577235772
1997-10-13,,,
1997-10-14,5.08,6.07,0.8369028006589786
1997-10-15,5.06,6.1,0.8295081967213115
1997-10-16,5.07,6.09,0.832512315270936
1997-10-17,5.06,6.17,0.820097244732577
1997-10-20,5.09,6.15,0.8276422764227641
1997-10-21,5.07,6.14,0.8257328990228014
1997-10-22,5.16,6.12,0.8431372549019608
1997-10-23,5.13,6.04,0.8493377483443708
1997-10-24,5.15,6.01,0.8569051580698837
1997-10-27,5.08,5.91,0.8595600676818951
1997-10-28,5.25,5.98,0.8779264214046822
1997-10-29,5.19,5.91,0.8781725888324874
1997-10-30,5.17,5.84,0.8852739726027398
1997-10-31,5.21,5.84,0.892123287671233
1997-11-03,5.26,5.91,0.8900169204737732
1997-11-04,5.25,5.95,0.8823529411764706
1997-11-05,5.27,5.95,0.8857142857142856
1997-11-06,5.31,5.9,0.8999999999999999
1997-11-07,5.31,5.9,0.8999999999999999
1997-11-10,5.32,5.91,0.9001692047377327
1997-11-11,,,
1997-11-12,5.3,5.89,0.8998302207130731
1997-11-13,5.27,5.87,0.89778534923339
1997-11-14,5.27,5.86,0.8993174061433445
1997-11-17,5.31,5.85,0.9076923076923077
1997-11-18,5.31,5.85,0.9076923076923077
1997-11-19,5.28,5.82,0.9072164948453608
1997-11-20,5.28,5.84,0.904109589041096
1997-11-21,5.25,5.82,0.902061855670103
1997-11-24,5.29,5.86,0.9027303754266212
1997-11-25,5.3,5.85,0.905982905982906
1997-11-26,5.26,5.86,0.8976109215017064
1997-11-27,,,
1997-11-28,5.22,5.86,0.8907849829351535
1997-12-01,5.27,5.86,0.8993174061433445
1997-12-02,5.26,5.86,0.8976109215017064
1997-12-03,5.26,5.83,0.902229845626072
1997-12-04,5.27,5.84,0.9023972602739726
1997-12-05,5.3,5.92,0.8952702702702703
1997-12-08,5.29,5.96,0.8875838926174496
1997-12-09,5.27,5.95,0.8857142857142856
1997-12-10,5.21,5.9,0.8830508474576271
1997-12-11,5.2,5.82,0.8934707903780068
1997-12-12,5.18,5.74,0.9024390243902438
1997-12-15,5.23,5.78,0.9048442906574394
1997-12-16,5.23,5.77,0.906412478336222
1997-12-17,5.25,5.81,0.9036144578313253
1997-12-18,5.24,5.76,0.9097222222222223
1997-12-19,5.33,5.72,0.9318181818181819
1997-12-22,5.46,5.72,0.9545454545454546
1997-12-23,5.46,5.73,0.9528795811518324
1997-12-24,5.38,5.76,0.9340277777777778
1997-12-25,,,
1997-12-26,5.35,5.75,0.9304347826086956
1997-12-29,5.45,5.76,0.9461805555555556
1997-12-30,5.45,5.8,0.9396551724137931
1997-12-31,5.36,5.75,0.9321739130434783
1998-01-01,,,
1998-01-02,5.32,5.67,0.9382716049382717
1998-01-05,5.23,5.52,0.9474637681159421
1998-01-06,5.22,5.49,0.9508196721311475
1998-01-07,5.23,5.55,0.9423423423423425
1998-01-08,5.13,5.49,0.9344262295081966
1998-01-09,5.05,5.4,0.9351851851851851
1998-01-12,5.12,5.39,0.9499072356215215
1998-01-13,5.17,5.41,0.955637707948244
1998-01-14,5.18,5.45,0.9504587155963302
1998-01-15,5.13,5.48,0.9361313868613138
1998-01-16,5.15,5.54,0.9296028880866427
1998-01-19,,,
1998-01-20,5.14,5.57,0.9228007181328545
1998-01-21,5.13,5.54,0.9259927797833934
1998-01-22,5.13,5.56,0.9226618705035972
1998-01-23,5.17,5.7,0.9070175438596491
1998-01-26,5.22,5.63,0.9271758436944938
1998-01-27,5.24,5.7,0.9192982456140351
1998-01-28,5.23,5.69,0.9191564147627417
1998-01-29,5.2,5.58,0.931899641577061
1998-01-30,5.19,5.53,0.9385171790235082
1998-02-02,5.26,5.57,0.9443447037701974
1998-02-03,5.26,5.56,0.9460431654676259
1998-02-04,5.11,5.57,0.9174147217235189
1998-02-05,5.14,5.62,0.9145907473309608
1998-02-06,5.17,5.62,0.9199288256227758
1998-02-09,5.22,5.65,0.9238938053097344
1998-02-10,5.21,5.64,0.923758865248227
1998-02-11,5.22,5.53,0.9439421338155515
1998-02-12,5.22,5.52,0.9456521739130435
1998-02-13,5.22,5.49,0.9508196721311475
1998-02-16,,,
1998-02-17,5.2,5.44,0.9558823529411764
1998-02-18,5.2,5.49,0.9471766848816029
1998-02-19,5.21,5.51,0.9455535390199638
1998-02-20,5.21,5.54,0.9404332129963899
1998-02-23,5.28,5.58,0.946236559139785
1998-02-24,5.27,5.69,0.9261862917398944
1998-02-25,5.31,5.63,0.9431616341030195
1998-02-26,5.34,5.65,0.9451327433628318
1998-02-27,5.32,5.62,0.9466192170818506
1998-03-02,5.26,5.72,0.9195804195804196
1998-03-03,5.23,5.77,0.906412478336222
1998-03-04,5.19,5.76,0.9010416666666667
1998-03-05,5.18,5.78,0.8961937716262975
1998-03-06,5.15,5.73,0.8987783595113438
1998-03-09,5.11,5.67,0.9012345679012347
1998-03-10,5.09,5.67,0.8977072310405644
1998-03-11,5.09,5.63,0.9040852575488455
1998-03-12,5.08,5.56,0.9136690647482015
1998-03-13,5.09,5.58,0.9121863799283154
1998-03-16,5.12,5.54,0.924187725631769
1998-03-17,5.14,5.56,0.9244604316546763
1998-03-18,5.17,5.58,0.9265232974910395
1998-03-19,5.18,5.58,0.9283154121863799
1998-03-20,5.19,5.57,0.9317773788150808
1998-03-23,5.17,5.57,0.9281867145421903
1998-03-24,5.17,5.58,0.9265232974910395
1998-03-25,5.18,5.64,0.9184397163120568
1998-03-26,5.22,5.68,0.9190140845070423
1998-03-27,5.21,5.68,0.9172535211267606
1998-03-30,5.18,5.72,0.9055944055944056
1998-03-31,5.16,5.67,0.9100529100529101
1998-04-01,5.12,5.62,0.9110320284697508
1998-04-02,5.1,5.56,0.9172661870503597
1998-04-03,5.08,5.47,0.9287020109689215
1998-04-06,5.1,5.51,0.925589836660617
1998-04-07,5.07,5.53,0.9168173598553345
1998-04-08,5.06,5.58,0.9068100358422938
1998-04-09,5.07,5.59,0.9069767441860466
1998-04-10,,,
1998-04-13,5.19,5.66,0.9169611307420495
1998-04-14,5.16,5.63,0.91651865008881
1998-04-15,5.08,5.6,0.9071428571428573
1998-04-16,5.04,5.59,0.9016100178890877
1998-04-17,5.05,5.59,0.9033989266547406
1998-04-20,5.08,5.65,0.8991150442477875
1998-04-21,5.07,5.68,0.892605633802817
1998-04-22,5.09,5.68,0.8961267605633803
1998-04-23,5.09,5.69,0.8945518453427064
1998-04-24,5.08,5.67,0.8959435626102293
1998-04-27,5.08,5.8,0.8758620689655173
1998-04-28,5.06,5.8,0.8724137931034482
1998-04-29,5.07,5.81,0.87263339070568
1998-04-30,5.0,5.68,0.8802816901408451
1998-05-01,5.02,5.67,0.8853615520282186
1998-05-04,5.1,5.67,0.8994708994708994
1998-05-05,5.11,5.7,0.8964912280701754
1998-05-06,5.11,5.67,0.9012345679012347
1998-05-07,5.12,5.67,0.9029982363315697
1998-05-08,5.14,5.71,0.9001751313485113
1998-05-11,5.14,5.79,0.8877374784110534
1998-05-12,5.12,5.7,0.8982456140350877
1998-05-13,5.12,5.64,0.9078014184397164
1998-05-14,5.18,5.67,0.9135802469135802
1998-05-15,5.18,5.68,0.9119718309859155
1998-05-18,5.2,5.64,0.921985815602837
1998-05-19,5.23,5.65,0.9256637168141593
1998-05-20,5.21,5.61,0.9286987522281639
1998-05-21,5.24,5.65,0.927433628318584
1998-05-22,5.22,5.64,0.9255319148936171
1998-05-25,,,
1998-05-26,5.17,5.59,0.9248658318425761
1998-05-27,5.09,5.56,0.9154676258992807
1998-05-28,5.07,5.58,0.9086021505376345
1998-05-29,5.03,5.56,0.9046762589928059
1998-06-01,5.08,5.53,0.918625678119349
1998-06-02,5.08,5.56,0.9136690647482015
1998-06-03,5.13,5.57,0.9210053859964092
1998-06-04,5.12,5.59,0.9159212880143113
1998-06-05,5.12,5.58,0.9175627240143369
1998-06-08,5.16,5.58,0.924731182795699
1998-06-09,5.17,5.59,0.9248658318425761
1998-06-10,5.14,5.51,0.9328493647912885
1998-06-11,5.11,5.44,0.9393382352941176
1998-06-12,5.13,5.43,0.9447513812154696
1998-06-15,5.16,5.38,0.9591078066914499
1998-06-16,5.2,5.45,0.9541284403669725
1998-06-17,5.23,5.54,0.9440433212996391
1998-06-18,5.19,5.5,0.9436363636363637
1998-06-19,5.17,5.47,0.9451553930530164
1998-06-22,5.11,5.46,0.935897435897436
1998-06-23,5.1,5.45,0.9357798165137614
1998-06-24,5.04,5.46,0.9230769230769231
1998-06-25,5.02,5.46,0.9194139194139194
1998-06-26,5.01,5.46,0.9175824175824175
1998-06-29,5.16,5.47,0.943327239488117
1998-06-30,5.1,5.44,0.9374999999999999
1998-07-01,5.09,5.44,0.9356617647058822
1998-07-02,5.07,5.42,0.9354243542435425
1998-07-03,,,
1998-07-06,5.09,5.39,0.9443413729128015
1998-07-07,5.08,5.42,0.937269372693727
1998-07-08,5.09,5.43,0.9373848987108656
1998-07-09,5.07,5.41,0.9371534195933456
1998-07-10,5.06,5.42,0.9335793357933578
1998-07-13,5.13,5.46,0.9395604395604396
1998-07-14,5.16,5.49,0.9398907103825137
1998-07-15,5.14,5.48,0.937956204379562
1998-07-16,5.17,5.5,0.94
1998-07-17,5.14,5.51,0.9328493647912885
1998-07-20,5.09,5.48,0.9288321167883211
1998-07-21,5.09,5.45,0.9339449541284404
1998-07-22,5.07,5.46,0.9285714285714286
1998-07-23,5.09,5.45,0.9339449541284404
1998-07-24,5.08,5.45,0.9321100917431192
1998-07-27,5.06,5.47,0.9250457038391224
1998-07-28,5.07,5.5,0.9218181818181819
1998-07-29,5.07,5.52,0.9184782608695653
1998-07-30,5.07,5.5,0.9218181818181819
1998-07-31,5.1,5.5,0.9272727272727272
1998-08-03,5.13,5.46,0.9395604395604396
1998-08-04,5.1,5.43,0.9392265193370165
1998-08-05,5.08,5.43,0.9355432780847146
1998-08-06,5.03,5.44,0.9246323529411764
1998-08-07,4.99,5.4,0.924074074074074
1998-08-10,5.07,5.41,0.9371534195933456
1998-08-11,5.03,5.37,0.936685288640596
1998-08-12,5.02,5.4,0.9296296296296295
1998-08-13,5.04,5.44,0.926470588235294
1998-08-14,5.03,5.4,0.9314814814814815
1998-08-17,5.07,5.4,0.9388888888888889
1998-08-18,5.06,5.41,0.9353049907578558
1998-08-19,5.07,5.42,0.9354243542435425
1998-08-20,5.04,5.38,0.9368029739776952
1998-08-21,5.01,5.32,0.9417293233082706
1998-08-24,5.08,5.3,0.9584905660377359
1998-08-25,5.09,5.25,0.9695238095238095
1998-08-26,5.06,5.26,0.9619771863117871
1998-08-27,4.99,5.12,0.974609375
1998-08-28,4.91,5.09,0.9646365422396858
1998-08-31,4.96,5.05,0.9821782178217822
1998-09-01,4.92,5.05,0.9742574257425742
1998-09-02,4.91,5.1,0.9627450980392158
1998-09-03,4.83,5.03,0.9602385685884691
1998-09-04,4.86,5.02,0.9681274900398408
1998-09-07,,,
1998-09-08,4.94,5.04,0.9801587301587302
1998-09-09,4.88,4.95,0.9858585858585858
1998-09-10,4.78,4.76,1.0042016806722691
1998-09-11,4.87,4.85,1.0041237113402062
1998-09-14,4.83,4.87,0.9917864476386037
1998-09-15,4.79,4.9,0.9775510204081632
1998-09-16,4.74,4.88,0.9713114754098361
1998-09-17,4.7,4.8,0.9791666666666667
1998-09-18,4.63,4.7,0.9851063829787233
1998-09-21,4.82,4.69,1.0277185501066097
1998-09-22,4.81,4.73,1.0169133192389004
1998-09-23,4.67,4.69,0.9957356076759061
1998-09-24,4.55,4.64,0.9806034482758621
1998-09-25,4.52,4.6,0.9826086956521739
1998-09-28,4.56,4.61,0.9891540130151842
1998-09-29,4.54,4.59,0.9891067538126362
1998-09-30,4.37,4.44,0.9842342342342342
1998-10-01,4.23,4.33,0.9769053117782911
1998-10-02,4.22,4.31,0.9791183294663574
1998-10-05,4.23,4.16,1.0168269230769231
1998-10-06,4.18,4.24,0.9858490566037734
1998-10-07,4.15,4.34,0.9562211981566822
1998-10-08,3.89,4.56,0.8530701754385966
1998-10-09,3.88,4.77,0.8134171907756814
1998-10-12,,,
1998-10-13,3.99,4.73,0.8435517970401691
1998-10-14,4.02,4.58,0.8777292576419213
1998-10-15,4.15,4.58,0.906113537117904
1998-10-16,3.65,4.44,0.822072072072072
1998-10-19,3.94,4.47,0.8814317673378076
1998-10-20,3.95,4.57,0.8643326039387308
1998-10-21,4.0,4.59,0.8714596949891068
1998-10-22,3.98,4.62,0.8614718614718615
1998-10-23,3.97,4.7,0.8446808510638298
1998-10-26,4.06,4.73,0.858350951374207
1998-10-27,4.06,4.63,0.876889848812095
1998-10-28,4.28,4.6,0.9304347826086958
1998-10-29,4.32,4.54,0.9515418502202644
1998-10-30,4.33,4.64,0.9331896551724139
1998-11-02,4.54,4.77,0.9517819706498952
1998-11-03,4.5,4.78,0.9414225941422594
1998-11-04,4.56,4.83,0.9440993788819875
1998-11-05,4.58,4.82,0.950207468879668
1998-11-06,4.64,4.93,0.9411764705882353
1998-11-09,4.58,4.88,0.9385245901639344
1998-11-10,4.54,4.81,0.9438669438669439
1998-11-11,,,
1998-11-12,4.48,4.77,0.9392033542976941
1998-11-13,4.47,4.82,0.9273858921161825
1998-11-16,4.52,4.85,0.931958762886598
1998-11-17,4.42,4.87,0.9075975359342916
1998-11-18,4.44,4.85,0.9154639175257734
1998-11-19,4.46,4.85,0.9195876288659794
1998-11-20,4.46,4.82,0.925311203319502
1998-11-23,4.59,4.84,0.9483471074380165
1998-11-24,4.62,4.85,0.9525773195876289
1998-11-25,4.57,4.83,0.9461697722567288
1998-11-26,,,
1998-11-27,4.55,4.81,0.9459459459459459
1998-11-30,4.57,4.74,0.9641350210970464
1998-12-01,4.49,4.67,0.961456102783726
1998-12-02,4.48,4.59,0.9760348583877997
1998-12-03,4.45,4.58,0.9716157205240175
1998-12-04,4.48,4.62,0.9696969696969697
1998-12-07,4.46,4.69,0.950959488272921
1998-12-08,4.43,4.6,0.9630434782608696
1998-12-09,4.43,4.56,0.9714912280701754
1998-12-10,4.48,4.53,0.9889624724061811
1998-12-11,4.5,4.61,0.9761388286334056
1998-12-14,4.49,4.58,0.980349344978166
1998-12-15,4.49,4.62,0.9718614718614719
1998-12-16,4.46,4.58,0.9737991266375545
1998-12-17,4.46,4.58,0.9737991266375545
1998-12-18,4.49,4.58,0.980349344978166
1998-12-21,4.51,4.64,0.9719827586206897
1998-12-22,4.5,4.7,0.9574468085106382
1998-12-23,4.58,4.81,0.9521829521829522
1998-12-24,4.57,4.86,0.9403292181069959
1998-12-25,,,
1998-12-28,4.56,4.78,0.9539748953974894
1998-12-29,4.59,4.71,0.9745222929936306
1998-12-30,4.55,4.65,0.9784946236559139
1998-12-31,4.48,4.65,0.9634408602150538
1999-01-01,,,
1999-01-04,4.49,4.69,0.9573560767590618
1999-01-05,4.48,4.74,0.9451476793248945
1999-01-06,4.47,4.73,0.9450317124735728
1999-01-07,4.44,4.77,0.9308176100628932
1999-01-08,4.48,4.86,0.9218106995884774
1999-01-11,4.51,4.9,0.9204081632653061
1999-01-12,4.48,4.82,0.9294605809128631
1999-01-13,4.45,4.74,0.9388185654008439
1999-01-14,4.44,4.63,0.9589632829373651
1999-01-15,4.44,4.66,0.9527896995708155
1999-01-18,,,
1999-01-19,4.41,4.71,0.9363057324840764
1999-01-20,4.37,4.76,0.9180672268907564
1999-01-21,4.32,4.7,0.9191489361702128
1999-01-22,4.36,4.64,0.9396551724137933
1999-01-25,4.44,4.67,0.9507494646680943
1999-01-26,4.46,4.69,0.950959488272921
1999-01-27,4.47,4.68,0.9551282051282052
1999-01-28,4.49,4.67,0.961456102783726
1999-01-29,4.48,4.66,0.96137339055794
1999-02-01,4.53,4.75,0.9536842105263158
1999-02-02,4.53,4.79,0.9457202505219207
1999-02-03,4.48,4.83,0.9275362318840581
1999-02-04,4.49,4.89,0.9182004089979551
1999-02-05,4.5,4.94,0.9109311740890688
1999-02-08,4.54,4.94,0.9190283400809716
1999-02-09,4.53,4.91,0.9226069246435845
1999-02-10,4.48,4.9,0.9142857142857143
1999-02-11,4.5,4.93,0.9127789046653144
1999-02-12,4.54,5.06,0.8972332015810277
1999-02-15,,,
1999-02-16,4.56,5.03,0.9065606361829025
1999-02-17,4.52,4.98,0.9076305220883533
1999-02-18,4.53,5.04,0.8988095238095238
1999-02-19,4.56,5.07,0.8994082840236685
1999-02-22,4.65,5.03,0.9244532803180915
1999-02-23,4.66,5.1,0.9137254901960785
1999-02-24,4.67,5.18,0.9015444015444016
1999-02-25,4.62,5.32,0.8684210526315789
1999-02-26,4.66,5.29,0.8809073724007561
1999-03-01,4.71,5.4,0.8722222222222221
1999-03-02,4.66,5.35,0.8710280373831777
1999-03-03,4.62,5.39,0.8571428571428572
1999-03-04,4.62,5.41,0.8539741219963032
1999-03-05,4.63,5.34,0.8670411985018727
1999-03-08,4.64,5.29,0.8771266540642721
1999-03-09,4.6,5.18,0.888030888030888
1999-03-10,4.6,5.2,0.8846153846153845
1999-03-11,4.62,5.21,0.8867562380038388
1999-03-12,4.6,5.16,0.8914728682170542
1999-03-15,4.61,5.15,0.8951456310679612
1999-03-16,4.55,5.11,0.8904109589041095
1999-03-17,4.53,5.14,0.8813229571984437
1999-03-18,4.51,5.11,0.882583170254403
1999-03-19,4.51,5.17,0.8723404255319148
1999-03-22,4.52,5.21,0.8675623800383876
1999-03-23,4.5,5.2,0.8653846153846153
1999-03-24,4.5,5.17,0.8704061895551257
1999-03-25,4.51,5.21,0.8656429942418425
1999-03-26,4.51,5.21,0.8656429942418425
1999-03-29,4.51,5.28,0.8541666666666666
1999-03-30,4.48,5.21,0.8598848368522074
1999-03-31,4.49,5.25,0.8552380952380952
1999-04-01,4.44,5.27,0.8425047438330172
1999-04-02,4.43,5.2,0.8519230769230769
1999-04-05,4.4,5.2,0.8461538461538461
1999-04-06,4.42,5.13,0.8615984405458089
1999-04-07,4.42,5.14,0.8599221789883269
1999-04-08,4.4,5.03,0.874751491053678
1999-04-09,4.42,5.05,0.8752475247524752
1999-04-12,4.32,5.06,0.8537549407114625
1999-04-13,4.32,5.12,0.84375
1999-04-14,4.3,5.13,0.8382066276803118
1999-04-15,4.32,5.18,0.8339768339768341
1999-04-16,4.34,5.23,0.8298279158699808
1999-04-19,4.36,5.18,0.8416988416988418
1999-04-20,4.38,5.16,0.8488372093023255
1999-04-21,4.36,5.17,0.8433268858800774
1999-04-22,4.4,5.25,0.8380952380952381
1999-04-23,4.43,5.26,0.8422053231939163
1999-04-26,4.47,5.23,0.8546845124282981
1999-04-27,4.5,5.22,0.8620689655172414
1999-04-28,4.51,5.27,0.855787476280835
1999-04-29,4.51,5.22,0.8639846743295019
1999-04-30,4.55,5.36,0.8488805970149252
1999-05-03,4.62,5.38,0.8587360594795539
1999-05-04,4.63,5.42,0.8542435424354243
1999-05-05,4.61,5.4,0.8537037037037037
1999-05-06,4.62,5.52,0.8369565217391305
1999-05-07,4.62,5.54,0.8339350180505415
1999-05-10,4.6,5.54,0.8303249097472923
1999-05-11,4.62,5.59,0.8264758497316638
1999-05-12,4.6,5.51,0.8348457350272231
1999-05-13,4.59,5.41,0.8484288354898336
1999-05-14,4.64,5.62,0.8256227758007116
1999-05-17,4.71,5.66,0.832155477031802
1999-05-18,4.66,5.68,0.8204225352112676
1999-05-19,4.63,5.6,0.8267857142857143
1999-05-20,4.61,5.6,0.8232142857142858
1999-05-21,4.61,5.52,0.835144927536232
1999-05-24,4.64,5.5,0.8436363636363636
1999-05-25,4.64,5.49,0.8451730418943533
1999-05-26,4.66,5.55,0.8396396396396397
1999-05-27,4.65,5.62,0.8274021352313168
1999-05-28,4.66,5.64,0.8262411347517731
1999-05-31,,,
1999-06-01,4.77,5.78,0.8252595155709341
1999-06-02,4.74,5.8,0.8172413793103449
1999-06-03,4.65,5.8,0.8017241379310346
1999-06-04,4.57,5.82,0.7852233676975945
1999-06-07,4.64,5.81,0.7986230636833046
1999-06-08,4.62,5.83,0.7924528301886793
1999-06-09,4.6,5.87,0.7836456558773424
1999-06-10,4.67,5.92,0.7888513513513513
1999-06-11,4.74,6.02,0.7873754152823921
1999-06-14,4.76,5.98,0.7959866220735785
1999-06-15,4.74,5.98,0.7926421404682275
1999-06-16,4.67,5.94,0.7861952861952861
1999-06-17,4.64,5.79,0.8013816925734023
1999-06-18,4.69,5.84,0.803082191780822
1999-06-21,4.74,5.9,0.8033898305084746
1999-06-22,4.73,5.94,0.7962962962962963
1999-06-23,4.73,6.0,0.7883333333333334
1999-06-24,4.74,6.05,0.7834710743801654
1999-06-25,4.8,6.02,0.7973421926910299
1999-06-28,4.88,5.96,0.8187919463087249
1999-06-29,4.84,5.93,0.8161888701517707
1999-06-30,4.78,5.81,0.8227194492254735
1999-07-01,4.68,5.85,0.8
1999-07-02,4.69,5.82,0.8058419243986255
1999-07-05,,,
1999-07-06,4.72,5.88,0.8027210884353742
1999-07-07,4.67,5.92,0.7888513513513513
1999-07-08,4.68,5.85,0.8
1999-07-09,4.69,5.84,0.803082191780822
1999-07-12,4.74,5.74,0.8257839721254355
1999-07-13,4.71,5.71,0.8248686514886164
1999-07-14,4.72,5.74,0.8222996515679442
1999-07-15,4.7,5.72,0.8216783216783218
1999-07-16,4.68,5.68,0.823943661971831
1999-07-19,4.67,5.66,0.8250883392226148
1999-07-20,4.64,5.65,0.8212389380530972
1999-07-21,4.59,5.66,0.8109540636042403
1999-07-22,4.61,5.78,0.7975778546712803
1999-07-23,4.65,5.84,0.7962328767123289
1999-07-26,4.68,5.86,0.7986348122866893
1999-07-27,4.7,5.82,0.8075601374570447
1999-07-28,4.71,5.81,0.810671256454389
1999-07-29,4.72,5.88,0.8027210884353742
1999-07-30,4.75,5.92,0.8023648648648649
1999-08-02,4.85,5.92,0.8192567567567567
1999-08-03,4.84,5.95,0.8134453781512605
1999-08-04,4.78,5.96,0.802013422818792
1999-08-05,4.74,5.88,0.8061224489795918
1999-08-06,4.8,6.02,0.7973421926910299
1999-08-09,4.96,6.13,0.8091353996737357
1999-08-10,4.95,6.16,0.8035714285714286
1999-08-11,4.91,6.05,0.8115702479338843
1999-08-12,4.79,6.08,0.787828947368421
1999-08-13,4.74,5.98,0.7926421404682275
1999-08-16,4.84,5.98,0.8093645484949832
1999-08-17,4.83,5.89,0.8200339558573855
1999-08-18,4.76,5.88,0.8095238095238095
1999-08-19,4.76,5.9,0.8067796610169491
1999-08-20,4.84,5.88,0.8231292517006803
1999-08-23,5.01,5.89,0.8505942275042445
1999-08-24,4.99,5.85,0.8529914529914531
1999-08-25,4.93,5.73,0.8603839441535776
1999-08-26,4.93,5.75,0.8573913043478261
1999-08-27,4.98,5.85,0.8512820512820514
1999-08-30,5.01,5.95,0.842016806722689
1999-08-31,4.98,5.98,0.8327759197324415
1999-09-01,4.97,5.99,0.8297161936560934
1999-09-02,4.92,6.03,0.8159203980099502
1999-09-03,4.92,5.89,0.8353140916808149
1999-09-06,,,
1999-09-07,4.85,5.95,0.815126050420168
1999-09-08,4.83,5.93,0.8145025295109612
1999-09-09,4.81,5.97,0.8056951423785594
1999-09-10,4.76,5.89,0.8081494057724957
1999-09-13,4.8,5.92,0.8108108108108107
1999-09-14,4.83,5.96,0.8104026845637584
1999-09-15,4.75,5.94,0.7996632996632996
1999-09-16,4.7,5.9,0.7966101694915254
1999-09-17,4.67,5.87,0.7955706984667802
1999-09-20,4.81,5.91,0.8138747884940778
1999-09-21,4.79,5.94,0.8063973063973063
1999-09-22,4.83,5.92,0.8158783783783784
1999-09-23,4.82,5.87,0.8211243611584328
1999-09-24,4.78,5.75,0.831304347826087
1999-09-27,4.87,5.83,0.8353344768439108
1999-09-28,4.85,5.89,0.8234295415959253
1999-09-29,4.83,5.97,0.8090452261306533
1999-09-30,4.88,5.9,0.8271186440677966
1999-10-01,4.88,6.0,0.8133333333333334
1999-10-04,4.87,5.95,0.8184873949579832
1999-10-05,4.86,6.02,0.8073089700996678
1999-10-06,4.81,6.04,0.7963576158940396
1999-10-07,4.84,6.05,0.8
1999-10-08,4.82,6.04,0.7980132450331127
1999-10-11,,,
1999-10-12,4.93,6.07,0.8121911037891267
1999-10-13,4.98,6.12,0.8137254901960785
1999-10-14,5.02,6.17,0.8136142625607778
1999-10-15,5.04,6.09,0.8275862068965517
1999-10-18,5.15,6.12,0.8415032679738562
1999-10-19,5.15,6.18,0.8333333333333335
1999-10-20,5.15,6.19,0.8319870759289176
1999-10-21,5.14,6.2,0.8290322580645161
1999-10-22,5.07,6.21,0.8164251207729469
1999-10-25,5.14,6.22,0.8263665594855305
1999-10-26,5.15,6.24,0.8253205128205129
1999-10-27,5.14,6.19,0.8303715670436186
1999-10-28,5.11,6.12,0.8349673202614379
1999-10-29,5.12,6.02,0.850498338870432
1999-11-01,5.16,6.06,0.8514851485148516
1999-11-02,5.14,6.04,0.8509933774834436
1999-11-03,5.12,6.01,0.8519134775374376
1999-11-04,5.1,5.95,0.8571428571428571
1999-11-05,5.14,5.92,0.8682432432432432
1999-11-08,5.2,5.95,0.8739495798319328
1999-11-09,5.19,5.97,0.8693467336683418
1999-11-10,5.2,6.0,0.8666666666666667
1999-11-11,,,
1999-11-12,5.23,5.93,0.881956155143339
1999-11-15,5.29,5.94,0.8905723905723906
1999-11-16,5.29,5.97,0.8860971524288107
1999-11-17,5.24,6.04,0.8675496688741722
1999-11-18,5.23,6.06,0.8630363036303632
1999-11-19,5.23,6.07,0.8616144975288303
1999-11-22,5.27,6.09,0.8653530377668308
1999-11-23,5.27,6.08,0.8667763157894736
1999-11-24,5.29,6.09,0.8686371100164204
1999-11-25,,,
1999-11-26,5.3,6.12,0.8660130718954248
1999-11-29,5.36,6.21,0.8631239935587762
1999-11-30,5.3,6.18,0.8576051779935275
1999-12-01,5.27,6.21,0.8486312399355876
1999-12-02,5.25,6.24,0.8413461538461539
1999-12-03,5.25,6.17,0.8508914100486223
1999-12-06,5.22,6.16,0.8474025974025974
1999-12-07,5.22,6.11,0.8543371522094926
1999-12-08,5.22,6.15,0.8487804878048779
1999-12-09,5.25,6.14,0.8550488599348535
1999-12-10,5.3,6.08,0.8717105263157894
1999-12-13,5.39,6.11,0.8821603927986905
1999-12-14,5.39,6.22,0.8665594855305466
1999-12-15,5.35,6.25,0.856
1999-12-16,5.39,6.31,0.8541996830427893
1999-12-17,5.44,6.3,0.8634920634920635
1999-12-20,5.63,6.36,0.8852201257861635
1999-12-21,5.59,6.38,0.8761755485893417
1999-12-22,5.56,6.39,0.8701095461658842
1999-12-23,5.47,6.41,0.8533541341653665
1999-12-24,,,
1999-12-27,5.47,6.4,0.8546874999999999
1999-12-28,5.41,6.43,0.8413685847589425
1999-12-29,5.23,6.4,0.8171875000000001
1999-12-30,5.22,6.39,0.8169014084507042
1999-12-31,5.33,6.45,0.8263565891472868
2000-01-03,5.48,6.58,0.8328267477203648
2000-01-04,5.43,6.49,0.8366718027734976
2000-01-05,5.44,6.62,0.8217522658610272
2000-01-06,5.41,6.57,0.8234398782343988
2000-01-07,5.38,6.52,0.8251533742331288
2000-01-10,5.42,6.57,0.8249619482496194
2000-01-11,5.43,6.67,0.8140929535232383
2000-01-12,5.45,6.72,0.8110119047619048
2000-01-13,5.41,6.63,0.8159879336349924
2000-01-14,5.41,6.69,0.8086696562032885
2000-01-17,,,
2000-01-18,5.56,6.75,0.8237037037037036
2000-01-19,5.51,6.73,0.8187221396731054
2000-01-20,5.48,6.79,0.8070692194403535
2000-01-21,5.47,6.79,0.8055964653902797
2000-01-24,5.55,6.69,0.8295964125560538
2000-01-25,5.57,6.7,0.8313432835820895
2000-01-26,5.58,6.69,0.8340807174887892
2000-01-27,5.59,6.68,0.8368263473053892
2000-01-28,5.65,6.66,0.8483483483483484
2000-01-31,5.76,6.68,0.8622754491017964
2000-02-01,5.71,6.62,0.8625377643504532
2000-02-02,5.66,6.6,0.8575757575757577
2000-02-03,5.63,6.49,0.8674884437596302
2000-02-04,5.67,6.53,0.8683001531393568
2000-02-07,5.72,6.64,0.8614457831325302
2000-02-08,5.69,6.59,0.8634294385432474
2000-02-09,5.66,6.56,0.8628048780487806
2000-02-10,5.67,6.67,0.8500749625187406
2000-02-11,5.66,6.63,0.8536953242835597
2000-02-14,5.68,6.56,0.8658536585365854
2000-02-15,5.75,6.56,0.8765243902439025
2000-02-16,5.73,6.56,0.8734756097560977
2000-02-17,5.74,6.58,0.8723404255319149
2000-02-18,5.75,6.49,0.8859784283513097
2000-02-21,,,
2000-02-22,5.82,6.36,0.9150943396226415
2000-02-23,5.82,6.44,0.9037267080745341
2000-02-24,5.81,6.36,0.9135220125786162
2000-02-25,5.79,6.36,0.910377358490566
2000-02-28,5.8,6.37,0.9105180533751962
2000-02-29,5.78,6.42,0.9003115264797509
2000-03-01,5.76,6.39,0.9014084507042254
2000-03-02,5.76,6.4,0.8999999999999999
2000-03-03,5.79,6.39,0.9061032863849766
2000-03-06,5.85,6.42,0.911214953271028
2000-03-07,5.83,6.39,0.9123630672926448
2000-03-08,5.83,6.38,0.9137931034482759
2000-03-09,5.82,6.35,0.9165354330708663
2000-03-10,5.87,6.39,0.918622848200313
2000-03-13,5.89,6.36,0.9261006289308175
2000-03-14,5.87,6.31,0.9302694136291602
2000-03-15,5.85,6.29,0.9300476947535771
2000-03-16,5.87,6.26,0.9376996805111821
2000-03-17,5.89,6.2,0.95
2000-03-20,5.95,6.18,0.9627831715210357
2000-03-21,5.91,6.13,0.9641109298531811
2000-03-22,5.91,6.13,0.9641109298531811
2000-03-23,5.9,6.08,0.9703947368421053
2000-03-24,5.91,6.2,0.9532258064516129
2000-03-27,5.88,6.21,0.9468599033816425
2000-03-28,5.88,6.17,0.9529983792544571
2000-03-29,5.89,6.18,0.9530744336569579
2000-03-30,5.88,6.06,0.9702970297029704
2000-03-31,5.88,6.03,0.9751243781094526
2000-04-03,5.87,6.0,0.9783333333333334
2000-04-04,5.83,5.9,0.988135593220339
2000-04-05,5.86,5.9,0.9932203389830508
2000-04-06,5.88,5.93,0.9915682967959528
2000-04-07,5.9,5.86,1.006825938566553
2000-04-10,5.85,5.8,1.0086206896551724
2000-04-11,5.83,5.89,0.9898132427843803
2000-04-12,5.83,5.97,0.9765494137353434
2000-04-13,5.81,5.94,0.9781144781144779
2000-04-14,5.81,5.85,0.9931623931623932
2000-04-17,5.82,6.01,0.9683860232945092
2000-04-18,5.81,6.05,0.9603305785123967
2000-04-19,5.81,5.99,0.9699499165275458
2000-04-20,5.79,5.99,0.9666110183639399
2000-04-21,,,
2000-04-24,5.8,6.0,0.9666666666666667
2000-04-25,5.79,6.14,0.9429967426710099
2000-04-26,5.75,6.14,0.9364820846905538
2000-04-27,5.75,6.23,0.9229534510433386
2000-04-28,5.82,6.23,0.9341894060995184
2000-05-01,6.0,6.29,0.9538950715421304
2000-05-02,5.92,6.32,0.9367088607594937
2000-05-03,5.91,6.4,0.9234375
2000-05-04,5.9,6.46,0.9133126934984521
2000-05-05,5.97,6.51,0.9170506912442397
2000-05-08,6.19,6.57,0.9421613394216134
2000-05-09,6.14,6.53,0.9402756508422664
2000-05-10,6.14,6.47,0.9489953632148377
2000-05-11,6.14,6.43,0.9548989113530326
2000-05-12,6.14,6.51,0.9431643625192012
2000-05-15,6.25,6.47,0.9659969088098919
2000-05-16,6.2,6.43,0.9642301710730949
2000-05-17,6.05,6.48,0.9336419753086419
2000-05-18,5.92,6.56,0.9024390243902439
2000-05-19,5.89,6.51,0.9047619047619048
2000-05-22,6.01,6.44,0.9332298136645962
2000-05-23,6.01,6.45,0.931782945736434
2000-05-24,5.92,6.47,0.9149922720247295
2000-05-25,5.85,6.39,0.9154929577464789
2000-05-26,5.83,6.33,0.9210110584518167
2000-05-29,,,
2000-05-30,5.87,6.38,0.920062695924765
2000-05-31,5.63,6.29,0.8950715421303657
2000-06-01,5.74,6.2,0.9258064516129032
2000-06-02,5.87,6.15,0.9544715447154472
2000-06-05,5.98,6.12,0.977124183006536
2000-06-06,5.99,6.14,0.97557003257329
2000-06-07,5.92,6.13,0.965742251223491
2000-06-08,5.91,6.13,0.9641109298531811
2000-06-09,5.92,6.13,0.965742251223491
2000-06-12,5.93,6.09,0.973727422003284
2000-06-13,5.88,6.11,0.9623567921440261
2000-06-14,5.82,6.06,0.9603960396039605
2000-06-15,5.84,6.05,0.9652892561983472
2000-06-16,5.83,5.99,0.9732888146911519
2000-06-19,5.84,6.0,0.9733333333333333
2000-06-20,5.79,6.03,0.9601990049751243
2000-06-21,5.81,6.11,0.950900163666121
2000-06-22,5.84,6.12,0.9542483660130718
2000-06-23,5.86,6.19,0.9466882067851373
2000-06-26,5.82,6.11,0.9525368248772504
2000-06-27,5.83,6.1,0.9557377049180329
2000-06-28,5.81,6.11,0.950900163666121
2000-06-29,5.85,6.04,0.9685430463576158
2000-06-30,5.88,6.03,0.9751243781094526
2000-07-03,6.0,6.0,1.0
2000-07-04,,,
2000-07-05,5.99,5.99,1.0
2000-07-06,6.02,6.05,0.9950413223140495
2000-07-07,6.04,6.01,1.004991680532446
2000-07-10,6.1,6.04,1.009933774834437
2000-07-11,6.1,6.06,1.0066006600660067
2000-07-12,6.17,6.09,1.013136288998358
2000-07-13,6.18,6.01,1.0282861896838602
2000-07-14,6.17,6.1,1.0114754098360657
2000-07-17,6.15,6.17,0.9967585089141006
2000-07-18,6.16,6.16,1.0
2000-07-19,6.18,6.16,1.0032467532467533
2000-07-20,6.18,6.01,1.0282861896838602
2000-07-21,6.13,6.01,1.0199667221297837
2000-07-24,6.21,6.04,1.0281456953642385
2000-07-25,6.2,6.04,1.0264900662251655
2000-07-26,6.18,6.04,1.0231788079470199
2000-07-27,6.22,6.02,1.0332225913621262
2000-07-28,6.2,6.04,1.0264900662251655
2000-07-31,6.27,6.04,1.0380794701986755
2000-08-01,6.25,6.0,1.0416666666666667
2000-08-02,6.25,5.98,1.0451505016722407
2000-08-03,6.23,5.95,1.0470588235294118
2000-08-04,6.23,5.91,1.0541455160744502
2000-08-07,6.28,5.97,1.051926298157454
2000-08-08,6.26,5.93,1.0556492411467115
2000-08-09,6.25,5.81,1.0757314974182446
2000-08-10,6.25,5.76,1.0850694444444444
2000-08-11,6.29,5.79,1.0863557858376511
2000-08-14,6.27,5.78,1.0847750865051902
2000-08-15,6.28,5.81,1.0808950086058522
2000-08-16,6.27,5.83,1.0754716981132075
2000-08-17,6.27,5.81,1.0791738382099827
2000-08-18,6.27,5.78,1.0847750865051902
2000-08-21,6.3,5.79,1.088082901554404
2000-08-22,6.28,5.78,1.0865051903114187
2000-08-23,6.29,5.73,1.0977312390924956
2000-08-24,6.29,5.73,1.0977312390924956
2000-08-25,6.31,5.73,1.1012216404886561
2000-08-28,6.32,5.78,1.0934256055363323
2000-08-29,6.31,5.81,1.0860585197934596
2000-08-30,6.32,5.81,1.0877796901893289
2000-08-31,6.31,5.73,1.1012216404886561
2000-09-01,6.27,5.68,1.1038732394366197
2000-09-04,,,
2000-09-05,6.27,5.69,1.101933216168717
2000-09-06,6.21,5.72,1.0856643356643356
2000-09-07,6.2,5.76,1.076388888888889
2000-09-08,6.14,5.73,1.0715532286212912
2000-09-11,6.11,5.77,1.0589254766031198
2000-09-12,6.09,5.78,1.0536332179930794
2000-09-13,6.09,5.74,1.0609756097560974
2000-09-14,6.14,5.79,1.0604490500863557
2000-09-15,6.14,5.84,1.0513698630136985
2000-09-18,6.15,5.88,1.0459183673469388
2000-09-19,6.17,5.86,1.052901023890785
2000-09-20,6.16,5.91,1.0423011844331642
2000-09-21,6.16,5.88,1.0476190476190477
2000-09-22,6.16,5.85,1.052991452991453
2000-09-25,6.18,5.84,1.0582191780821917
2000-09-26,6.18,5.81,1.06368330464716
2000-09-27,6.2,5.83,1.0634648370497428
2000-09-28,6.25,5.82,1.0738831615120275
2000-09-29,6.23,5.8,1.074137931034483
2000-10-02,6.27,5.83,1.0754716981132075
2000-10-03,6.24,5.87,1.0630323679727427
2000-10-04,6.24,5.9,1.0576271186440678
2000-10-05,6.25,5.87,1.0647359454855196
2000-10-06,6.24,5.82,1.0721649484536082
2000-10-09,,,
2000-10-10,6.27,5.8,1.0810344827586207
2000-10-11,6.23,5.77,1.079722703639515
2000-10-12,6.19,5.73,1.0802792321116927
2000-10-13,6.19,5.73,1.0802792321116927
2000-10-16,6.28,5.74,1.0940766550522647
2000-10-17,6.3,5.68,1.1091549295774648
2000-10-18,6.3,5.66,1.1130742049469964
2000-10-19,6.32,5.66,1.11660777385159
2000-10-20,6.31,5.64,1.1187943262411348
2000-10-23,6.34,5.59,1.1341681574239715
2000-10-24,6.35,5.63,1.127886323268206
2000-10-25,6.39,5.67,1.126984126984127
2000-10-26,6.36,5.69,1.117750439367311
2000-10-27,6.35,5.72,1.1101398601398602
2000-10-30,6.39,5.74,1.1132404181184667
2000-10-31,6.38,5.77,1.1057192374350087
2000-11-01,6.37,5.74,1.1097560975609755
2000-11-02,6.37,5.74,1.1097560975609755
2000-11-03,6.38,5.83,1.0943396226415094
2000-11-06,6.42,5.87,1.0936967632027257
2000-11-07,6.42,5.87,1.0936967632027257
2000-11-08,6.41,5.87,1.091993185689949
2000-11-09,6.4,5.82,1.0996563573883162
2000-11-10,6.37,5.82,1.0945017182130583
2000-11-13,6.39,5.77,1.1074523396880416
2000-11-14,6.37,5.76,1.105902777777778
2000-11-15,6.38,5.72,1.1153846153846154
2000-11-16,6.35,5.68,1.1179577464788732
2000-11-17,6.35,5.71,1.1120840630472855
2000-11-20,6.36,5.68,1.119718309859155
2000-11-21,6.36,5.67,1.1216931216931219
2000-11-22,6.36,5.62,1.1316725978647688
2000-11-23,,,
2000-11-24,6.36,5.63,1.1296625222024868
2000-11-27,6.33,5.64,1.122340425531915
2000-11-28,6.28,5.59,1.1234347048300537
2000-11-29,6.24,5.55,1.1243243243243244
2000-11-30,6.21,5.48,1.1332116788321167
2000-12-01,6.23,5.52,1.1286231884057973
2000-12-04,6.15,5.53,1.112115732368897
2000-12-05,6.08,5.43,1.1197053406998159
2000-12-06,6.09,5.32,1.144736842105263
2000-12-07,6.11,5.32,1.1484962406015038
2000-12-08,6.09,5.35,1.138317757009346
2000-12-11,6.08,5.37,1.132216014897579
2000-12-12,6.06,5.36,1.130597014925373
2000-12-13,6.06,5.29,1.1455576559546312
2000-12-14,6.06,5.23,1.158699808795411
2000-12-15,6.02,5.2,1.1576923076923076
2000-12-18,5.95,5.17,1.1508704061895552
2000-12-19,5.93,5.19,1.142581888246628
2000-12-20,5.82,5.08,1.1456692913385826
2000-12-21,5.38,5.03,1.0695825049701788
2000-12-22,5.27,5.02,1.049800796812749
2000-12-25,,,
2000-12-26,5.85,5.04,1.1607142857142856
2000-12-27,5.75,5.11,1.1252446183953033
2000-12-28,5.87,5.13,1.1442495126705654
2000-12-29,5.89,5.12,1.150390625
2001-01-01,,,
2001-01-02,5.87,4.92,1.193089430894309
2001-01-03,5.69,5.14,1.1070038910505837
2001-01-04,5.37,5.03,1.0675944333996024
2001-01-05,5.12,4.93,1.0385395537525355
2001-01-08,5.19,4.94,1.0506072874493928
2001-01-09,5.24,4.98,1.0522088353413654
2001-01-10,5.29,5.1,1.0372549019607844
2001-01-11,5.31,5.14,1.0330739299610894
2001-01-12,5.33,5.25,1.0152380952380953
2001-01-15,,,
2001-01-16,5.38,5.24,1.0267175572519083
2001-01-17,5.36,5.19,1.0327552986512525
2001-01-18,5.28,5.12,1.03125
2001-01-19,5.24,5.19,1.0096339113680153
2001-01-22,5.23,5.25,0.9961904761904763
2001-01-23,5.24,5.3,0.988679245283019
2001-01-24,5.28,5.33,0.9906191369606004
2001-01-25,5.28,5.29,0.9981096408317581
2001-01-26,5.17,5.29,0.9773156899810964
2001-01-29,5.11,5.32,0.9605263157894737
2001-01-30,5.02,5.24,0.9580152671755724
2001-01-31,4.99,5.19,0.9614643545279383
2001-02-01,5.0,5.1,0.9803921568627452
2001-02-02,5.06,5.17,0.9787234042553191
2001-02-05,5.06,5.18,0.9768339768339768
2001-02-06,5.07,5.22,0.971264367816092
2001-02-07,5.07,5.1,0.9941176470588237
2001-02-08,5.08,5.1,0.9960784313725491
2001-02-09,5.06,5.03,1.0059642147117296
2001-02-12,5.04,5.05,0.998019801980198
2001-02-13,5.05,5.07,0.9960552268244575
2001-02-14,5.07,5.13,0.9883040935672516
2001-02-15,5.08,5.19,0.978805394990366
2001-02-16,5.02,5.11,0.9823874755381603
2001-02-19,,,
2001-02-20,5.04,5.11,0.9863013698630136
2001-02-21,5.02,5.14,0.9766536964980544
2001-02-22,5.01,5.15,0.9728155339805824
2001-02-23,4.89,5.1,0.9588235294117647
2001-02-26,4.81,5.05,0.9524752475247524
2001-02-27,4.82,4.96,0.9717741935483871
2001-02-28,4.85,4.92,0.9857723577235772
2001-03-01,4.84,4.87,0.9938398357289527
2001-03-02,4.84,4.95,0.9777777777777777
2001-03-05,4.82,4.98,0.967871485943775
2001-03-06,4.79,4.99,0.9599198396793587
2001-03-07,4.69,4.92,0.9532520325203253
2001-03-08,4.68,4.89,0.9570552147239264
2001-03-09,4.72,4.95,0.9535353535353535
2001-03-12,4.66,4.92,0.9471544715447154
2001-03-13,4.66,4.95,0.9414141414141414
2001-03-14,4.54,4.84,0.9380165289256198
2001-03-15,4.52,4.81,0.9397089397089397
2001-03-16,4.54,4.78,0.9497907949790795
2001-03-19,4.53,4.82,0.9398340248962656
2001-03-20,4.49,4.78,0.9393305439330544
2001-03-21,4.31,4.77,0.9035639412997903
2001-03-22,4.26,4.73,0.9006342494714586
2001-03-23,4.29,4.8,0.89375
2001-03-26,4.29,4.85,0.8845360824742269
2001-03-27,4.35,5.0,0.8699999999999999
2001-03-28,4.34,4.97,0.8732394366197184
2001-03-29,4.32,4.98,0.8674698795180723
2001-03-30,4.3,4.93,0.8722109533468559
2001-04-02,4.22,4.98,0.8473895582329316
2001-04-03,4.15,4.94,0.840080971659919
2001-04-04,4.1,4.94,0.8299595141700403
2001-04-05,4.11,4.98,0.8253012048192772
2001-04-06,3.94,4.89,0.8057259713701432
2001-04-09,3.93,4.93,0.797160243407708
2001-04-10,3.94,5.09,0.7740667976424361
2001-04-11,4.08,5.12,0.796875
2001-04-12,4.01,5.17,0.7756286266924565
2001-04-13,,,
2001-04-16,4.15,5.28,0.7859848484848485
2001-04-17,4.12,5.21,0.7907869481765836
2001-04-18,3.91,5.14,0.7607003891050584
2001-04-19,3.87,5.27,0.7343453510436433
2001-04-20,3.77,5.29,0.7126654064272212
2001-04-23,3.75,5.2,0.7211538461538461
2001-04-24,3.8,5.22,0.7279693486590039
2001-04-25,3.84,5.28,0.7272727272727272
2001-04-26,3.83,5.2,0.7365384615384615
2001-04-27,3.85,5.34,0.7209737827715356
2001-04-30,3.95,5.35,0.7383177570093459
2001-05-01,3.92,5.3,0.739622641509434
2001-05-02,3.89,5.31,0.7325800376647835
2001-05-03,3.84,5.22,0.735632183908046
2001-05-04,3.74,5.21,0.7178502879078695
2001-05-07,3.74,5.21,0.7178502879078695
2001-05-08,3.7,5.24,0.7061068702290076
2001-05-09,3.72,5.2,0.7153846153846154
2001-05-10,3.74,5.31,0.7043314500941621
2001-05-11,3.78,5.51,0.6860254083484574
2001-05-14,3.71,5.46,0.6794871794871795
2001-05-15,3.63,5.5,0.66
2001-05-16,3.57,5.48,0.6514598540145985
2001-05-17,3.57,5.46,0.6538461538461539
2001-05-18,3.61,5.41,0.66728280961183
2001-05-21,3.65,5.41,0.6746765249537893
2001-05-22,3.64,5.42,0.6715867158671587
2001-05-23,3.64,5.41,0.6728280961182994
2001-05-24,3.7,5.52,0.6702898550724639
2001-05-25,3.66,5.52,0.6630434782608696
2001-05-28,,,
2001-05-29,3.71,5.54,0.6696750902527075
2001-05-30,3.68,5.54,0.6642599277978339
2001-05-31,3.63,5.43,0.6685082872928177
2001-06-01,3.67,5.39,0.6808905380333952
2001-06-04,3.68,5.35,0.6878504672897197
2001-06-05,3.63,5.29,0.6862003780718336
2001-06-06,3.62,5.27,0.6869070208728654
2001-06-07,3.63,5.33,0.6810506566604128
2001-06-08,3.64,5.38,0.6765799256505577
2001-06-11,3.6,5.32,0.6766917293233082
2001-06-12,3.56,5.27,0.6755218216318786
2001-06-13,3.55,5.28,0.6723484848484848
2001-06-14,3.56,5.26,0.6768060836501901
2001-06-15,3.52,5.27,0.6679316888045541
2001-06-18,3.52,5.27,0.6679316888045541
2001-06-19,3.51,5.26,0.6673003802281369
2001-06-20,3.49,5.24,0.666030534351145
2001-06-21,3.51,5.22,0.6724137931034483
2001-06-22,3.45,5.14,0.6712062256809339
2001-06-25,3.46,5.16,0.6705426356589147
2001-06-26,3.46,5.24,0.6603053435114503
2001-06-27,3.52,5.26,0.6692015209125476
2001-06-28,3.64,5.35,0.680373831775701
2001-06-29,3.65,5.42,0.6734317343173432
2001-07-02,3.67,5.37,0.6834264432029795
2001-07-03,3.66,5.41,0.6765249537892791
2001-07-04,,,
2001-07-05,3.65,5.44,0.6709558823529411
2001-07-06,3.63,5.41,0.6709796672828096
2001-07-09,3.65,5.37,0.6797020484171322
2001-07-10,3.63,5.32,0.6823308270676691
2001-07-11,3.58,5.31,0.6741996233521658
2001-07-12,3.6,5.27,0.6831119544592031
2001-07-13,3.62,5.27,0.6869070208728654
2001-07-16,3.64,5.21,0.6986564299424185
2001-07-17,3.61,5.22,0.6915708812260537
2001-07-18,3.54,5.12,0.69140625
2001-07-19,3.55,5.13,0.6920077972709552
2001-07-20,3.53,5.15,0.6854368932038835
2001-07-23,3.56,5.13,0.6939571150097467
2001-07-24,3.56,5.13,0.6939571150097467
2001-07-25,3.56,5.2,0.6846153846153846
2001-07-26,3.56,5.19,0.6859344894026974
2001-07-27,3.55,5.13,0.6920077972709552
2001-07-30,3.57,5.11,0.6986301369863013
2001-07-31,3.54,5.07,0.6982248520710059
2001-08-01,3.53,5.11,0.6908023483365948
2001-08-02,3.53,5.17,0.6827852998065764
2001-08-03,3.52,5.2,0.6769230769230768
2001-08-06,3.52,5.19,0.6782273603082851
2001-08-07,3.52,5.2,0.6769230769230768
2001-08-08,3.49,4.99,0.6993987975951904
2001-08-09,3.45,5.04,0.6845238095238095
2001-08-10,3.43,4.99,0.687374749498998
2001-08-13,3.45,4.97,0.6941649899396379
2001-08-14,3.43,4.97,0.6901408450704226
2001-08-15,3.43,5.0,0.686
2001-08-16,3.39,4.95,0.6848484848484848
2001-08-17,3.36,4.84,0.6942148760330579
2001-08-20,3.42,4.91,0.6965376782077393
2001-08-21,3.39,4.87,0.6960985626283368
2001-08-22,3.38,4.91,0.6883910386965376
2001-08-23,3.4,4.89,0.6952965235173825
2001-08-24,3.42,4.93,0.693711967545639
2001-08-27,3.45,4.94,0.6983805668016194
2001-08-28,3.41,4.85,0.7030927835051547
2001-08-29,3.42,4.78,0.7154811715481171
2001-08-30,3.36,4.79,0.7014613778705636
2001-08-31,3.37,4.85,0.6948453608247424
2001-09-03,,,
2001-09-04,3.44,4.99,0.68937875751503
2001-09-05,3.41,4.97,0.6861167002012073
2001-09-06,3.34,4.86,0.6872427983539094
2001-09-07,3.27,4.8,0.68125
2001-09-10,3.26,4.84,0.6735537190082644
2001-09-11,,,
2001-09-12,,,
2001-09-13,2.74,4.64,0.5905172413793104
2001-09-14,2.64,4.57,0.5776805251641137
2001-09-17,2.59,4.63,0.5593952483801296
2001-09-18,2.48,4.72,0.5254237288135594
2001-09-19,2.19,4.69,0.46695095948827287
2001-09-20,2.22,4.75,0.4673684210526316
2001-09-21,2.25,4.7,0.4787234042553191
2001-09-24,2.38,4.73,0.5031712473572938
2001-09-25,2.4,4.72,0.5084745762711864
2001-09-26,2.38,4.65,0.5118279569892472
2001-09-27,2.38,4.58,0.519650655021834
2001-09-28,2.4,4.6,0.5217391304347826
2001-10-01,2.37,4.55,0.5208791208791209
2001-10-02,2.26,4.53,0.49889624724061804
2001-10-03,2.23,4.5,0.4955555555555555
2001-10-04,2.21,4.53,0.48785871964679905
2001-10-05,2.19,4.52,0.4845132743362832
2001-10-08,,,
2001-10-09,2.22,4.62,0.48051948051948057
2001-10-10,2.22,4.61,0.48156182212581344
2001-10-11,2.27,4.69,0.4840085287846482
2001-10-12,2.25,4.68,0.4807692307692308
2001-10-15,2.25,4.62,0.487012987012987
2001-10-16,2.22,4.59,0.4836601307189543
2001-10-17,2.22,4.59,0.4836601307189543
2001-10-18,2.19,4.58,0.4781659388646288
2001-10-19,2.19,4.63,0.47300215982721383
2001-10-22,2.22,4.63,0.47948164146868255
2001-10-23,2.2,4.66,0.47210300429184554
2001-10-24,2.17,4.61,0.4707158351409978
2001-10-25,2.14,4.56,0.46929824561403516
2001-10-26,2.14,4.53,0.47240618101545256
2001-10-29,2.09,4.5,0.46444444444444444
2001-10-30,2.05,4.44,0.46171171171171166
2001-10-31,2.05,4.3,0.4767441860465116
2001-11-01,2.06,4.24,0.4858490566037736
2001-11-02,2.01,4.37,0.45995423340961095
2001-11-05,2.01,4.31,0.46635730858468677
2001-11-06,1.85,4.3,0.4302325581395349
2001-11-07,1.8,4.22,0.4265402843601896
2001-11-08,1.84,4.32,0.42592592592592593
2001-11-09,1.83,4.34,0.4216589861751152
2001-11-12,,,
2001-11-13,1.84,4.41,0.41723356009070295
2001-11-14,1.87,4.54,0.41189427312775334
2001-11-15,1.92,4.79,0.4008350730688935
2001-11-16,1.95,4.91,0.3971486761710794
2001-11-19,1.94,4.8,0.4041666666666667
2001-11-20,1.95,4.88,0.39959016393442626
2001-11-21,1.96,4.98,0.393574297188755
2001-11-22,,,
2001-11-23,1.95,5.04,0.3869047619047619
2001-11-26,1.98,5.05,0.3920792079207921
2001-11-27,1.92,4.98,0.38554216867469876
2001-11-28,1.87,4.98,0.3755020080321285
2001-11-29,1.8,4.79,0.3757828810020877
2001-11-30,1.78,4.78,0.3723849372384937
2001-12-03,1.78,4.75,0.37473684210526315
2001-12-04,1.74,4.7,0.3702127659574468
2001-12-05,1.77,4.92,0.3597560975609756
2001-12-06,1.75,5.04,0.3472222222222222
2001-12-07,1.69,5.2,0.32499999999999996
2001-12-10,1.71,5.17,0.3307543520309478
2001-12-11,1.66,5.13,0.3235867446393762
2001-12-12,1.67,5.02,0.3326693227091634
2001-12-13,1.69,5.13,0.32943469785575047
2001-12-14,1.73,5.24,0.33015267175572516
2001-12-17,1.74,5.26,0.33079847908745247
2001-12-18,1.71,5.16,0.3313953488372093
2001-12-19,1.69,5.08,0.3326771653543307
2001-12-20,1.69,5.08,0.3326771653543307
2001-12-21,1.71,5.12,0.333984375
2001-12-24,1.72,5.18,0.33204633204633205
2001-12-25,,,
2001-12-26,1.75,5.22,0.33524904214559387
2001-12-27,1.74,5.13,0.3391812865497076
2001-12-28,1.72,5.15,0.3339805825242718
2001-12-31,1.74,5.07,0.3431952662721893
2002-01-01,,,
2002-01-02,1.74,5.2,0.3346153846153846
2002-01-03,1.73,5.16,0.33527131782945735
2002-01-04,1.72,5.18,0.33204633204633205
2002-01-07,1.68,5.09,0.3300589390962672
2002-01-08,1.68,5.1,0.32941176470588235
2002-01-09,1.68,5.1,0.32941176470588235
2002-01-10,1.68,5.0,0.33599999999999997
2002-01-11,1.58,4.92,0.32113821138211385
2002-01-14,1.58,4.91,0.32179226069246436
2002-01-15,1.6,4.88,0.3278688524590164
2002-01-16,1.61,4.88,0.32991803278688525
2002-01-17,1.64,4.98,0.32931726907630515
2002-01-18,1.62,4.94,0.32793522267206476
2002-01-21,,,
2002-01-22,1.7,4.96,0.34274193548387094
2002-01-23,1.71,5.05,0.33861386138613864
2002-01-24,1.72,5.07,0.3392504930966469
2002-01-25,1.72,5.1,0.33725490196078434
2002-01-28,1.76,5.12,0.34375
2002-01-29,1.72,5.02,0.3426294820717132
2002-01-30,1.75,5.02,0.34860557768924305
2002-01-31,1.76,5.07,0.34714003944773175
2002-02-01,1.76,5.02,0.350597609561753
2002-02-04,1.77,4.94,0.3582995951417004
2002-02-05,1.76,4.92,0.35772357723577236
2002-02-06,1.74,4.92,0.35365853658536583
2002-02-07,1.73,4.93,0.3509127789046653
2002-02-08,1.73,4.9,0.3530612244897959
2002-02-11,1.75,4.91,0.3564154786150713
2002-02-12,1.75,4.97,0.35211267605633806
2002-02-13,1.76,5.01,0.35129740518962077
2002-02-14,1.75,4.95,0.35353535353535354
2002-02-15,1.74,4.86,0.35802469135802467
2002-02-18,,,
2002-02-19,1.76,4.88,0.36065573770491804
2002-02-20,1.76,4.88,0.36065573770491804
2002-02-21,1.76,4.88,0.36065573770491804
2002-02-22,1.76,4.84,0.36363636363636365
2002-02-25,1.77,4.86,0.3641975308641975
2002-02-26,1.77,4.93,0.359026369168357
2002-02-27,1.77,4.84,0.365702479338843
2002-02-28,1.79,4.88,0.3668032786885246
2002-03-01,1.77,4.98,0.35542168674698793
2002-03-04,1.81,5.02,0.36055776892430286
2002-03-05,1.8,5.02,0.35856573705179284
2002-03-06,1.78,5.06,0.35177865612648224
2002-03-07,1.78,5.22,0.3409961685823755
2002-03-08,1.81,5.33,0.33958724202626644
2002-03-11,1.86,5.33,0.34896810506566606
2002-03-12,1.84,5.32,0.3458646616541353
2002-03-13,1.82,5.28,0.34469696969696967
2002-03-14,1.86,5.4,0.34444444444444444
2002-03-15,1.86,5.35,0.3476635514018692
2002-03-18,1.88,5.32,0.3533834586466165
2002-03-19,1.85,5.33,0.34709193245778613
2002-03-20,1.84,5.4,0.34074074074074073
2002-03-21,1.84,5.39,0.34137291280148424
2002-03-22,1.84,5.4,0.34074074074074073
2002-03-25,1.85,5.41,0.3419593345656192
2002-03-26,1.81,5.35,0.33831775700934585
2002-03-27,1.81,5.35,0.33831775700934585
2002-03-28,1.79,5.42,0.33025830258302585
2002-03-29,,,
2002-04-01,1.79,5.44,0.3290441176470588
2002-04-02,1.8,5.36,0.33582089552238803
2002-04-03,1.79,5.3,0.3377358490566038
2002-04-04,1.78,5.28,0.3371212121212121
2002-04-05,1.76,5.22,0.3371647509578544
2002-04-08,1.75,5.25,0.3333333333333333
2002-04-09,1.73,5.22,0.3314176245210728
2002-04-10,1.71,5.24,0.3263358778625954
2002-04-11,1.72,5.22,0.32950191570881227
2002-04-12,1.71,5.18,0.3301158301158301
2002-04-15,1.72,5.15,0.3339805825242718
2002-04-16,1.74,5.2,0.3346153846153846
2002-04-17,1.73,5.24,0.33015267175572516
2002-04-18,1.72,5.23,0.3288718929254302
2002-04-19,1.73,5.21,0.33205374280230326
2002-04-22,1.72,5.19,0.3314065510597302
2002-04-23,1.73,5.18,0.333976833976834
2002-04-24,1.72,5.11,0.33659491193737767
2002-04-25,1.74,5.1,0.3411764705882353
2002-04-26,1.75,5.08,0.34448818897637795
2002-04-29,1.78,5.13,0.34697855750487333
2002-04-30,1.77,5.11,0.34637964774951074
2002-05-01,1.77,5.08,0.3484251968503937
2002-05-02,1.77,5.13,0.3450292397660819
2002-05-03,1.76,5.08,0.3464566929133858
2002-05-06,1.78,5.1,0.3490196078431373
2002-05-07,1.76,5.09,0.34577603143418467
2002-05-08,1.76,5.24,0.33587786259541985
2002-05-09,1.77,5.2,0.3403846153846154
2002-05-10,1.77,5.15,0.3436893203883495
2002-05-13,1.79,5.23,0.34225621414913954
2002-05-14,1.78,5.32,0.33458646616541354
2002-05-15,1.76,5.28,0.3333333333333333
2002-05-16,1.75,5.2,0.3365384615384615
2002-05-17,1.76,5.27,0.33396584440227706
2002-05-20,1.77,5.21,0.3397312859884837
2002-05-21,1.75,5.18,0.33783783783783783
2002-05-22,1.74,5.13,0.3391812865497076
2002-05-23,1.74,5.16,0.3372093023255814
2002-05-24,1.74,5.16,0.3372093023255814
2002-05-27,,,
2002-05-28,1.77,5.16,0.3430232558139535
2002-05-29,1.75,5.11,0.3424657534246575
2002-05-30,1.75,5.06,0.3458498023715415
2002-05-31,1.74,5.08,0.3425196850393701
2002-06-03,1.77,5.06,0.349802371541502
2002-06-04,1.76,5.04,0.3492063492063492
2002-06-05,1.75,5.08,0.34448818897637795
2002-06-06,1.74,5.04,0.34523809523809523
2002-06-07,1.74,5.1,0.3411764705882353
2002-06-10,1.76,5.07,0.34714003944773175
2002-06-11,1.75,5.02,0.34860557768924305
2002-06-12,1.74,4.98,0.34939759036144574
2002-06-13,1.72,4.94,0.3481781376518218
2002-06-14,1.71,4.83,0.35403726708074534
2002-06-17,1.74,4.89,0.3558282208588957
2002-06-18,1.73,4.88,0.35450819672131145
2002-06-19,1.71,4.76,0.3592436974789916
2002-06-20,1.73,4.85,0.35670103092783506
2002-06-21,1.72,4.79,0.35908141962421714
2002-06-24,1.74,4.87,0.3572895277207392
2002-06-25,1.73,4.88,0.35450819672131145
2002-06-26,1.7,4.75,0.35789473684210527
2002-06-27,1.7,4.84,0.3512396694214876
2002-06-28,1.7,4.86,0.34979423868312753
2002-07-01,1.72,4.85,0.354639175257732
2002-07-02,1.72,4.77,0.36058700209643607
2002-07-03,1.72,4.78,0.3598326359832636
2002-07-04,,,
2002-07-05,1.72,4.9,0.3510204081632653
2002-07-08,1.73,4.84,0.35743801652892565
2002-07-09,1.72,4.78,0.3598326359832636
2002-07-10,1.72,4.66,0.3690987124463519
2002-07-11,1.72,4.66,0.3690987124463519
2002-07-12,1.71,4.63,0.3693304535637149
2002-07-15,1.72,4.66,0.3690987124463519
2002-07-16,1.72,4.75,0.3621052631578947
2002-07-17,1.72,4.71,0.3651804670912951
2002-07-18,1.72,4.66,0.3690987124463519
2002-07-19,1.71,4.61,0.3709327548806941
2002-07-22,1.7,4.51,0.376940133037694
2002-07-23,1.7,4.47,0.38031319910514544
2002-07-24,1.69,4.49,0.37639198218262804
2002-07-25,1.7,4.43,0.3837471783295711
2002-07-26,1.69,4.43,0.38148984198645597
2002-07-29,1.72,4.62,0.3722943722943723
2002-07-30,1.72,4.65,0.36989247311827955
2002-07-31,1.71,4.51,0.37915742793791574
2002-08-01,1.68,4.47,0.37583892617449666
2002-08-02,1.63,4.33,0.3764434180138568
2002-08-05,1.64,4.29,0.3822843822843823
2002-08-06,1.65,4.42,0.3733031674208145
2002-08-07,1.59,4.35,0.3655172413793104
2002-08-08,1.62,4.4,0.36818181818181817
2002-08-09,1.62,4.27,0.3793911007025762
2002-08-12,1.68,4.22,0.3981042654028436
2002-08-13,1.63,4.12,0.39563106796116504
2002-08-14,1.64,4.06,0.4039408866995074
2002-08-15,1.62,4.17,0.38848920863309355
2002-08-16,1.62,4.32,0.375
2002-08-19,1.67,4.29,0.38927738927738925
2002-08-20,1.62,4.17,0.38848920863309355
2002-08-21,1.63,4.2,0.38809523809523805
2002-08-22,1.65,4.3,0.38372093023255816
2002-08-23,1.65,4.25,0.388235294117647
2002-08-26,1.68,4.22,0.3981042654028436
2002-08-27,1.68,4.29,0.3916083916083916
2002-08-28,1.67,4.22,0.39573459715639814
2002-08-29,1.68,4.16,0.4038461538461538
2002-08-30,1.69,4.14,0.40821256038647347
2002-09-02,,,
2002-09-03,1.64,3.98,0.41206030150753764
2002-09-04,1.63,3.96,0.4116161616161616
2002-09-05,1.61,3.91,0.411764705882353
2002-09-06,1.66,4.05,0.40987654320987654
2002-09-09,1.69,4.05,0.41728395061728396
2002-09-10,1.68,4.0,0.42
2002-09-11,1.69,4.07,0.41523341523341517
2002-09-12,1.69,3.98,0.42462311557788945
2002-09-13,1.69,3.92,0.43112244897959184
2002-09-16,1.71,3.9,0.43846153846153846
2002-09-17,1.7,3.87,0.4392764857881137
2002-09-18,1.68,3.86,0.43523316062176165
2002-09-19,1.65,3.79,0.43535620052770446
2002-09-20,1.65,3.79,0.43535620052770446
2002-09-23,1.65,3.7,0.4459459459459459
2002-09-24,1.65,3.69,0.44715447154471544
2002-09-25,1.66,3.77,0.4403183023872679
2002-09-26,1.65,3.79,0.43535620052770446
2002-09-27,1.63,3.69,0.4417344173441734
2002-09-30,1.57,3.63,0.43250688705234164
2002-10-01,1.59,3.72,0.4274193548387097
2002-10-02,1.58,3.71,0.4258760107816712
2002-10-03,1.57,3.7,0.4243243243243243
2002-10-04,1.61,3.69,0.4363143631436315
2002-10-07,1.63,3.64,0.44780219780219777
2002-10-08,1.61,3.65,0.4410958904109589
2002-10-09,1.57,3.61,0.43490304709141275
2002-10-10,1.58,3.68,0.42934782608695654
2002-10-11,1.58,3.83,0.412532637075718
2002-10-14,,,
2002-10-15,1.68,4.07,0.41277641277641275
2002-10-16,1.66,4.06,0.4088669950738916
2002-10-17,1.67,4.16,0.40144230769230765
2002-10-18,1.67,4.14,0.4033816425120773
2002-10-21,1.71,4.24,0.4033018867924528
2002-10-22,1.69,4.27,0.395784543325527
2002-10-23,1.68,4.26,0.3943661971830986
2002-10-24,1.65,4.16,0.39663461538461536
2002-10-25,1.64,4.12,0.39805825242718446
2002-10-28,1.59,4.1,0.38780487804878055
2002-10-29,1.51,3.97,0.380352644836272
2002-10-30,1.51,3.99,0.37844611528822053
2002-10-31,1.44,3.93,0.36641221374045796
2002-11-01,1.43,4.01,0.3566084788029925
2002-11-04,1.43,4.07,0.3513513513513513
2002-11-05,1.42,4.1,0.3463414634146342
2002-11-06,1.23,4.09,0.30073349633251834
2002-11-07,1.22,3.88,0.31443298969072164
2002-11-08,1.22,3.85,0.3168831168831169
2002-11-11,,,
2002-11-12,1.22,3.84,0.3177083333333333
2002-11-13,1.21,3.84,0.3151041666666667
2002-11-14,1.22,4.03,0.3027295285359801
2002-11-15,1.22,4.05,0.3012345679012346
2002-11-18,1.23,4.02,0.3059701492537314
2002-11-19,1.21,3.99,0.3032581453634085
2002-11-20,1.22,4.08,0.29901960784313725
2002-11-21,1.22,4.14,0.2946859903381643
2002-11-22,1.23,4.18,0.29425837320574166
2002-11-25,1.24,4.19,0.29594272076372313
2002-11-26,1.22,4.08,0.29901960784313725
2002-11-27,1.23,4.26,0.2887323943661972
2002-11-28,,,
2002-11-29,1.22,4.22,0.2890995260663507
2002-12-02,1.24,4.22,0.29383886255924174
2002-12-03,1.23,4.24,0.2900943396226415
2002-12-04,1.22,4.18,0.291866028708134
2002-12-05,1.22,4.13,0.29539951573849876
2002-12-06,1.21,4.09,0.29584352078239606
2002-12-09,1.23,4.06,0.30295566502463056
2002-12-10,1.21,4.06,0.29802955665024633
2002-12-11,1.21,4.01,0.30174563591022446
2002-12-12,1.21,4.01,0.30174563591022446
2002-12-13,1.21,4.07,0.29729729729729726
2002-12-16,1.23,4.15,0.2963855421686747
2002-12-17,1.22,4.13,0.29539951573849876
2002-12-18,1.21,4.06,0.29802955665024633
2002-12-19,1.21,3.96,0.3055555555555555
2002-12-20,1.21,3.97,0.3047858942065491
2002-12-23,1.19,3.98,0.2989949748743718
2002-12-24,1.19,3.95,0.3012658227848101
2002-12-25,,,
2002-12-26,1.18,3.93,0.3002544529262086
2002-12-27,1.16,3.83,0.30287206266318534
2002-12-30,1.22,3.82,0.3193717277486911
2002-12-31,1.22,3.83,0.3185378590078329
2003-01-01,,,
2003-01-02,1.22,4.07,0.29975429975429974
2003-01-03,1.22,4.05,0.3012345679012346
2003-01-06,1.21,4.09,0.29584352078239606
2003-01-07,1.19,4.04,0.29455445544554454
2003-01-08,1.19,4.0,0.2975
2003-01-09,1.2,4.19,0.28639618138424816
2003-01-10,1.2,4.16,0.28846153846153844
2003-01-13,1.21,4.15,0.2915662650602409
2003-01-14,1.19,4.1,0.2902439024390244
2003-01-15,1.2,4.1,0.29268292682926833
2003-01-16,1.18,4.1,0.2878048780487805
2003-01-17,1.18,4.05,0.291358024691358
2003-01-20,,,
2003-01-21,1.19,4.01,0.2967581047381546
2003-01-22,1.17,3.95,0.2962025316455696
2003-01-23,1.17,3.98,0.29396984924623115
2003-01-24,1.16,3.94,0.29441624365482233
2003-01-27,1.17,3.98,0.29396984924623115
2003-01-28,1.18,4.0,0.295
2003-01-29,1.18,4.06,0.29064039408867
2003-01-30,1.18,4.0,0.295
2003-01-31,1.18,4.0,0.295
2003-02-03,1.18,4.01,0.2942643391521197
2003-02-04,1.16,3.96,0.29292929292929293
2003-02-05,1.18,4.02,0.2935323383084577
2003-02-06,1.17,3.97,0.29471032745591935
2003-02-07,1.17,3.96,0.2954545454545454
2003-02-10,1.17,3.99,0.2932330827067669
2003-02-11,1.18,3.98,0.2964824120603015
2003-02-12,1.18,3.93,0.3002544529262086
2003-02-13,1.17,3.89,0.30077120822622105
2003-02-14,1.18,3.95,0.29873417721518986
2003-02-17,,,
2003-02-18,1.19,3.94,0.3020304568527919
2003-02-19,1.18,3.88,0.30412371134020616
2003-02-20,1.19,3.85,0.3090909090909091
2003-02-21,1.19,3.9,0.3051282051282051
2003-02-24,1.21,3.86,0.3134715025906736
2003-02-25,1.2,3.81,0.31496062992125984
2003-02-26,1.21,3.78,0.3201058201058201
2003-02-27,1.21,3.76,0.3218085106382979
2003-02-28,1.2,3.71,0.32345013477088946
2003-03-03,1.2,3.68,0.3260869565217391
2003-03-04,1.19,3.65,0.32602739726027397
2003-03-05,1.18,3.63,0.325068870523416
2003-03-06,1.18,3.67,0.3215258855585831
2003-03-07,1.12,3.63,0.30853994490358133
2003-03-10,1.08,3.59,0.3008356545961003
2003-03-11,1.1,3.6,0.3055555555555556
2003-03-12,1.1,3.6,0.3055555555555556
2003-03-13,1.12,3.74,0.29946524064171126
2003-03-14,1.13,3.72,0.303763440860215
2003-03-17,1.15,3.82,0.3010471204188482
2003-03-18,1.14,3.91,0.29156010230179025
2003-03-19,1.16,3.98,0.2914572864321608
2003-03-20,1.17,4.01,0.29177057356608477
2003-03-21,1.18,4.11,0.2871046228710462
2003-03-24,1.17,3.98,0.29396984924623115
2003-03-25,1.18,3.97,0.2972292191435768
2003-03-26,1.18,3.96,0.29797979797979796
2003-03-27,1.16,3.95,0.2936708860759493
2003-03-28,1.14,3.92,0.29081632653061223
2003-03-31,1.14,3.83,0.29765013054830286
2003-04-01,1.12,3.84,0.2916666666666667
2003-04-02,1.13,3.94,0.28680203045685276
2003-04-03,1.11,3.93,0.2824427480916031
2003-04-04,1.11,3.96,0.28030303030303033
2003-04-07,1.17,4.03,0.29032258064516125
2003-04-08,1.15,3.95,0.29113924050632906
2003-04-09,1.13,3.93,0.28753180661577604
2003-04-10,1.14,3.95,0.28860759493670884
2003-04-11,1.17,4.0,0.2925
2003-04-14,1.2,4.04,0.297029702970297
2003-04-15,1.18,3.98,0.2964824120603015
2003-04-16,1.17,3.96,0.2954545454545454
2003-04-17,1.18,3.98,0.2964824120603015
2003-04-18,,,
2003-04-21,1.18,4.0,0.295
2003-04-22,1.18,4.01,0.2942643391521197
2003-04-23,1.17,4.02,0.291044776119403
2003-04-24,1.15,3.93,0.29262086513994906
2003-04-25,1.14,3.91,0.29156010230179025
2003-04-28,1.14,3.92,0.29081632653061223
2003-04-29,1.15,3.96,0.2904040404040404
2003-04-30,1.13,3.89,0.29048843187660667
2003-05-01,1.1,3.88,0.2835051546391753
2003-05-02,1.12,3.94,0.28426395939086296
2003-05-05,1.13,3.92,0.28826530612244894
2003-05-06,1.1,3.84,0.28645833333333337
2003-05-07,1.11,3.72,0.29838709677419356
2003-05-08,1.09,3.7,0.2945945945945946
2003-05-09,1.11,3.69,0.3008130081300813
2003-05-12,1.1,3.64,0.30219780219780223
2003-05-13,1.09,3.63,0.30027548209366395
2003-05-14,1.06,3.53,0.3002832861189802
2003-05-15,1.06,3.53,0.3002832861189802
2003-05-16,1.05,3.46,0.3034682080924856
2003-05-19,1.05,3.46,0.3034682080924856
2003-05-20,1.04,3.38,0.3076923076923077
2003-05-21,1.06,3.39,0.31268436578171094
2003-05-22,1.08,3.34,0.3233532934131737
2003-05-23,1.08,3.34,0.3233532934131737
2003-05-26,,,
2003-05-27,1.09,3.41,0.3196480938416422
2003-05-28,1.12,3.44,0.32558139534883723
2003-05-29,1.1,3.34,0.3293413173652695
2003-05-30,1.11,3.37,0.3293768545994065
2003-06-02,1.14,3.43,0.33236151603498537
2003-06-03,1.08,3.34,0.3233532934131737
2003-06-04,1.05,3.3,0.31818181818181823
2003-06-05,1.04,3.34,0.31137724550898205
2003-06-06,1.05,3.37,0.3115727002967359
2003-06-09,1.03,3.29,0.3130699088145897
2003-06-10,0.97,3.2,0.303125
2003-06-11,0.94,3.21,0.29283489096573206
2003-06-12,0.92,3.18,0.2893081761006289
2003-06-13,0.86,3.13,0.2747603833865815
2003-06-16,0.87,3.18,0.27358490566037735
2003-06-17,0.9,3.27,0.27522935779816515
2003-06-18,0.89,3.37,0.26409495548961426
2003-06-19,0.81,3.35,0.2417910447761194
2003-06-20,0.83,3.4,0.24411764705882352
2003-06-23,0.85,3.32,0.2560240963855422
2003-06-24,0.83,3.29,0.25227963525835867
2003-06-25,0.92,3.38,0.27218934911242604
2003-06-26,0.91,3.55,0.25633802816901413
2003-06-27,0.87,3.58,0.2430167597765363
2003-06-30,0.9,3.54,0.2542372881355932
2003-07-01,0.89,3.56,0.25
2003-07-02,0.87,3.56,0.2443820224719101
2003-07-03,0.87,3.67,0.23705722070844687
2003-07-04,,,
2003-07-07,0.92,3.74,0.2459893048128342
2003-07-08,0.92,3.75,0.24533333333333335
2003-07-09,0.9,3.73,0.24128686327077747
2003-07-10,0.89,3.7,0.24054054054054053
2003-07-11,0.89,3.66,0.24316939890710382
2003-07-14,0.91,3.74,0.24331550802139038
2003-07-15,0.92,3.94,0.233502538071066
2003-07-16,0.91,3.97,0.22921914357682618
2003-07-17,0.9,3.98,0.22613065326633167
2003-07-18,0.91,4.0,0.2275
2003-07-21,0.93,4.19,0.22195704057279236
2003-07-22,0.93,4.17,0.22302158273381298
2003-07-23,0.93,4.12,0.22572815533980584
2003-07-24,0.93,4.2,0.22142857142857142
2003-07-25,0.93,4.22,0.2203791469194313
2003-07-28,0.97,4.31,0.22505800464037123
2003-07-29,0.99,4.42,0.2239819004524887
2003-07-30,0.98,4.34,0.22580645161290322
2003-07-31,0.96,4.49,0.21380846325167036
2003-08-01,0.95,4.44,0.21396396396396394
2003-08-04,0.97,4.35,0.22298850574712645
2003-08-05,0.96,4.47,0.21476510067114093
2003-08-06,0.95,4.32,0.21990740740740738
2003-08-07,0.95,4.3,0.22093023255813954
2003-08-08,0.96,4.27,0.22482435597189698
2003-08-11,0.96,4.38,0.2191780821917808
2003-08-12,0.95,4.37,0.21739130434782608
2003-08-13,0.96,4.58,0.2096069868995633
2003-08-14,0.96,4.55,0.210989010989011
2003-08-15,0.95,4.55,0.2087912087912088
2003-08-18,0.96,4.49,0.21380846325167036
2003-08-19,0.96,4.38,0.2191780821917808
2003-08-20,0.96,4.45,0.21573033707865166
2003-08-21,0.97,4.53,0.21412803532008828
2003-08-22,0.98,4.48,0.21874999999999997
2003-08-25,1.02,4.53,0.22516556291390727
2003-08-26,1.01,4.5,0.22444444444444445
2003-08-27,1.0,4.54,0.22026431718061673
2003-08-28,0.99,4.42,0.2239819004524887
2003-08-29,0.98,4.45,0.2202247191011236
2003-09-01,,,
2003-09-02,0.98,4.61,0.2125813449023861
2003-09-03,0.97,4.6,0.2108695652173913
2003-09-04,0.97,4.52,0.21460176991150443
2003-09-05,0.96,4.35,0.2206896551724138
2003-09-08,0.97,4.41,0.21995464852607707
2003-09-09,0.96,4.37,0.21967963386727687
2003-09-10,0.96,4.28,0.22429906542056072
2003-09-11,0.96,4.35,0.2206896551724138
2003-09-12,0.96,4.27,0.22482435597189698
2003-09-15,0.96,4.28,0.22429906542056072
2003-09-16,0.93,4.29,0.2167832167832168
2003-09-17,0.95,4.2,0.22619047619047616
2003-09-18,0.96,4.19,0.22911694510739855
2003-09-19,0.95,4.17,0.2278177458033573
2003-09-22,0.95,4.26,0.22300469483568075
2003-09-23,0.93,4.24,0.21933962264150944
2003-09-24,0.95,4.16,0.2283653846153846
2003-09-25,0.94,4.12,0.22815533980582522
2003-09-26,0.94,4.04,0.23267326732673266
2003-09-29,0.96,4.09,0.23471882640586797
2003-09-30,0.95,3.96,0.2398989898989899
2003-10-01,0.95,3.96,0.2398989898989899
2003-10-02,0.94,4.03,0.23325062034739452
2003-10-03,0.94,4.21,0.22327790973871733
2003-10-06,0.94,4.17,0.22541966426858512
2003-10-07,0.92,4.27,0.21545667447306793
2003-10-08,0.91,4.27,0.2131147540983607
2003-10-09,0.91,4.32,0.21064814814814814
2003-10-10,0.92,4.29,0.21445221445221446
2003-10-13,,,
2003-10-14,0.93,4.37,0.2128146453089245
2003-10-15,0.93,4.43,0.20993227990970656
2003-10-16,0.93,4.47,0.20805369127516782
2003-10-17,0.93,4.41,0.2108843537414966
2003-10-20,0.95,4.41,0.21541950113378683
2003-10-21,0.93,4.38,0.2123287671232877
2003-10-22,0.96,4.29,0.22377622377622378
2003-10-23,0.96,4.34,0.22119815668202764
2003-10-24,0.95,4.24,0.22405660377358488
2003-10-27,0.98,4.3,0.22790697674418606
2003-10-28,0.96,4.23,0.22695035460992904
2003-10-29,0.96,4.31,0.22273781902552206
2003-10-30,0.96,4.36,0.2201834862385321
2003-10-31,0.96,4.33,0.22170900692840645
2003-11-03,0.96,4.4,0.21818181818181814
2003-11-04,0.95,4.33,0.21939953810623555
2003-11-05,0.96,4.38,0.2191780821917808
2003-11-06,0.96,4.45,0.21573033707865166
2003-11-07,0.96,4.48,0.21428571428571425
2003-11-10,0.97,4.49,0.21603563474387527
2003-11-11,,,
2003-11-12,0.95,4.44,0.21396396396396394
2003-11-13,0.94,4.3,0.21860465116279068
2003-11-14,0.95,4.22,0.22511848341232227
2003-11-17,0.96,4.18,0.22966507177033493
2003-11-18,0.96,4.17,0.23021582733812948
2003-11-19,0.95,4.24,0.22405660377358488
2003-11-20,0.95,4.16,0.2283653846153846
2003-11-21,0.94,4.15,0.2265060240963855
2003-11-24,0.96,4.23,0.22695035460992904
2003-11-25,0.95,4.19,0.2267303102625298
2003-11-26,0.94,4.25,0.22117647058823528
2003-11-27,,,
2003-11-28,0.93,4.34,0.2142857142857143
2003-12-01,0.95,4.4,0.21590909090909088
2003-12-02,0.94,4.38,0.2146118721461187
2003-12-03,0.94,4.41,0.2131519274376417
2003-12-04,0.93,4.38,0.2123287671232877
2003-12-05,0.92,4.23,0.21749408983451535
2003-12-08,0.93,4.29,0.2167832167832168
2003-12-09,0.93,4.32,0.21527777777777776
2003-12-10,0.93,4.3,0.21627906976744188
2003-12-11,0.9,4.27,0.21077283372365344
2003-12-12,0.91,4.26,0.21361502347417843
2003-12-15,0.9,4.28,0.2102803738317757
2003-12-16,0.91,4.24,0.21462264150943397
2003-12-17,0.9,4.19,0.21479713603818615
2003-12-18,0.89,4.16,0.21394230769230768
2003-12-19,0.88,4.15,0.21204819277108433
2003-12-22,0.9,4.18,0.215311004784689
2003-12-23,0.9,4.28,0.2102803738317757
2003-12-24,0.9,4.2,0.21428571428571427
2003-12-25,,,
2003-12-26,0.87,4.17,0.20863309352517986
2003-12-29,0.9,4.24,0.21226415094339623
2003-12-30,0.94,4.29,0.2191142191142191
2003-12-31,0.95,4.27,0.22248243559718972
2004-01-01,,,
2004-01-02,0.93,4.38,0.2123287671232877
2004-01-05,0.91,4.41,0.20634920634920634
2004-01-06,0.91,4.29,0.21212121212121213
2004-01-07,0.91,4.27,0.2131147540983607
2004-01-08,0.88,4.27,0.2060889929742389
2004-01-09,0.87,4.11,0.2116788321167883
2004-01-12,0.89,4.11,0.2165450121654501
2004-01-13,0.89,4.05,0.2197530864197531
2004-01-14,0.88,4.01,0.21945137157107233
2004-01-15,0.88,3.99,0.22055137844611528
2004-01-16,0.89,4.04,0.2202970297029703
2004-01-19,,,
2004-01-20,0.89,4.08,0.2181372549019608
2004-01-21,0.89,4.05,0.2197530864197531
2004-01-22,0.88,3.99,0.22055137844611528
2004-01-23,0.9,4.09,0.22004889975550124
2004-01-26,0.9,4.16,0.21634615384615385
2004-01-27,0.91,4.11,0.2214111922141119
2004-01-28,0.94,4.22,0.22274881516587677
2004-01-29,0.94,4.22,0.22274881516587677
2004-01-30,0.92,4.16,0.22115384615384615
2004-02-02,0.94,4.18,0.22488038277511962
2004-02-03,0.94,4.13,0.22760290556900725
2004-02-04,0.94,4.15,0.2265060240963855
2004-02-05,0.94,4.2,0.2238095238095238
2004-02-06,0.93,4.12,0.22572815533980584
2004-02-09,0.94,4.09,0.22982885085574573
2004-02-10,0.95,4.13,0.23002421307506052
2004-02-11,0.93,4.05,0.22962962962962966
2004-02-12,0.93,4.1,0.22682926829268296
2004-02-13,0.92,4.05,0.22716049382716053
2004-02-16,,,
2004-02-17,0.95,4.05,0.2345679012345679
2004-02-18,0.94,4.05,0.23209876543209876
2004-02-19,0.94,4.05,0.23209876543209876
2004-02-20,0.94,4.1,0.22926829268292684
2004-02-23,0.97,4.05,0.23950617283950618
2004-02-24,0.97,4.04,0.2400990099009901
2004-02-25,0.96,4.02,0.23880597014925375
2004-02-26,0.96,4.05,0.23703703703703705
2004-02-27,0.96,3.99,0.24060150375939848
2004-03-01,0.97,4.0,0.2425
2004-03-02,0.97,4.05,0.23950617283950618
2004-03-03,0.97,4.07,0.2383292383292383
2004-03-04,0.96,4.04,0.2376237623762376
2004-03-05,0.94,3.85,0.24415584415584413
2004-03-08,0.96,3.78,0.25396825396825395
2004-03-09,0.96,3.73,0.257372654155496
2004-03-10,0.96,3.74,0.2566844919786096
2004-03-11,0.97,3.74,0.25935828877005346
2004-03-12,0.96,3.78,0.25396825396825395
2004-03-15,0.96,3.78,0.25396825396825395
2004-03-16,0.96,3.7,0.2594594594594594
2004-03-17,0.93,3.71,0.2506738544474394
2004-03-18,0.93,3.76,0.24734042553191493
2004-03-19,0.94,3.8,0.24736842105263157
2004-03-22,0.95,3.74,0.25401069518716574
2004-03-23,0.95,3.73,0.2546916890080429
2004-03-24,0.93,3.73,0.24932975871313676
2004-03-25,0.94,3.75,0.25066666666666665
2004-03-26,0.95,3.85,0.24675324675324672
2004-03-29,0.96,3.91,0.2455242966751918
2004-03-30,0.96,3.91,0.2455242966751918
2004-03-31,0.95,3.86,0.24611398963730569
2004-04-01,0.93,3.91,0.23785166240409208
2004-04-02,0.95,4.15,0.22891566265060237
2004-04-05,0.94,4.24,0.22169811320754715
2004-04-06,0.94,4.19,0.22434367541766106
2004-04-07,0.95,4.19,0.2267303102625298
2004-04-08,0.93,4.21,0.22090261282660334
2004-04-09,,,
2004-04-12,0.94,4.25,0.22117647058823528
2004-04-13,0.94,4.35,0.2160919540229885
2004-04-14,0.95,4.4,0.21590909090909088
2004-04-15,0.95,4.42,0.21493212669683256
2004-04-16,0.94,4.37,0.21510297482837526
2004-04-19,0.96,4.39,0.21867881548974943
2004-04-20,0.97,4.43,0.21896162528216706
2004-04-21,0.99,4.45,0.22247191011235953
2004-04-22,0.97,4.4,0.22045454545454543
2004-04-23,0.98,4.48,0.21874999999999997
2004-04-26,0.99,4.46,0.2219730941704036
2004-04-27,0.98,4.43,0.22121896162528218
2004-04-28,0.97,4.5,0.21555555555555556
2004-04-29,0.97,4.55,0.21318681318681318
2004-04-30,0.98,4.53,0.2163355408388521
2004-05-03,1.0,4.53,0.22075055187637968
2004-05-04,1.0,4.56,0.2192982456140351
2004-05-05,0.99,4.61,0.21475054229934923
2004-05-06,1.0,4.63,0.2159827213822894
2004-05-07,1.07,4.79,0.2233820459290188
2004-05-10,1.08,4.81,0.22453222453222457
2004-05-11,1.05,4.79,0.21920668058455114
2004-05-12,1.04,4.83,0.2153209109730849
2004-05-13,1.0,4.85,0.2061855670103093
2004-05-14,0.99,4.79,0.2066805845511482
2004-05-17,1.06,4.7,0.225531914893617
2004-05-18,1.05,4.74,0.22151898734177214
2004-05-19,1.04,4.79,0.21711899791231734
2004-05-20,1.03,4.72,0.21822033898305088
2004-05-21,1.03,4.76,0.21638655462184875
2004-05-24,1.07,4.75,0.22526315789473686
2004-05-25,1.07,4.73,0.22621564482029596
2004-05-26,1.08,4.67,0.23126338329764456
2004-05-27,1.06,4.6,0.23043478260869568
2004-05-28,1.08,4.66,0.23175965665236054
2004-05-31,,,
2004-06-01,1.17,4.71,0.2484076433121019
2004-06-02,1.17,4.74,0.24683544303797467
2004-06-03,1.17,4.71,0.2484076433121019
2004-06-04,1.21,4.78,0.2531380753138075
2004-06-07,1.24,4.78,0.2594142259414226
2004-06-08,1.27,4.78,0.26569037656903766
2004-06-09,1.27,4.82,0.26348547717842324
2004-06-10,1.3,4.81,0.2702702702702703
2004-06-11,,,
2004-06-14,1.41,4.89,0.2883435582822086
2004-06-15,1.34,4.69,0.2857142857142857
2004-06-16,1.3,4.74,0.2742616033755274
2004-06-17,1.28,4.71,0.27176220806794055
2004-06-18,1.29,4.72,0.27330508474576276
2004-06-21,1.33,4.7,0.28297872340425534
2004-06-22,1.32,4.72,0.2796610169491526
2004-06-23,1.29,4.71,0.27388535031847133
2004-06-24,1.29,4.66,0.27682403433476394
2004-06-25,1.31,4.66,0.2811158798283262
2004-06-28,1.38,4.76,0.2899159663865546
2004-06-29,1.38,4.7,0.2936170212765957
2004-06-30,1.33,4.62,0.2878787878787879
2004-07-01,1.22,4.57,0.2669584245076586
2004-07-02,1.3,4.48,0.2901785714285714
2004-07-05,,,
2004-07-06,1.34,4.49,0.2984409799554566
2004-07-07,1.3,4.5,0.2888888888888889
2004-07-08,1.27,4.49,0.28285077951002224
2004-07-09,1.28,4.49,0.28507795100222716
2004-07-12,1.34,4.46,0.3004484304932736
2004-07-13,1.34,4.5,0.2977777777777778
2004-07-14,1.34,4.5,0.2977777777777778
2004-07-15,1.35,4.5,0.30000000000000004
2004-07-16,1.35,4.38,0.3082191780821918
2004-07-19,1.35,4.38,0.3082191780821918
2004-07-20,1.36,4.47,0.3042505592841164
2004-07-21,1.35,4.5,0.30000000000000004
2004-07-22,1.37,4.48,0.3058035714285714
2004-07-23,1.38,4.45,0.31011235955056177
2004-07-26,1.45,4.49,0.32293986636971045
2004-07-27,1.46,4.62,0.31601731601731603
2004-07-28,1.46,4.61,0.31670281995661603
2004-07-29,1.45,4.6,0.31521739130434784
2004-07-30,1.45,4.5,0.3222222222222222
2004-08-02,1.5,4.48,0.33482142857142855
2004-08-03,1.48,4.45,0.3325842696629213
2004-08-04,1.49,4.45,0.3348314606741573
2004-08-05,1.48,4.43,0.3340857787810384
2004-08-06,1.44,4.24,0.33962264150943394
2004-08-09,1.51,4.28,0.35280373831775697
2004-08-10,1.5,4.32,0.3472222222222222
2004-08-11,1.44,4.3,0.33488372093023255
2004-08-12,1.43,4.27,0.3348946135831382
2004-08-13,1.44,4.22,0.3412322274881517
2004-08-16,1.49,4.26,0.34976525821596244
2004-08-17,1.48,4.21,0.3515439429928741
2004-08-18,1.49,4.23,0.3522458628841607
2004-08-19,1.48,4.22,0.35071090047393366
2004-08-20,1.49,4.24,0.35141509433962265
2004-08-23,1.54,4.28,0.3598130841121495
2004-08-24,1.54,4.28,0.3598130841121495
2004-08-25,1.54,4.26,0.3615023474178404
2004-08-26,1.55,4.22,0.36729857819905215
2004-08-27,1.56,4.23,0.36879432624113473
2004-08-30,1.61,4.19,0.38424821002386633
2004-08-31,1.59,4.13,0.38498789346246975
2004-09-01,1.58,4.13,0.3825665859564165
2004-09-02,1.6,4.2,0.38095238095238093
2004-09-03,1.65,4.3,0.38372093023255816
2004-09-06,,,
2004-09-07,1.66,4.26,0.38967136150234744
2004-09-08,1.65,4.18,0.39473684210526316
2004-09-09,1.64,4.22,0.3886255924170616
2004-09-10,1.66,4.19,0.39618138424821
2004-09-13,1.66,4.16,0.3990384615384615
2004-09-14,1.66,4.15,0.39999999999999997
2004-09-15,1.67,4.18,0.3995215311004785
2004-09-16,1.67,4.08,0.40931372549019607
2004-09-17,1.71,4.14,0.41304347826086957
2004-09-20,1.73,4.07,0.425061425061425
2004-09-21,1.72,4.05,0.4246913580246914
2004-09-22,1.71,4.0,0.4275
2004-09-23,1.72,4.02,0.427860696517413
2004-09-24,1.73,4.04,0.4282178217821782
2004-09-27,1.74,4.01,0.4339152119700748
2004-09-28,1.72,4.02,0.427860696517413
2004-09-29,1.72,4.1,0.41951219512195126
2004-09-30,1.71,4.14,0.41304347826086957
2004-10-01,1.71,4.21,0.40617577197149646
2004-10-04,1.71,4.19,0.4081145584725537
2004-10-05,1.71,4.18,0.4090909090909091
2004-10-06,1.71,4.23,0.40425531914893614
2004-10-07,1.7,4.26,0.39906103286384975
2004-10-08,1.71,4.15,0.4120481927710843
2004-10-11,,,
2004-10-12,1.72,4.12,0.4174757281553398
2004-10-13,1.72,4.09,0.42053789731051344
2004-10-14,1.74,4.03,0.43176178660049624
2004-10-15,1.76,4.07,0.4324324324324324
2004-10-18,1.81,4.07,0.4447174447174447
2004-10-19,1.82,4.07,0.44717444717444715
2004-10-20,1.82,4.01,0.45386533665835416
2004-10-21,1.85,4.01,0.4613466334164589
2004-10-22,1.85,4.0,0.4625
2004-10-25,1.9,3.99,0.47619047619047616
2004-10-26,1.91,4.01,0.47630922693266836
2004-10-27,1.92,4.11,0.4671532846715328
2004-10-28,1.91,4.09,0.4669926650366748
2004-10-29,1.91,4.05,0.47160493827160493
2004-11-01,1.99,4.11,0.4841849148418491
2004-11-02,1.97,4.1,0.4804878048780488
2004-11-03,1.96,4.09,0.4792176039119804
2004-11-04,1.98,4.1,0.4829268292682927
2004-11-05,2.03,4.21,0.48218527315914483
2004-11-08,2.07,4.22,0.490521327014218
2004-11-09,2.08,4.22,0.49289099526066354
2004-11-10,2.08,4.25,0.4894117647058824
2004-11-11,,,
2004-11-12,2.08,4.2,0.49523809523809526
2004-11-15,2.12,4.2,0.5047619047619047
2004-11-16,2.14,4.21,0.5083135391923991
2004-11-17,2.13,4.14,0.5144927536231885
2004-11-18,2.13,4.12,0.5169902912621359
2004-11-19,2.15,4.2,0.5119047619047619
2004-11-22,2.2,4.18,0.5263157894736843
2004-11-23,2.19,4.19,0.522673031026253
2004-11-24,2.18,4.2,0.5190476190476191
2004-11-25,,,
2004-11-26,2.21,4.24,0.5212264150943395
2004-11-29,2.23,4.34,0.5138248847926268
2004-11-30,2.23,4.36,0.5114678899082569
2004-12-01,2.22,4.38,0.5068493150684932
2004-12-02,2.22,4.4,0.5045454545454545
2004-12-03,2.21,4.27,0.5175644028103045
2004-12-06,2.25,4.24,0.5306603773584906
2004-12-07,2.25,4.23,0.5319148936170213
2004-12-08,2.24,4.14,0.5410628019323672
2004-12-09,2.24,4.19,0.5346062052505967
2004-12-10,2.25,4.16,0.5408653846153846
2004-12-13,2.24,4.16,0.5384615384615385
2004-12-14,2.21,4.14,0.533816425120773
2004-12-15,2.21,4.09,0.5403422982885085
2004-12-16,2.2,4.19,0.5250596658711217
2004-12-17,2.2,4.21,0.5225653206650832
2004-12-20,2.22,4.21,0.5273159144893113
2004-12-21,2.2,4.18,0.5263157894736843
2004-12-22,2.18,4.21,0.5178147268408552
2004-12-23,2.19,4.23,0.5177304964539007
2004-12-24,,,
2004-12-27,2.26,4.3,0.5255813953488372
2004-12-28,2.25,4.31,0.5220417633410673
2004-12-29,2.22,4.33,0.5127020785219399
2004-12-30,2.22,4.27,0.5199063231850118
2004-12-31,2.22,4.24,0.5235849056603774
2005-01-03,2.32,4.23,0.5484633569739952
2005-01-04,2.33,4.29,0.5431235431235432
2005-01-05,2.33,4.29,0.5431235431235432
2005-01-06,2.31,4.29,0.5384615384615384
2005-01-07,2.32,4.29,0.5407925407925408
2005-01-10,2.36,4.29,0.55011655011655
2005-01-11,2.34,4.26,0.5492957746478874
2005-01-12,2.34,4.25,0.5505882352941176
2005-01-13,2.35,4.2,0.5595238095238095
2005-01-14,2.37,4.23,0.5602836879432623
2005-01-17,,,
2005-01-18,2.39,4.21,0.5676959619952494
2005-01-19,2.37,4.2,0.5642857142857143
2005-01-20,2.35,4.17,0.5635491606714629
2005-01-21,2.36,4.16,0.5673076923076923
2005-01-24,2.37,4.14,0.5724637681159421
2005-01-25,2.39,4.2,0.569047619047619
2005-01-26,2.41,4.21,0.5724465558194775
2005-01-27,2.44,4.22,0.5781990521327014
2005-01-28,2.46,4.16,0.5913461538461539
2005-01-31,2.51,4.14,0.606280193236715
2005-02-01,2.51,4.15,0.6048192771084336
2005-02-02,2.51,4.15,0.6048192771084336
2005-02-03,2.48,4.18,0.5933014354066986
2005-02-04,2.47,4.09,0.6039119804400979
2005-02-07,2.51,4.07,0.6167076167076166
2005-02-08,2.49,4.05,0.6148148148148149
2005-02-09,2.51,4.0,0.6275
2005-02-10,2.51,4.07,0.6167076167076166
2005-02-11,2.55,4.1,0.6219512195121951
2005-02-14,2.59,4.08,0.6348039215686274
2005-02-15,2.59,4.1,0.6317073170731707
2005-02-16,2.57,4.16,0.6177884615384615
2005-02-17,2.58,4.19,0.6157517899761336
2005-02-18,2.61,4.27,0.6112412177985949
2005-02-21,,,
2005-02-22,2.67,4.29,0.6223776223776224
2005-02-23,2.67,4.27,0.6252927400468384
2005-02-24,2.69,4.29,0.627039627039627
2005-02-25,2.74,4.27,0.6416861826697894
2005-02-28,2.76,4.36,0.6330275229357797
2005-03-01,2.75,4.38,0.6278538812785388
2005-03-02,2.74,4.38,0.6255707762557078
2005-03-03,2.76,4.39,0.6287015945330297
2005-03-04,2.76,4.32,0.6388888888888888
2005-03-07,2.76,4.31,0.6403712296983759
2005-03-08,2.75,4.38,0.6278538812785388
2005-03-09,2.76,4.52,0.6106194690265487
2005-03-10,2.75,4.48,0.6138392857142857
2005-03-11,2.76,4.56,0.6052631578947368
2005-03-14,2.8,4.52,0.6194690265486725
2005-03-15,2.81,4.54,0.6189427312775331
2005-03-16,2.8,4.52,0.6194690265486725
2005-03-17,2.79,4.47,0.6241610738255033
2005-03-18,2.81,4.51,0.623059866962306
2005-03-21,2.85,4.53,0.6291390728476821
2005-03-22,2.89,4.63,0.6241900647948164
2005-03-23,2.83,4.61,0.613882863340564
2005-03-24,2.84,4.6,0.6173913043478261
2005-03-25,,,
2005-03-28,2.84,4.64,0.6120689655172414
2005-03-29,2.84,4.6,0.6173913043478261
2005-03-30,2.83,4.56,0.6206140350877194
2005-03-31,2.79,4.5,0.62
2005-04-01,2.8,4.46,0.6278026905829596
2005-04-04,2.8,4.47,0.6263982102908278
2005-04-05,2.79,4.48,0.6227678571428571
2005-04-06,2.76,4.44,0.6216216216216215
2005-04-07,2.77,4.49,0.6169265033407572
2005-04-08,2.79,4.5,0.62
2005-04-11,2.76,4.45,0.6202247191011235
2005-04-12,2.76,4.38,0.6301369863013698
2005-04-13,2.77,4.38,0.632420091324201
2005-04-14,2.78,4.37,0.6361556064073226
2005-04-15,2.79,4.27,0.6533957845433256
2005-04-18,2.9,4.27,0.6791569086651055
2005-04-19,2.91,4.21,0.6912114014251782
2005-04-20,2.87,4.22,0.6800947867298579
2005-04-21,2.88,4.32,0.6666666666666666
2005-04-22,2.93,4.26,0.687793427230047
2005-04-25,2.93,4.26,0.687793427230047
2005-04-26,2.91,4.28,0.6799065420560748
2005-04-27,2.89,4.25,0.68
2005-04-28,2.88,4.19,0.6873508353221957
2005-04-29,2.9,4.21,0.6888361045130641
2005-05-02,2.93,4.21,0.6959619952494063
2005-05-03,2.91,4.21,0.6912114014251782
2005-05-04,2.87,4.2,0.6833333333333333
2005-05-05,2.81,4.19,0.6706443914081145
2005-05-06,2.87,4.28,0.6705607476635513
2005-05-09,2.91,4.29,0.6783216783216783
2005-05-10,2.9,4.23,0.685579196217494
2005-05-11,2.87,4.21,0.6817102137767221
2005-05-12,2.88,4.18,0.6889952153110048
2005-05-13,2.83,4.12,0.6868932038834952
2005-05-16,2.89,4.13,0.6997578692493948
2005-05-17,2.88,4.12,0.6990291262135921
2005-05-18,2.86,4.07,0.7027027027027026
2005-05-19,2.87,4.11,0.6982968369829683
2005-05-20,2.9,4.13,0.7021791767554479
2005-05-23,2.97,4.07,0.7297297297297297
2005-05-24,2.94,4.04,0.7277227722772277
2005-05-25,2.95,4.08,0.7230392156862745
2005-05-26,2.94,4.08,0.7205882352941176
2005-05-27,2.97,4.08,0.7279411764705883
2005-05-30,,,
2005-05-31,2.99,4.0,0.7475
2005-06-01,2.97,3.91,0.7595907928388747
2005-06-02,2.97,3.89,0.7634961439588689
2005-06-03,3.01,3.98,0.7562814070351759
2005-06-06,3.02,3.96,0.7626262626262627
2005-06-07,3.02,3.92,0.7704081632653061
2005-06-08,3.02,3.95,0.7645569620253164
2005-06-09,2.99,3.98,0.7512562814070353
2005-06-10,3.01,4.05,0.7432098765432098
2005-06-13,3.03,4.09,0.7408312958435208
2005-06-14,3.01,4.13,0.7288135593220338
2005-06-15,3.0,4.12,0.7281553398058253
2005-06-16,2.98,4.09,0.7286063569682152
2005-06-17,2.99,4.09,0.7310513447432764
2005-06-20,3.02,4.11,0.7347931873479319
2005-06-21,3.02,4.06,0.7438423645320198
2005-06-22,3.03,3.95,0.7670886075949366
2005-06-23,3.07,3.96,0.7752525252525252
2005-06-24,3.09,3.92,0.7882653061224489
2005-06-27,3.15,3.9,0.8076923076923077
2005-06-28,3.14,3.97,0.7909319899244333
2005-06-29,3.13,3.99,0.7844611528822054
2005-06-30,3.13,3.94,0.7944162436548223
2005-07-01,3.17,4.06,0.7807881773399016
2005-07-04,,,
2005-07-05,3.22,4.11,0.7834549878345498
2005-07-06,3.19,4.08,0.7818627450980392
2005-07-07,3.15,4.05,0.7777777777777778
2005-07-08,3.17,4.11,0.7712895377128953
2005-07-11,3.19,4.11,0.7761557177615571
2005-07-12,3.21,4.15,0.7734939759036144
2005-07-13,3.22,4.17,0.7721822541966428
2005-07-14,3.23,4.19,0.7708830548926013
2005-07-15,3.26,4.18,0.7799043062200957
2005-07-18,3.3,4.22,0.7819905213270142
2005-07-19,3.31,4.2,0.7880952380952381
2005-07-20,3.3,4.17,0.7913669064748201
2005-07-21,3.35,4.28,0.7827102803738317
2005-07-22,3.38,4.23,0.7990543735224586
2005-07-25,3.44,4.25,0.8094117647058824
2005-07-26,3.43,4.24,0.8089622641509434
2005-07-27,3.4,4.27,0.7962529274004685
2005-07-28,3.41,4.2,0.8119047619047619
2005-07-29,3.42,4.28,0.7990654205607476
2005-08-01,3.48,4.32,0.8055555555555555
2005-08-02,3.49,4.34,0.8041474654377881
2005-08-03,3.46,4.3,0.8046511627906977
2005-08-04,3.47,4.32,0.8032407407407407
2005-08-05,3.52,4.4,0.7999999999999999
2005-08-08,3.54,4.42,0.8009049773755657
2005-08-09,3.52,4.41,0.7981859410430838
2005-08-10,3.51,4.4,0.7977272727272726
2005-08-11,3.51,4.32,0.8124999999999999
2005-08-12,3.52,4.24,0.830188679245283
2005-08-15,3.54,4.27,0.8290398126463702
2005-08-16,3.54,4.23,0.8368794326241134
2005-08-17,3.52,4.28,0.822429906542056
2005-08-18,3.5,4.21,0.831353919239905
2005-08-19,3.52,4.21,0.836104513064133
2005-08-22,3.53,4.22,0.8364928909952607
2005-08-23,3.53,4.2,0.8404761904761904
2005-08-24,3.53,4.19,0.8424821002386633
2005-08-25,3.54,4.18,0.8468899521531101
2005-08-26,3.55,4.2,0.8452380952380951
2005-08-29,3.54,4.2,0.8428571428571429
2005-08-30,3.54,4.16,0.8509615384615384
2005-08-31,3.52,4.02,0.8756218905472638
2005-09-01,3.48,4.02,0.8656716417910448
2005-09-02,3.46,4.03,0.8585607940446649
2005-09-05,,,
2005-09-06,3.52,4.09,0.860635696821516
2005-09-07,3.49,4.15,0.8409638554216867
2005-09-08,3.48,4.15,0.8385542168674698
2005-09-09,3.49,4.14,0.8429951690821257
2005-09-12,3.51,4.18,0.8397129186602871
2005-09-13,3.47,4.14,0.8381642512077295
2005-09-14,3.42,4.17,0.8201438848920863
2005-09-15,3.45,4.22,0.8175355450236967
2005-09-16,3.5,4.26,0.8215962441314555
2005-09-19,3.58,4.25,0.8423529411764706
2005-09-20,3.61,4.26,0.8474178403755869
2005-09-21,3.41,4.19,0.8138424821002386
2005-09-22,3.47,4.19,0.8281622911694511
2005-09-23,3.48,4.25,0.8188235294117647
2005-09-26,3.52,4.3,0.8186046511627907
2005-09-27,3.49,4.3,0.8116279069767443
2005-09-28,3.46,4.26,0.8122065727699531
2005-09-29,3.54,4.29,0.8251748251748252
2005-09-30,3.55,4.34,0.8179723502304147
2005-10-03,3.61,4.39,0.8223234624145787
2005-10-04,3.63,4.38,0.8287671232876712
2005-10-05,3.58,4.36,0.8211009174311926
2005-10-06,3.61,4.37,0.8260869565217391
2005-10-07,3.63,4.35,0.8344827586206897
2005-10-10,,,
2005-10-11,3.73,4.39,0.8496583143507973
2005-10-12,3.7,4.45,0.8314606741573034
2005-10-13,3.75,4.48,0.8370535714285714
2005-10-14,3.78,4.48,0.8437499999999999
2005-10-17,3.86,4.5,0.8577777777777778
2005-10-18,3.85,4.49,0.8574610244988864
2005-10-19,3.86,4.47,0.8635346756152126
2005-10-20,3.85,4.46,0.8632286995515696
2005-10-21,3.87,4.39,0.8815489749430525
2005-10-24,3.92,4.45,0.8808988764044944
2005-10-25,3.93,4.54,0.8656387665198239
2005-10-26,3.9,4.6,0.8478260869565218
2005-10-27,3.88,4.57,0.849015317286652
2005-10-28,3.93,4.58,0.8580786026200874
2005-10-31,3.98,4.57,0.8708971553610503
2005-11-01,3.96,4.58,0.8646288209606987
2005-11-02,3.94,4.61,0.8546637744034706
2005-11-03,3.94,4.65,0.8473118279569891
2005-11-04,3.98,4.66,0.8540772532188841
2005-11-07,3.96,4.65,0.8516129032258064
2005-11-08,3.96,4.57,0.8665207877461706
2005-11-09,3.99,4.64,0.8599137931034484
2005-11-10,3.97,4.55,0.8725274725274726
2005-11-11,,,
2005-11-14,4.02,4.61,0.8720173535791755
2005-11-15,4.01,4.56,0.8793859649122807
2005-11-16,4.0,4.49,0.8908685968819599
2005-11-17,4.01,4.46,0.8991031390134528
2005-11-18,4.01,4.5,0.8911111111111111
2005-11-21,4.0,4.46,0.8968609865470852
2005-11-22,3.93,4.43,0.8871331828442439
2005-11-23,3.95,4.47,0.8836689038031321
2005-11-24,,,
2005-11-25,3.95,4.43,0.8916478555304741
2005-11-28,3.98,4.41,0.9024943310657596
2005-11-29,3.98,4.48,0.8883928571428571
2005-11-30,3.95,4.49,0.8797327394209354
2005-12-01,3.97,4.52,0.8783185840707965
2005-12-02,3.99,4.52,0.8827433628318585
2005-12-05,4.04,4.57,0.8840262582056893
2005-12-06,4.04,4.49,0.8997772828507795
2005-12-07,4.03,4.52,0.8915929203539824
2005-12-08,3.94,4.47,0.8814317673378076
2005-12-09,3.94,4.54,0.8678414096916299
2005-12-12,3.9,4.56,0.855263157894737
2005-12-13,3.91,4.54,0.8612334801762115
2005-12-14,3.89,4.45,0.8741573033707866
2005-12-15,3.93,4.47,0.8791946308724833
2005-12-16,3.93,4.45,0.8831460674157303
2005-12-19,3.96,4.45,0.8898876404494381
2005-12-20,3.95,4.47,0.8836689038031321
2005-12-21,3.98,4.49,0.88641425389755
2005-12-22,3.98,4.44,0.8963963963963963
2005-12-23,3.99,4.38,0.9109589041095891
2005-12-26,,,
2005-12-27,3.98,4.34,0.9170506912442397
2005-12-28,3.95,4.38,0.9018264840182649
2005-12-29,4.01,4.37,0.9176201372997711
2005-12-30,4.08,4.39,0.9293849658314352
2006-01-02,,,
2006-01-03,4.16,4.37,0.9519450800915332
2006-01-04,4.19,4.36,0.9610091743119267
2006-01-05,4.2,4.36,0.963302752293578
2006-01-06,4.22,4.38,0.9634703196347032
2006-01-09,4.23,4.38,0.9657534246575343
2006-01-10,4.29,4.43,0.9683972911963883
2006-01-11,4.3,4.46,0.9641255605381166
2006-01-12,4.32,4.42,0.9773755656108598
2006-01-13,4.33,4.36,0.9931192660550459
2006-01-16,,,
2006-01-17,4.38,4.34,1.0092165898617511
2006-01-18,4.35,4.34,1.0023041474654377
2006-01-19,4.35,4.38,0.9931506849315068
2006-01-20,4.35,4.37,0.9954233409610983
2006-01-23,4.38,4.36,1.0045871559633026
2006-01-24,4.4,4.4,1.0
2006-01-25,4.42,4.49,0.9844097995545656
2006-01-26,4.45,4.53,0.9823399558498896
2006-01-27,4.45,4.52,0.9845132743362833
2006-01-30,4.48,4.54,0.9867841409691631
2006-01-31,4.47,4.53,0.9867549668874172
2006-02-01,4.47,4.57,0.9781181619256016
2006-02-02,4.48,4.57,0.9803063457330417
2006-02-03,4.48,4.54,0.9867841409691631
2006-02-06,4.48,4.55,0.9846153846153848
2006-02-07,4.49,4.57,0.9824945295404813
2006-02-08,4.5,4.56,0.986842105263158
2006-02-09,4.52,4.54,0.9955947136563875
2006-02-10,4.53,4.59,0.9869281045751634
2006-02-13,4.55,4.58,0.9934497816593886
2006-02-14,4.55,4.62,0.9848484848484848
2006-02-15,4.55,4.61,0.9869848156182212
2006-02-16,4.55,4.59,0.9912854030501089
2006-02-17,4.54,4.54,1.0
2006-02-20,,,
2006-02-21,4.56,4.57,0.99781181619256
2006-02-22,4.57,4.53,1.0088300220750552
2006-02-23,4.59,4.56,1.006578947368421
2006-02-24,4.6,4.58,1.0043668122270741
2006-02-27,4.62,4.59,1.0065359477124183
2006-02-28,4.62,4.55,1.0153846153846156
2006-03-01,4.6,4.59,1.0021786492374727
2006-03-02,4.62,4.64,0.9956896551724139
2006-03-03,4.62,4.68,0.9871794871794872
2006-03-06,4.6,4.74,0.970464135021097
2006-03-07,4.6,4.74,0.970464135021097
2006-03-08,4.58,4.73,0.9682875264270613
2006-03-09,4.6,4.74,0.970464135021097
2006-03-10,4.62,4.76,0.9705882352941178
2006-03-13,4.61,4.77,0.9664570230607968
2006-03-14,4.59,4.71,0.9745222929936306
2006-03-15,4.63,4.73,0.9788583509513741
2006-03-16,4.62,4.65,0.9935483870967742
2006-03-17,4.64,4.68,0.9914529914529915
2006-03-20,4.66,4.66,1.0
2006-03-21,4.69,4.71,0.9957537154989385
2006-03-22,4.69,4.7,0.997872340425532
2006-03-23,4.67,4.73,0.9873150105708244
2006-03-24,4.65,4.67,0.9957173447537474
2006-03-27,4.63,4.7,0.9851063829787233
2006-03-28,4.65,4.79,0.9707724425887265
2006-03-29,4.63,4.81,0.9625779625779627
2006-03-30,4.61,4.86,0.948559670781893
2006-03-31,4.63,4.86,0.9526748971193415
2006-04-03,4.67,4.88,0.9569672131147541
2006-04-04,4.68,4.87,0.9609856262833675
2006-04-05,4.67,4.84,0.9648760330578513
2006-04-06,4.68,4.9,0.9551020408163264
2006-04-07,4.69,4.97,0.943661971830986
2006-04-10,4.69,4.97,0.943661971830986
2006-04-11,4.7,4.93,0.9533468559837729
2006-04-12,4.7,4.98,0.9437751004016064
2006-04-13,4.7,5.05,0.9306930693069307
2006-04-14,,,
2006-04-17,4.72,5.01,0.9421157684630739
2006-04-18,4.72,4.99,0.9458917835671342
2006-04-19,4.73,5.04,0.9384920634920636
2006-04-20,4.73,5.04,0.9384920634920636
2006-04-21,4.75,5.01,0.9481037924151697
2006-04-24,4.75,4.99,0.9519038076152304
2006-04-25,4.79,5.07,0.9447731755424063
2006-04-26,4.79,5.12,0.935546875
2006-04-27,4.78,5.09,0.9390962671905698
2006-04-28,4.77,5.07,0.9408284023668637
2006-05-01,4.82,5.14,0.9377431906614787
2006-05-02,4.81,5.12,0.9394531249999999
2006-05-03,4.82,5.15,0.9359223300970874
2006-05-04,4.8,5.16,0.9302325581395349
2006-05-05,4.83,5.12,0.943359375
2006-05-08,4.87,5.12,0.951171875
2006-05-09,4.88,5.13,0.9512670565302144
2006-05-10,4.88,5.13,0.9512670565302144
2006-05-11,4.82,5.14,0.9377431906614787
2006-05-12,4.85,5.19,0.934489402697495
2006-05-15,4.86,5.15,0.9436893203883495
2006-05-16,4.83,5.1,0.9470588235294118
2006-05-17,4.83,5.16,0.936046511627907
2006-05-18,4.83,5.08,0.9507874015748031
2006-05-19,4.82,5.05,0.9544554455445545
2006-05-22,4.83,5.04,0.9583333333333334
2006-05-23,4.84,5.07,0.9546351084812622
2006-05-24,4.82,5.03,0.9582504970178927
2006-05-25,4.82,5.07,0.9506903353057199
2006-05-26,4.84,5.06,0.9565217391304348
2006-05-29,,,
2006-05-30,4.84,5.09,0.9508840864440079
2006-05-31,4.86,5.12,0.94921875
2006-06-01,4.83,5.11,0.9452054794520548
2006-06-02,4.81,5.0,0.962
2006-06-05,4.85,5.02,0.9661354581673307
2006-06-06,4.86,5.01,0.970059880239521
2006-06-07,4.86,5.02,0.9681274900398408
2006-06-08,4.87,5.0,0.974
2006-06-09,4.88,4.98,0.9799196787148593
2006-06-12,4.93,4.99,0.9879759519038075
2006-06-13,4.89,4.97,0.9839034205231388
2006-06-14,4.9,5.05,0.9702970297029704
2006-06-15,4.85,5.1,0.9509803921568627
2006-06-16,4.88,5.13,0.9512670565302144
2006-06-19,4.93,5.14,0.9591439688715954
2006-06-20,4.92,5.15,0.9553398058252427
2006-06-21,4.92,5.16,0.9534883720930232
2006-06-22,4.92,5.2,0.9461538461538461
2006-06-23,4.98,5.23,0.9521988527724665
2006-06-26,5.03,5.25,0.9580952380952381
2006-06-27,5.05,5.21,0.9692898272552782
2006-06-28,5.01,5.25,0.9542857142857143
2006-06-29,5.01,5.22,0.9597701149425287
2006-06-30,5.01,5.15,0.9728155339805824
2006-07-03,5.08,5.15,0.9864077669902912
2006-07-04,,,
2006-07-05,5.01,5.23,0.9579349904397705
2006-07-06,5.0,5.19,0.9633911368015413
2006-07-07,5.02,5.14,0.9766536964980544
2006-07-10,5.06,5.13,0.98635477582846
2006-07-11,5.05,5.1,0.9901960784313726
2006-07-12,5.06,5.1,0.9921568627450981
2006-07-13,5.05,5.08,0.9940944881889763
2006-07-14,5.06,5.07,0.9980276134122287
2006-07-17,5.11,5.07,1.0078895463510849
2006-07-18,5.13,5.13,1.0
2006-07-19,5.11,5.06,1.0098814229249014
2006-07-20,5.08,5.03,1.0099403578528827
2006-07-21,5.1,5.05,1.00990099009901
2006-07-24,5.1,5.05,1.00990099009901
2006-07-25,5.13,5.07,1.011834319526627
2006-07-26,5.11,5.04,1.0138888888888888
2006-07-27,5.1,5.07,1.0059171597633134
2006-07-28,5.07,5.0,1.014
2006-07-31,5.1,4.99,1.0220440881763526
2006-08-01,5.12,4.99,1.0260521042084167
2006-08-02,5.1,4.96,1.0282258064516128
2006-08-03,5.11,4.96,1.030241935483871
2006-08-04,5.09,4.91,1.0366598778004072
2006-08-07,5.12,4.93,1.0385395537525355
2006-08-08,5.1,4.93,1.0344827586206897
2006-08-09,5.07,4.92,1.0304878048780488
2006-08-10,5.05,4.93,1.024340770791075
2006-08-11,5.07,4.97,1.0201207243460766
2006-08-14,5.12,5.0,1.024
2006-08-15,5.1,4.93,1.0344827586206897
2006-08-16,5.07,4.87,1.0410677618069815
2006-08-17,5.09,4.87,1.0451745379876796
2006-08-18,5.1,4.84,1.0537190082644627
2006-08-21,5.11,4.82,1.0601659751037344
2006-08-22,5.1,4.82,1.0580912863070537
2006-08-23,5.09,4.82,1.0560165975103732
2006-08-24,5.09,4.81,1.0582120582120582
2006-08-25,5.11,4.79,1.0668058455114824
2006-08-28,5.1,4.8,1.0625
2006-08-29,5.07,4.79,1.058455114822547
2006-08-30,5.05,4.76,1.0609243697478992
2006-08-31,5.05,4.74,1.0654008438818565
2006-09-01,5.02,4.73,1.0613107822410146
2006-09-04,,,
2006-09-05,5.0,4.78,1.0460251046025104
2006-09-06,4.97,4.8,1.0354166666666667
2006-09-07,4.97,4.8,1.0354166666666667
2006-09-08,4.93,4.78,1.0313807531380752
2006-09-11,4.93,4.8,1.0270833333333333
2006-09-12,4.9,4.78,1.0251046025104602
2006-09-13,4.91,4.77,1.029350104821803
2006-09-14,4.95,4.79,1.033402922755741
2006-09-15,4.96,4.8,1.0333333333333334
2006-09-18,4.94,4.81,1.0270270270270272
2006-09-19,4.94,4.74,1.0421940928270041
2006-09-20,4.93,4.73,1.0422832980972514
2006-09-21,4.92,4.65,1.058064516129032
2006-09-22,4.93,4.6,1.0717391304347825
2006-09-25,4.88,4.56,1.0701754385964912
2006-09-26,4.88,4.59,1.0631808278867103
2006-09-27,4.88,4.6,1.0608695652173914
2006-09-28,4.87,4.63,1.0518358531317495
2006-09-29,4.89,4.64,1.0538793103448276
2006-10-02,4.88,4.62,1.0562770562770563
2006-10-03,4.9,4.62,1.0606060606060606
2006-10-04,4.93,4.57,1.0787746170678336
2006-10-05,4.94,4.61,1.0715835140997831
2006-10-06,4.95,4.7,1.053191489361702
2006-10-09,,,
2006-10-10,5.0,4.75,1.0526315789473684
2006-10-11,5.02,4.78,1.0502092050209204
2006-10-12,5.06,4.79,1.0563674321503131
2006-10-13,5.05,4.81,1.04989604989605
2006-10-16,5.09,4.79,1.0626304801670146
2006-10-17,5.09,4.78,1.0648535564853556
2006-10-18,5.09,4.77,1.0670859538784068
2006-10-19,5.1,4.79,1.0647181628392484
2006-10-20,5.09,4.79,1.0626304801670146
2006-10-23,5.12,4.83,1.060041407867495
2006-10-24,5.13,4.83,1.062111801242236
2006-10-25,5.12,4.78,1.0711297071129706
2006-10-26,5.12,4.73,1.0824524312896404
2006-10-27,5.11,4.68,1.091880341880342
2006-10-30,5.1,4.68,1.0897435897435896
2006-10-31,5.08,4.61,1.1019522776572668
2006-11-01,5.07,4.57,1.1094091903719911
2006-11-02,5.07,4.6,1.1021739130434784
2006-11-03,5.09,4.72,1.0783898305084747
2006-11-06,5.09,4.71,1.0806794055201698
2006-11-07,5.08,4.66,1.090128755364807
2006-11-08,5.1,4.64,1.0991379310344827
2006-11-09,5.09,4.62,1.1017316017316017
2006-11-10,5.1,4.59,1.1111111111111112
2006-11-13,5.09,4.61,1.1041214750542299
2006-11-14,5.09,4.57,1.1137855579868707
2006-11-15,5.09,4.61,1.1041214750542299
2006-11-16,5.09,4.66,1.092274678111588
2006-11-17,5.09,4.61,1.1041214750542299
2006-11-20,5.08,4.6,1.1043478260869566
2006-11-21,5.07,4.58,1.1069868995633187
2006-11-22,5.05,4.57,1.1050328227571116
2006-11-23,,,
2006-11-24,5.04,4.55,1.1076923076923078
2006-11-27,5.05,4.54,1.1123348017621144
2006-11-28,5.04,4.51,1.1175166297117518
2006-11-29,5.04,4.52,1.1150442477876108
2006-11-30,5.03,4.46,1.1278026905829597
2006-12-01,5.03,4.43,1.1354401805869077
2006-12-04,5.01,4.43,1.1309255079006773
2006-12-05,4.99,4.45,1.1213483146067416
2006-12-06,4.99,4.48,1.1138392857142856
2006-12-07,4.98,4.49,1.1091314031180401
2006-12-08,4.97,4.56,1.0899122807017545
2006-12-11,4.93,4.52,1.0907079646017699
2006-12-12,4.93,4.49,1.0979955456570154
2006-12-13,4.94,4.58,1.0786026200873362
2006-12-14,4.96,4.6,1.0782608695652174
2006-12-15,4.91,4.6,1.0673913043478263
2006-12-18,4.96,4.6,1.0782608695652174
2006-12-19,4.96,4.6,1.0782608695652174
2006-12-20,4.96,4.6,1.0782608695652174
2006-12-21,4.97,4.55,1.0923076923076922
2006-12-22,4.99,4.63,1.0777537796976242
2006-12-25,,,
2006-12-26,4.99,4.61,1.0824295010845986
2006-12-27,4.97,4.66,1.0665236051502145
2006-12-28,5.0,4.7,1.0638297872340425
2006-12-29,5.02,4.71,1.0658174097664543
2007-01-01,,,
2007-01-02,5.07,4.68,1.0833333333333335
2007-01-03,5.05,4.67,1.0813704496788008
2007-01-04,5.04,4.62,1.0909090909090908
2007-01-05,5.05,4.65,1.086021505376344
2007-01-08,5.08,4.66,1.090128755364807
2007-01-09,5.08,4.66,1.090128755364807
2007-01-10,5.09,4.69,1.0852878464818763
2007-01-11,5.11,4.74,1.0780590717299579
2007-01-12,5.09,4.77,1.0670859538784068
2007-01-15,,,
2007-01-16,5.11,4.75,1.0757894736842106
2007-01-17,5.12,4.79,1.0688935281837162
2007-01-18,5.12,4.75,1.0778947368421052
2007-01-19,5.14,4.78,1.0753138075313806
2007-01-22,5.13,4.76,1.0777310924369747
2007-01-23,5.14,4.81,1.0686070686070686
2007-01-24,5.13,4.81,1.0665280665280665
2007-01-25,5.14,4.87,1.055441478439425
2007-01-26,5.13,4.88,1.0512295081967213
2007-01-29,5.14,4.9,1.0489795918367346
2007-01-30,5.13,4.88,1.0512295081967213
2007-01-31,5.12,4.83,1.060041407867495
2007-02-01,5.13,4.84,1.0599173553719008
2007-02-02,5.14,4.83,1.0641821946169772
2007-02-05,5.15,4.81,1.0706860706860708
2007-02-06,5.14,4.77,1.0775681341719079
2007-02-07,5.15,4.74,1.0864978902953586
2007-02-08,5.16,4.73,1.0909090909090908
2007-02-09,5.15,4.79,1.0751565762004176
2007-02-12,5.18,4.8,1.0791666666666666
2007-02-13,5.17,4.82,1.0726141078838174
2007-02-14,5.16,4.74,1.0886075949367089
2007-02-15,5.17,4.7,1.0999999999999999
2007-02-16,5.17,4.69,1.1023454157782515
2007-02-19,,,
2007-02-20,5.19,4.68,1.108974358974359
2007-02-21,5.18,4.69,1.1044776119402984
2007-02-22,5.19,4.73,1.0972515856236786
2007-02-23,5.18,4.68,1.106837606837607
2007-02-26,5.19,4.63,1.1209503239740821
2007-02-27,5.14,4.5,1.1422222222222222
2007-02-28,5.16,4.56,1.1315789473684212
2007-03-01,5.15,4.56,1.1293859649122808
2007-03-02,5.12,4.52,1.1327433628318586
2007-03-05,5.1,4.51,1.130820399113082
2007-03-06,5.14,4.53,1.1346578366445914
2007-03-07,5.12,4.5,1.1377777777777778
2007-03-08,5.1,4.51,1.130820399113082
2007-03-09,5.1,4.59,1.1111111111111112
2007-03-12,5.09,4.56,1.1162280701754386
2007-03-13,5.09,4.5,1.1311111111111112
2007-03-14,5.06,4.53,1.1169977924944812
2007-03-15,5.05,4.54,1.1123348017621144
2007-03-16,5.04,4.55,1.1076923076923078
2007-03-19,5.06,4.58,1.1048034934497815
2007-03-20,5.06,4.56,1.1096491228070176
2007-03-21,5.05,4.53,1.1147902869757174
2007-03-22,5.06,4.6,1.1
2007-03-23,5.08,4.62,1.0995670995670996
2007-03-26,5.06,4.6,1.1
2007-03-27,5.08,4.62,1.0995670995670996
2007-03-28,5.06,4.62,1.0952380952380951
2007-03-29,5.05,4.64,1.0883620689655173
2007-03-30,5.04,4.65,1.0838709677419354
2007-04-02,5.04,4.65,1.0838709677419354
2007-04-03,5.05,4.67,1.0813704496788008
2007-04-04,5.07,4.66,1.0879828326180259
2007-04-05,5.04,4.68,1.076923076923077
2007-04-06,5.05,4.76,1.0609243697478992
2007-04-09,5.02,4.75,1.0568421052631578
2007-04-10,5.03,4.73,1.0634249471458774
2007-04-11,5.04,4.74,1.0632911392405062
2007-04-12,5.03,4.74,1.0611814345991561
2007-04-13,5.02,4.76,1.0546218487394958
2007-04-16,5.01,4.74,1.0569620253164556
2007-04-17,5.01,4.69,1.068230277185501
2007-04-18,5.0,4.66,1.0729613733905579
2007-04-19,4.99,4.68,1.0662393162393164
2007-04-20,4.99,4.68,1.0662393162393164
2007-04-23,4.98,4.66,1.0686695278969958
2007-04-24,4.98,4.63,1.0755939524838014
2007-04-25,4.97,4.66,1.0665236051502145
2007-04-26,4.96,4.69,1.0575692963752665
2007-04-27,4.95,4.71,1.0509554140127388
2007-04-30,4.91,4.63,1.0604751619870412
2007-05-01,4.9,4.64,1.0560344827586208
2007-05-02,4.91,4.65,1.0559139784946237
2007-05-03,4.9,4.68,1.047008547008547
2007-05-04,4.9,4.65,1.053763440860215
2007-05-07,4.89,4.64,1.0538793103448276
2007-05-08,4.9,4.63,1.0583153347732182
2007-05-09,4.88,4.67,1.044967880085653
2007-05-10,4.87,4.65,1.0473118279569893
2007-05-11,4.87,4.67,1.0428265524625269
2007-05-14,4.85,4.69,1.0341151385927503
2007-05-15,4.83,4.71,1.0254777070063694
2007-05-16,4.75,4.71,1.0084925690021231
2007-05-17,4.81,4.76,1.0105042016806722
2007-05-18,4.84,4.81,1.0062370062370063
2007-05-21,4.88,4.79,1.0187891440501045
2007-05-22,4.93,4.83,1.020703933747412
2007-05-23,4.91,4.86,1.0102880658436213
2007-05-24,4.91,4.86,1.0102880658436213
2007-05-25,4.88,4.86,1.0041152263374484
2007-05-28,,,
2007-05-29,4.9,4.88,1.0040983606557379
2007-05-30,4.85,4.88,0.9938524590163934
2007-05-31,4.73,4.9,0.9653061224489796
2007-06-01,4.79,4.95,0.9676767676767677
2007-06-04,4.81,4.93,0.9756592292089249
2007-06-05,4.83,4.98,0.9698795180722891
2007-06-06,4.8,4.97,0.96579476861167
2007-06-07,4.8,5.11,0.9393346379647749
2007-06-08,4.77,5.12,0.9316406249999999
2007-06-11,4.73,5.14,0.9202334630350196
2007-06-12,4.72,5.26,0.8973384030418251
2007-06-13,4.66,5.2,0.8961538461538462
2007-06-14,4.65,5.23,0.8891013384321224
2007-06-15,4.56,5.16,0.883720930232558
2007-06-18,4.63,5.15,0.8990291262135921
2007-06-19,4.65,5.09,0.9135559921414539
2007-06-20,4.74,5.14,0.9221789883268483
2007-06-21,4.7,5.16,0.9108527131782946
2007-06-22,4.73,5.14,0.9202334630350196
2007-06-25,4.82,5.09,0.9469548133595286
2007-06-26,4.82,5.1,0.9450980392156864
2007-06-27,4.77,5.09,0.93713163064833
2007-06-28,4.78,5.12,0.93359375
2007-06-29,4.82,5.03,0.9582504970178927
2007-07-02,4.95,5.0,0.99
2007-07-03,4.95,5.05,0.9801980198019803
2007-07-04,,,
2007-07-05,4.95,5.16,0.9593023255813954
2007-07-06,4.95,5.19,0.9537572254335259
2007-07-09,4.97,5.16,0.9631782945736433
2007-07-10,4.95,5.03,0.9840954274353877
2007-07-11,4.95,5.09,0.9724950884086445
2007-07-12,4.97,5.13,0.9688109161793372
2007-07-13,4.97,5.11,0.9726027397260273
2007-07-16,4.98,5.05,0.9861386138613862
2007-07-17,4.96,5.08,0.9763779527559054
2007-07-18,4.96,5.02,0.9880478087649404
2007-07-19,4.98,5.04,0.9880952380952381
2007-07-20,4.97,4.96,1.002016129032258
2007-07-23,5.02,4.97,1.0100603621730382
2007-07-24,5.02,4.94,1.0161943319838056
2007-07-25,4.99,4.92,1.014227642276423
2007-07-26,4.92,4.79,1.0271398747390397
2007-07-27,4.85,4.8,1.0104166666666667
2007-07-30,4.96,4.82,1.0290456431535269
2007-07-31,4.96,4.78,1.0376569037656904
2007-08-01,4.89,4.76,1.0273109243697478
2007-08-02,4.89,4.77,1.0251572327044025
2007-08-03,4.85,4.71,1.029723991507431
2007-08-06,4.88,4.72,1.033898305084746
2007-08-07,4.94,4.77,1.0356394129979036
2007-08-08,4.95,4.84,1.0227272727272727
2007-08-09,4.81,4.79,1.0041753653444676
2007-08-10,4.57,4.81,0.9501039501039502
2007-08-13,4.74,4.78,0.9916317991631799
2007-08-14,4.64,4.73,0.9809725158562367
2007-08-15,4.21,4.69,0.8976545842217483
2007-08-16,3.79,4.6,0.8239130434782609
2007-08-17,3.76,4.68,0.8034188034188035
2007-08-20,3.12,4.64,0.6724137931034484
2007-08-21,3.59,4.6,0.7804347826086957
2007-08-22,3.67,4.63,0.7926565874730022
2007-08-23,3.89,4.62,0.841991341991342
2007-08-24,4.24,4.63,0.9157667386609072
2007-08-27,4.63,4.6,1.0065217391304349
2007-08-28,4.4,4.53,0.9713024282560707
2007-08-29,3.98,4.57,0.8708971553610503
2007-08-30,3.84,4.51,0.8514412416851441
2007-08-31,4.01,4.54,0.8832599118942731
2007-09-03,,,
2007-09-04,4.47,4.56,0.9802631578947368
2007-09-05,4.36,4.48,0.9732142857142857
2007-09-06,4.29,4.51,0.951219512195122
2007-09-07,4.07,4.38,0.9292237442922375
2007-09-10,3.96,4.34,0.9124423963133641
2007-09-11,4.11,4.37,0.9405034324942793
2007-09-12,4.03,4.41,0.9138321995464853
2007-09-13,4.08,4.49,0.9086859688195991
2007-09-14,4.01,4.47,0.8970917225950783
2007-09-17,4.15,4.48,0.9263392857142857
2007-09-18,4.01,4.5,0.8911111111111111
2007-09-19,3.93,4.53,0.8675496688741722
2007-09-20,3.79,4.69,0.8081023454157782
2007-09-21,3.74,4.64,0.8060344827586208
2007-09-24,3.84,4.63,0.8293736501079914
2007-09-25,3.79,4.63,0.8185745140388769
2007-09-26,3.73,4.63,0.8056155507559395
2007-09-27,3.71,4.58,0.8100436681222707
2007-09-28,3.82,4.59,0.8322440087145969
2007-10-01,3.92,4.56,0.8596491228070176
2007-10-02,3.96,4.54,0.8722466960352423
2007-10-03,3.96,4.55,0.8703296703296703
2007-10-04,3.96,4.54,0.8722466960352423
2007-10-05,4.0,4.65,0.8602150537634408
2007-10-08,,,
2007-10-09,4.06,4.67,0.8693790149892933
2007-10-10,4.06,4.65,0.8731182795698923
2007-10-11,4.12,4.66,0.8841201716738197
2007-10-12,4.2,4.7,0.8936170212765957
2007-10-15,4.3,4.69,0.9168443496801705
2007-10-16,4.25,4.66,0.9120171673819742
2007-10-17,4.01,4.57,0.8774617067833697
2007-10-18,3.76,4.52,0.8318584070796461
2007-10-19,3.86,4.41,0.8752834467120181
2007-10-22,4.0,4.42,0.9049773755656109
2007-10-23,3.98,4.41,0.9024943310657596
2007-10-24,3.85,4.36,0.8830275229357798
2007-10-25,3.94,4.37,0.9016018306636155
2007-10-26,3.96,4.41,0.8979591836734694
2007-10-29,4.01,4.39,0.9134396355353075
2007-10-30,3.96,4.4,0.8999999999999999
2007-10-31,3.94,4.48,0.8794642857142856
2007-11-01,3.81,4.36,0.8738532110091742
2007-11-02,3.61,4.31,0.8375870069605569
2007-11-05,3.71,4.35,0.8528735632183909
2007-11-06,3.76,4.38,0.8584474885844748
2007-11-07,3.49,4.34,0.8041474654377881
2007-11-08,3.38,4.28,0.7897196261682242
2007-11-09,3.27,4.23,0.7730496453900708
2007-11-12,,,
2007-11-13,3.5,4.26,0.8215962441314555
2007-11-14,3.41,4.28,0.7967289719626168
2007-11-15,3.3,4.17,0.7913669064748201
2007-11-16,3.4,4.15,0.8192771084337348
2007-11-19,3.4,4.07,0.8353808353808353
2007-11-20,3.25,4.06,0.8004926108374385
2007-11-21,3.09,4.0,0.7725
2007-11-22,,,
2007-11-23,3.23,4.01,0.8054862842892768
2007-11-26,3.13,3.83,0.8172323759791122
2007-11-27,3.16,3.95,0.8
2007-11-28,3.05,4.03,0.7568238213399503
2007-11-29,2.99,3.94,0.7588832487309646
2007-11-30,3.15,3.97,0.7934508816120907
2007-12-03,3.06,3.89,0.7866323907455013
2007-12-04,3.07,3.89,0.7892030848329048
2007-12-05,3.07,3.92,0.7831632653061225
2007-12-06,3.09,4.02,0.7686567164179104
2007-12-07,3.12,4.12,0.7572815533980582
2007-12-10,3.05,4.15,0.7349397590361445
2007-12-11,2.94,3.98,0.7386934673366834
2007-12-12,2.88,4.05,0.7111111111111111
2007-12-13,2.87,4.18,0.6866028708133972
2007-12-14,2.88,4.24,0.6792452830188679
2007-12-17,3.07,4.2,0.7309523809523809
2007-12-18,3.04,4.14,0.7342995169082126
2007-12-19,2.91,4.06,0.7167487684729065
2007-12-20,2.92,4.04,0.7227722772277227
2007-12-21,3.0,4.18,0.7177033492822967
2007-12-24,3.33,4.23,0.7872340425531914
2007-12-25,,,
2007-12-26,3.32,4.3,0.772093023255814
2007-12-27,3.17,4.21,0.7529691211401425
2007-12-28,3.18,4.11,0.7737226277372262
2007-12-31,3.36,4.04,0.8316831683168316
2008-01-01,,,
2008-01-02,3.26,3.91,0.8337595907928388
2008-01-03,3.24,3.91,0.8286445012787724
2008-01-04,3.2,3.88,0.8247422680412372
2008-01-07,3.27,3.86,0.8471502590673575
2008-01-08,3.25,3.86,0.8419689119170984
2008-01-09,3.22,3.82,0.8429319371727749
2008-01-10,3.24,3.91,0.8286445012787724
2008-01-11,3.09,3.82,0.8089005235602095
2008-01-14,3.19,3.81,0.837270341207349
2008-01-15,3.17,3.72,0.8521505376344085
2008-01-16,3.14,3.74,0.839572192513369
2008-01-17,3.07,3.66,0.8387978142076502
2008-01-18,2.86,3.66,0.7814207650273224
2008-01-21,,,
2008-01-22,2.35,3.52,0.6676136363636364
2008-01-23,2.21,3.51,0.6296296296296297
2008-01-24,2.37,3.68,0.6440217391304348
2008-01-25,2.3,3.61,0.6371191135734072
2008-01-28,2.34,3.61,0.6481994459833795
2008-01-29,2.28,3.69,0.6178861788617885
2008-01-30,2.21,3.78,0.5846560846560847
2008-01-31,1.96,3.67,0.5340599455040872
2008-02-01,2.1,3.62,0.580110497237569
2008-02-04,2.27,3.68,0.6168478260869565
2008-02-05,2.19,3.61,0.6066481994459834
2008-02-06,2.1,3.61,0.5817174515235457
2008-02-07,2.17,3.74,0.5802139037433155
2008-02-08,2.23,3.64,0.6126373626373626
2008-02-11,2.31,3.62,0.638121546961326
2008-02-12,2.31,3.66,0.6311475409836066
2008-02-13,2.28,3.7,0.6162162162162161
2008-02-14,2.31,3.85,0.6
2008-02-15,2.21,3.76,0.5877659574468085
2008-02-18,,,
2008-02-19,2.28,3.89,0.5861182519280205
2008-02-20,2.25,3.93,0.5725190839694656
2008-02-21,2.2,3.77,0.583554376657825
2008-02-22,2.2,3.79,0.5804749340369394
2008-02-25,2.2,3.91,0.5626598465473146
2008-02-26,2.14,3.88,0.5515463917525774
2008-02-27,1.98,3.85,0.5142857142857142
2008-02-28,1.9,3.71,0.5121293800539083
2008-02-29,1.85,3.53,0.5240793201133145
2008-03-03,1.7,3.54,0.48022598870056493
2008-03-04,1.66,3.63,0.4573002754820937
2008-03-05,1.53,3.7,0.4135135135135135
2008-03-06,1.39,3.62,0.38397790055248615
2008-03-07,1.45,3.56,0.40730337078651685
2008-03-10,1.35,3.46,0.39017341040462433
2008-03-11,1.48,3.6,0.4111111111111111
2008-03-12,1.48,3.49,0.42406876790830944
2008-03-13,1.35,3.56,0.37921348314606745
2008-03-14,1.18,3.44,0.3430232558139535
2008-03-17,1.11,3.34,0.33233532934131743
2008-03-18,0.92,3.48,0.26436781609195403
2008-03-19,0.61,3.38,0.1804733727810651
2008-03-20,0.63,3.34,0.18862275449101798
2008-03-21,,,
2008-03-24,1.24,3.56,0.34831460674157305
2008-03-25,1.29,3.51,0.36752136752136755
2008-03-26,1.29,3.51,0.36752136752136755
2008-03-27,1.3,3.56,0.3651685393258427
2008-03-28,1.33,3.47,0.38328530259365995
2008-03-31,1.38,3.45,0.39999999999999997
2008-04-01,1.4,3.57,0.39215686274509803
2008-04-02,1.41,3.6,0.3916666666666666
2008-04-03,1.4,3.61,0.3878116343490305
2008-04-04,1.35,3.5,0.38571428571428573
2008-04-07,1.45,3.57,0.4061624649859944
2008-04-08,1.41,3.58,0.3938547486033519
2008-04-09,1.31,3.49,0.3753581661891117
2008-04-10,1.27,3.55,0.35774647887323946
2008-04-11,1.19,3.49,0.34097421203438394
2008-04-14,1.08,3.53,0.3059490084985836
2008-04-15,1.1,3.6,0.3055555555555556
2008-04-16,1.12,3.72,0.3010752688172043
2008-04-17,1.23,3.75,0.328
2008-04-18,1.35,3.77,0.3580901856763926
2008-04-21,1.34,3.75,0.35733333333333334
2008-04-22,1.27,3.74,0.33957219251336895
2008-04-23,1.26,3.77,0.33421750663129973
2008-04-24,1.26,3.87,0.3255813953488372
2008-04-25,1.34,3.91,0.34271099744245526
2008-04-28,1.43,3.86,0.3704663212435233
2008-04-29,1.46,3.85,0.3792207792207792
2008-04-30,1.43,3.77,0.3793103448275862
2008-05-01,1.45,3.78,0.3835978835978836
2008-05-02,1.5,3.89,0.3856041131105398
2008-05-05,1.53,3.88,0.39432989690721654
2008-05-06,1.63,3.93,0.4147582697201017
2008-05-07,1.67,3.87,0.43152454780361754
2008-05-08,1.66,3.79,0.4379947229551451
2008-05-09,1.69,3.77,0.4482758620689655
2008-05-12,1.77,3.78,0.46825396825396826
2008-05-13,1.83,3.9,0.4692307692307693
2008-05-14,1.82,3.92,0.4642857142857143
2008-05-15,1.83,3.83,0.47780678851174935
2008-05-16,1.84,3.85,0.4779220779220779
2008-05-19,1.82,3.83,0.4751958224543081
2008-05-20,1.86,3.78,0.4920634920634921
2008-05-21,1.86,3.81,0.4881889763779528
2008-05-22,1.86,3.92,0.4744897959183674
2008-05-23,1.86,3.85,0.4831168831168831
2008-05-26,,,
2008-05-27,1.89,3.93,0.4809160305343511
2008-05-28,1.89,4.03,0.4689826302729528
2008-05-29,1.9,4.08,0.4656862745098039
2008-05-30,1.89,4.06,0.4655172413793104
2008-06-02,1.85,3.98,0.4648241206030151
2008-06-03,1.85,3.92,0.47193877551020413
2008-06-04,1.84,3.98,0.4623115577889447
2008-06-05,1.85,4.06,0.4556650246305419
2008-06-06,1.85,3.94,0.46954314720812185
2008-06-09,1.89,4.02,0.4701492537313433
2008-06-10,2.02,4.11,0.4914841849148418
2008-06-11,1.96,4.1,0.4780487804878049
2008-06-12,2.0,4.23,0.47281323877068554
2008-06-13,1.99,4.27,0.46604215456674475
2008-06-16,2.07,4.25,0.4870588235294117
2008-06-17,1.99,4.23,0.4704491725768321
2008-06-18,1.93,4.16,0.46394230769230765
2008-06-19,1.91,4.22,0.45260663507109006
2008-06-20,1.87,4.16,0.4495192307692308
2008-06-23,1.87,4.19,0.44630071599045346
2008-06-24,1.83,4.1,0.4463414634146342
2008-06-25,1.81,4.12,0.4393203883495146
2008-06-26,1.74,4.07,0.4275184275184275
2008-06-27,1.68,3.99,0.42105263157894735
2008-06-30,1.9,3.99,0.47619047619047616
2008-07-01,1.87,4.01,0.4663341645885287
2008-07-02,1.82,3.99,0.45614035087719296
2008-07-03,1.84,3.99,0.46115288220551376
2008-07-04,,,
2008-07-07,1.87,3.95,0.47341772151898737
2008-07-08,1.86,3.91,0.47570332480818417
2008-07-09,1.82,3.85,0.4727272727272727
2008-07-10,1.67,3.83,0.43603133159268925
2008-07-11,1.62,3.96,0.4090909090909091
2008-07-14,1.52,3.9,0.38974358974358975
2008-07-15,1.39,3.87,0.35917312661498707
2008-07-16,1.37,3.97,0.34508816120906805
2008-07-17,1.43,4.07,0.3513513513513513
2008-07-18,1.48,4.11,0.3600973236009732
2008-07-21,1.48,4.09,0.36185819070904646
2008-07-22,1.55,4.14,0.37439613526570054
2008-07-23,1.59,4.16,0.3822115384615385
2008-07-24,1.65,4.03,0.4094292803970223
2008-07-25,1.75,4.13,0.42372881355932207
2008-07-28,1.73,4.06,0.4261083743842365
2008-07-29,1.72,4.09,0.42053789731051344
2008-07-30,1.7,4.07,0.41769041769041765
2008-07-31,1.68,3.99,0.42105263157894735
2008-08-01,1.66,3.97,0.41813602015113344
2008-08-04,1.75,3.98,0.4396984924623116
2008-08-05,1.75,4.04,0.43316831683168316
2008-08-06,1.64,4.06,0.4039408866995074
2008-08-07,1.66,3.92,0.423469387755102
2008-08-08,1.7,3.94,0.43147208121827413
2008-08-11,1.87,3.99,0.46867167919799496
2008-08-12,1.86,3.91,0.47570332480818417
2008-08-13,1.85,3.94,0.46954314720812185
2008-08-14,1.89,3.89,0.4858611825192802
2008-08-15,1.85,3.84,0.48177083333333337
2008-08-18,1.82,3.82,0.4764397905759163
2008-08-19,1.8,3.83,0.4699738903394256
2008-08-20,1.71,3.79,0.45118733509234826
2008-08-21,1.72,3.84,0.4479166666666667
2008-08-22,1.7,3.87,0.4392764857881137
2008-08-25,1.74,3.79,0.45910290237467016
2008-08-26,1.71,3.79,0.45118733509234826
2008-08-27,1.67,3.77,0.4429708222811671
2008-08-28,1.74,3.79,0.45910290237467016
2008-08-29,1.72,3.83,0.44908616187989553
2008-09-01,,,
2008-09-02,1.72,3.74,0.4598930481283422
2008-09-03,1.7,3.71,0.4582210242587601
2008-09-04,1.69,3.64,0.46428571428571425
2008-09-05,1.68,3.66,0.4590163934426229
2008-09-08,1.71,3.66,0.4672131147540983
2008-09-09,1.66,3.62,0.45856353591160215
2008-09-10,1.65,3.65,0.4520547945205479
2008-09-11,1.61,3.64,0.44230769230769235
2008-09-12,1.49,3.74,0.3983957219251337
2008-09-15,1.02,3.47,0.29394812680115273
2008-09-16,0.84,3.48,0.24137931034482757
2008-09-17,0.03,3.41,0.00879765395894428
2008-09-18,0.23,3.54,0.06497175141242938
2008-09-19,0.99,3.78,0.2619047619047619
2008-09-22,1.28,3.83,0.3342036553524804
2008-09-23,0.8,3.85,0.2077922077922078
2008-09-24,0.49,3.8,0.12894736842105264
2008-09-25,0.76,3.88,0.1958762886597938
2008-09-26,0.87,3.85,0.22597402597402597
2008-09-29,0.94,3.61,0.26038781163434904
2008-09-30,0.92,3.85,0.23896103896103896
2008-10-01,0.85,3.77,0.22546419098143236
2008-10-02,0.63,3.66,0.1721311475409836
2008-10-03,0.51,3.63,0.14049586776859505
2008-10-06,0.54,3.48,0.15517241379310345
2008-10-07,0.82,3.5,0.23428571428571426
2008-10-08,0.68,3.72,0.1827956989247312
2008-10-09,0.6,3.84,0.15625
2008-10-10,0.25,3.89,0.06426735218508997
2008-10-13,,,
2008-10-14,0.34,4.08,0.08333333333333334
2008-10-15,0.22,4.04,0.054455445544554455
2008-10-16,0.46,3.99,0.11528822055137844
2008-10-17,0.83,3.98,0.20854271356783918
2008-10-20,1.24,3.91,0.3171355498721227
2008-10-21,1.1,3.76,0.29255319148936176
2008-10-22,1.05,3.65,0.28767123287671237
2008-10-23,0.98,3.63,0.2699724517906336
2008-10-24,0.89,3.76,0.2367021276595745
2008-10-27,0.84,3.79,0.22163588390501318
2008-10-28,0.77,3.89,0.1979434447300771
2008-10-29,0.62,3.93,0.15776081424936386
2008-10-30,0.41,4.0,0.1025
2008-10-31,0.46,4.01,0.114713216957606
2008-11-03,0.49,3.96,0.12373737373737374
2008-11-04,0.48,3.81,0.12598425196850394
2008-11-05,0.4,3.73,0.10723860589812333
2008-11-06,0.32,3.75,0.08533333333333333
2008-11-07,0.31,3.83,0.08093994778067885
2008-11-10,0.29,3.82,0.07591623036649214
2008-11-11,,,
2008-11-12,0.18,3.75,0.048
2008-11-13,0.22,3.84,0.05729166666666667
2008-11-14,0.15,3.72,0.04032258064516129
2008-11-17,0.12,3.68,0.03260869565217391
2008-11-18,0.12,3.53,0.0339943342776204
2008-11-19,0.07,3.38,0.020710059171597635
2008-11-20,0.03,3.1,0.009677419354838708
2008-11-21,0.02,3.2,0.0062499999999999995
2008-11-24,0.13,3.35,0.03880597014925373
2008-11-25,0.1,3.11,0.03215434083601287
2008-11-26,0.05,2.99,0.016722408026755852
2008-11-27,,,
2008-11-28,0.01,2.93,0.0034129692832764505
2008-12-01,0.07,2.72,0.02573529411764706
2008-12-02,0.06,2.68,0.022388059701492536
2008-12-03,0.02,2.67,0.00749063670411985
2008-12-04,0.02,2.55,0.00784313725490196
2008-12-05,0.02,2.67,0.00749063670411985
2008-12-08,0.03,2.77,0.010830324909747292
2008-12-09,0.03,2.67,0.011235955056179775
2008-12-10,0.0,2.69,0.0
2008-12-11,0.01,2.64,0.003787878787878788
2008-12-12,0.02,2.6,0.007692307692307692
2008-12-15,0.03,2.53,0.011857707509881424
2008-12-16,0.04,2.37,0.016877637130801686
2008-12-17,0.05,2.2,0.022727272727272728
2008-12-18,0.0,2.08,0.0
2008-12-19,0.02,2.13,0.009389671361502348
2008-12-22,0.01,2.16,0.004629629629629629
2008-12-23,0.02,2.18,0.009174311926605503
2008-12-24,0.0,2.2,0.0
2008-12-25,,,
2008-12-26,0.03,2.16,0.013888888888888888
2008-12-29,0.06,2.13,0.028169014084507043
2008-12-30,0.1,2.11,0.047393364928909956
2008-12-31,0.11,2.25,0.04888888888888889
2009-01-01,,,
2009-01-02,0.08,2.46,0.032520325203252036
2009-01-05,0.14,2.49,0.05622489959839357
2009-01-06,0.14,2.51,0.0557768924302789
2009-01-07,0.11,2.52,0.04365079365079365
2009-01-08,0.09,2.47,0.03643724696356275
2009-01-09,0.07,2.43,0.02880658436213992
2009-01-12,0.12,2.34,0.05128205128205128
2009-01-13,0.11,2.33,0.047210300429184546
2009-01-14,0.12,2.24,0.05357142857142856
2009-01-15,0.11,2.23,0.04932735426008969
2009-01-16,0.12,2.36,0.05084745762711865
2009-01-19,,,
2009-01-20,0.13,2.4,0.05416666666666667
2009-01-21,0.11,2.56,0.04296875
2009-01-22,0.1,2.62,0.03816793893129771
2009-01-23,0.11,2.65,0.041509433962264156
2009-01-26,0.14,2.7,0.05185185185185185
2009-01-27,0.13,2.59,0.0501930501930502
2009-01-28,0.19,2.71,0.07011070110701108
2009-01-29,0.23,2.87,0.08013937282229965
2009-01-30,0.24,2.87,0.08362369337979093
2009-02-02,0.27,2.76,0.09782608695652176
2009-02-03,0.32,2.89,0.11072664359861592
2009-02-04,0.3,2.95,0.10169491525423728
2009-02-05,0.29,2.95,0.0983050847457627
2009-02-06,0.28,3.05,0.0918032786885246
2009-02-09,0.32,3.07,0.10423452768729642
2009-02-10,0.31,2.9,0.10689655172413794
2009-02-11,0.3,2.78,0.10791366906474821
2009-02-12,0.29,2.75,0.10545454545454545
2009-02-13,0.29,2.89,0.10034602076124566
2009-02-16,,,
2009-02-17,0.32,2.64,0.12121212121212122
2009-02-18,0.31,2.74,0.11313868613138685
2009-02-19,0.3,2.85,0.10526315789473684
2009-02-20,0.27,2.78,0.09712230215827339
2009-02-23,0.29,2.78,0.10431654676258993
2009-02-24,0.32,2.8,0.1142857142857143
2009-02-25,0.3,2.95,0.10169491525423728
2009-02-26,0.27,2.98,0.09060402684563759
2009-02-27,0.26,3.02,0.08609271523178808
2009-03-02,0.28,2.91,0.09621993127147767
2009-03-03,0.27,2.93,0.09215017064846416
2009-03-04,0.26,3.01,0.08637873754152825
2009-03-05,0.2,2.83,0.0706713780918728
2009-03-06,0.21,2.83,0.07420494699646643
2009-03-09,0.23,2.89,0.07958477508650519
2009-03-10,0.24,2.99,0.08026755852842808
2009-03-11,0.23,2.95,0.07796610169491525
2009-03-12,0.22,2.89,0.07612456747404844
2009-03-13,0.2,2.89,0.06920415224913495
2009-03-16,0.24,2.97,0.0808080808080808
2009-03-17,0.24,3.02,0.07947019867549669
2009-03-18,0.21,2.51,0.08366533864541834
2009-03-19,0.2,2.61,0.07662835249042146
2009-03-20,0.22,2.65,0.08301886792452831
2009-03-23,0.22,2.68,0.08208955223880597
2009-03-24,0.21,2.68,0.07835820895522387
2009-03-25,0.19,2.81,0.06761565836298933
2009-03-26,0.15,2.76,0.05434782608695653
2009-03-27,0.14,2.78,0.05035971223021583
2009-03-30,0.18,2.73,0.06593406593406594
2009-03-31,0.21,2.71,0.07749077490774907
2009-04-01,0.22,2.68,0.08208955223880597
2009-04-02,0.22,2.77,0.07942238267148015
2009-04-03,0.21,2.91,0.07216494845360824
2009-04-06,0.2,2.95,0.06779661016949153
2009-04-07,0.2,2.93,0.06825938566552901
2009-04-08,0.18,2.86,0.06293706293706294
2009-04-09,0.18,2.96,0.06081081081081081
2009-04-10,,,
2009-04-13,0.18,2.88,0.0625
2009-04-14,0.17,2.8,0.06071428571428572
2009-04-15,0.15,2.82,0.05319148936170213
2009-04-16,0.13,2.86,0.045454545454545456
2009-04-17,0.14,2.98,0.04697986577181208
2009-04-20,0.14,2.88,0.04861111111111112
2009-04-21,0.15,2.94,0.05102040816326531
2009-04-22,0.14,2.98,0.04697986577181208
2009-04-23,0.1,2.96,0.033783783783783786
2009-04-24,0.1,3.03,0.03300330033003301
2009-04-27,0.13,2.95,0.04406779661016949
2009-04-28,0.13,3.05,0.042622950819672135
2009-04-29,0.11,3.12,0.035256410256410256
2009-04-30,0.14,3.16,0.04430379746835443
2009-05-01,0.16,3.21,0.04984423676012461
2009-05-04,0.19,3.19,0.05956112852664577
2009-05-05,0.19,3.2,0.059375
2009-05-06,0.19,3.18,0.059748427672955975
2009-05-07,0.18,3.29,0.0547112462006079
2009-05-08,0.19,3.29,0.057750759878419454
2009-05-11,0.19,3.17,0.05993690851735016
2009-05-12,0.19,3.17,0.05993690851735016
2009-05-13,0.17,3.11,0.054662379421221874
2009-05-14,0.16,3.1,0.05161290322580645
2009-05-15,0.17,3.14,0.054140127388535034
2009-05-18,0.19,3.22,0.059006211180124224
2009-05-19,0.18,3.25,0.05538461538461538
2009-05-20,0.18,3.19,0.05642633228840125
2009-05-21,0.19,3.35,0.05671641791044776
2009-05-22,0.18,3.45,0.05217391304347826
2009-05-25,,,
2009-05-26,0.18,3.5,0.05142857142857143
2009-05-27,0.17,3.71,0.04582210242587601
2009-05-28,0.15,3.67,0.04087193460490463
2009-05-29,0.14,3.47,0.040345821325648415
2009-06-01,0.13,3.71,0.03504043126684636
2009-06-02,0.14,3.65,0.038356164383561646
2009-06-03,0.14,3.56,0.03932584269662922
2009-06-04,0.14,3.72,0.03763440860215054
2009-06-05,0.2,3.84,0.052083333333333336
2009-06-08,0.19,3.91,0.04859335038363171
2009-06-09,0.19,3.86,0.04922279792746114
2009-06-10,0.18,3.98,0.04522613065326633
2009-06-11,0.19,3.88,0.04896907216494845
2009-06-12,0.19,3.81,0.049868766404199474
2009-06-15,0.17,3.76,0.04521276595744681
2009-06-16,0.17,3.67,0.04632152588555859
2009-06-17,0.17,3.68,0.04619565217391305
2009-06-18,0.18,3.86,0.046632124352331605
2009-06-19,0.19,3.79,0.05013192612137203
2009-06-22,0.2,3.72,0.053763440860215055
2009-06-23,0.2,3.65,0.05479452054794521
2009-06-24,0.19,3.72,0.0510752688172043
2009-06-25,0.18,3.55,0.05070422535211268
2009-06-26,0.2,3.52,0.05681818181818182
2009-06-29,0.2,3.51,0.05698005698005699
2009-06-30,0.19,3.53,0.0538243626062323
2009-07-01,0.17,3.55,0.04788732394366198
2009-07-02,0.17,3.51,0.04843304843304844
2009-07-03,,,
2009-07-06,0.19,3.52,0.05397727272727273
2009-07-07,0.19,3.47,0.0547550432276657
2009-07-08,0.18,3.33,0.05405405405405405
2009-07-09,0.19,3.44,0.055232558139534885
2009-07-10,0.18,3.32,0.05421686746987952
2009-07-13,0.18,3.38,0.05325443786982249
2009-07-14,0.18,3.5,0.05142857142857143
2009-07-15,0.18,3.63,0.049586776859504134
2009-07-16,0.19,3.59,0.05292479108635098
2009-07-17,0.17,3.67,0.04632152588555859
2009-07-20,0.19,3.61,0.052631578947368425
2009-07-21,0.19,3.5,0.054285714285714284
2009-07-22,0.19,3.58,0.05307262569832402
2009-07-23,0.19,3.72,0.0510752688172043
2009-07-24,0.18,3.7,0.048648648648648644
2009-07-27,0.19,3.75,0.050666666666666665
2009-07-28,0.19,3.72,0.0510752688172043
2009-07-29,0.19,3.69,0.051490514905149054
2009-07-30,0.18,3.67,0.04904632152588556
2009-07-31,0.18,3.52,0.05113636363636363
2009-08-03,0.19,3.66,0.051912568306010924
2009-08-04,0.18,3.7,0.048648648648648644
2009-08-05,0.18,3.8,0.04736842105263158
2009-08-06,0.17,3.79,0.044854881266490766
2009-08-07,0.19,3.89,0.04884318766066838
2009-08-10,0.19,3.8,0.05
2009-08-11,0.18,3.71,0.04851752021563342
2009-08-12,0.17,3.72,0.0456989247311828
2009-08-13,0.17,3.59,0.04735376044568246
2009-08-14,0.18,3.55,0.05070422535211268
2009-08-17,0.18,3.48,0.05172413793103448
2009-08-18,0.18,3.51,0.05128205128205128
2009-08-19,0.17,3.45,0.04927536231884058
2009-08-20,0.17,3.42,0.04970760233918129
2009-08-21,0.17,3.56,0.04775280898876405
2009-08-24,0.17,3.48,0.04885057471264368
2009-08-25,0.17,3.45,0.04927536231884058
2009-08-26,0.15,3.44,0.0436046511627907
2009-08-27,0.15,3.47,0.04322766570605187
2009-08-28,0.15,3.46,0.04335260115606936
2009-08-31,0.15,3.4,0.04411764705882353
2009-09-01,0.14,3.38,0.04142011834319527
2009-09-02,0.14,3.29,0.04255319148936171
2009-09-03,0.15,3.33,0.04504504504504504
2009-09-04,0.14,3.45,0.04057971014492754
2009-09-07,,,
2009-09-08,0.14,3.47,0.040345821325648415
2009-09-09,0.14,3.48,0.04022988505747127
2009-09-10,0.14,3.36,0.04166666666666667
2009-09-11,0.14,3.34,0.04191616766467066
2009-09-14,0.14,3.42,0.04093567251461989
2009-09-15,0.13,3.47,0.037463976945244955
2009-09-16,0.1,3.48,0.02873563218390805
2009-09-17,0.1,3.42,0.029239766081871347
2009-09-18,0.08,3.49,0.022922636103151862
2009-09-21,0.11,3.49,0.03151862464183381
2009-09-22,0.11,3.46,0.031791907514450865
2009-09-23,0.11,3.44,0.03197674418604651
2009-09-24,0.1,3.4,0.029411764705882356
2009-09-25,0.1,3.34,0.029940119760479045
2009-09-28,0.11,3.31,0.03323262839879154
2009-09-29,0.13,3.31,0.03927492447129909
2009-09-30,0.14,3.31,0.04229607250755287
2009-10-01,0.1,3.21,0.031152647975077885
2009-10-02,0.1,3.24,0.030864197530864196
2009-10-05,0.08,3.24,0.024691358024691357
2009-10-06,0.08,3.27,0.024464831804281346
2009-10-07,0.09,3.21,0.028037383177570093
2009-10-08,0.06,3.27,0.018348623853211007
2009-10-09,0.07,3.4,0.02058823529411765
2009-10-12,,,
2009-10-13,0.07,3.34,0.02095808383233533
2009-10-14,0.07,3.45,0.02028985507246377
2009-10-15,0.07,3.49,0.02005730659025788
2009-10-16,0.07,3.43,0.020408163265306124
2009-10-19,0.08,3.41,0.02346041055718475
2009-10-20,0.08,3.35,0.023880597014925373
2009-10-21,0.07,3.42,0.020467836257309944
2009-10-22,0.06,3.44,0.01744186046511628
2009-10-23,0.07,3.51,0.019943019943019946
2009-10-26,0.08,3.59,0.022284122562674095
2009-10-27,0.08,3.49,0.022922636103151862
2009-10-28,0.07,3.44,0.020348837209302327
2009-10-29,0.06,3.53,0.0169971671388102
2009-10-30,0.05,3.41,0.01466275659824047
2009-11-02,0.06,3.45,0.017391304347826084
2009-11-03,0.06,3.5,0.017142857142857144
2009-11-04,0.05,3.57,0.014005602240896359
2009-11-05,0.04,3.57,0.011204481792717087
2009-11-06,0.06,3.54,0.01694915254237288
2009-11-09,0.07,3.52,0.01988636363636364
2009-11-10,0.07,3.5,0.02
2009-11-11,,,
2009-11-12,0.07,3.45,0.02028985507246377
2009-11-13,0.06,3.43,0.017492711370262388
2009-11-16,0.07,3.33,0.021021021021021023
2009-11-17,0.06,3.33,0.018018018018018018
2009-11-18,0.04,3.36,0.011904761904761906
2009-11-19,0.02,3.35,0.005970149253731343
2009-11-20,0.02,3.36,0.005952380952380953
2009-11-23,0.05,3.37,0.01483679525222552
2009-11-24,0.05,3.32,0.015060240963855423
2009-11-25,0.05,3.28,0.015243902439024392
2009-11-26,,,
2009-11-27,0.03,3.21,0.009345794392523364
2009-11-30,0.06,3.21,0.018691588785046728
2009-12-01,0.06,3.28,0.018292682926829267
2009-12-02,0.05,3.32,0.015060240963855423
2009-12-03,0.06,3.39,0.017699115044247787
2009-12-04,0.06,3.48,0.017241379310344827
2009-12-07,0.04,3.44,0.011627906976744186
2009-12-08,0.03,3.4,0.008823529411764706
2009-12-09,0.03,3.45,0.008695652173913042
2009-12-10,0.02,3.49,0.0057306590257879654
2009-12-11,0.03,3.55,0.008450704225352114
2009-12-14,0.04,3.56,0.011235955056179775
2009-12-15,0.05,3.6,0.01388888888888889
2009-12-16,0.04,3.61,0.0110803324099723
2009-12-17,0.04,3.5,0.011428571428571429
2009-12-18,0.05,3.55,0.014084507042253523
2009-12-21,0.08,3.69,0.02168021680216802
2009-12-22,0.08,3.76,0.021276595744680854
2009-12-23,0.07,3.77,0.018567639257294433
2009-12-24,0.05,3.82,0.013089005235602096
2009-12-25,,,
2009-12-28,0.11,3.85,0.02857142857142857
2009-12-29,0.1,3.82,0.026178010471204192
2009-12-30,0.05,3.8,0.013157894736842106
2009-12-31,0.06,3.85,0.015584415584415583
2010-01-01,,,
2010-01-04,0.08,3.85,0.02077922077922078
2010-01-05,0.07,3.77,0.018567639257294433
2010-01-06,0.06,3.85,0.015584415584415583
2010-01-07,0.05,3.85,0.012987012987012988
2010-01-08,0.05,3.83,0.013054830287206267
2010-01-11,0.04,3.85,0.01038961038961039
2010-01-12,0.05,3.74,0.013368983957219251
2010-01-13,0.06,3.8,0.015789473684210527
2010-01-14,0.05,3.76,0.013297872340425534
2010-01-15,0.06,3.7,0.016216216216216214
2010-01-18,,,
2010-01-19,0.06,3.73,0.0160857908847185
2010-01-20,0.05,3.68,0.01358695652173913
2010-01-21,0.06,3.62,0.016574585635359115
2010-01-22,0.06,3.62,0.016574585635359115
2010-01-25,0.06,3.66,0.016393442622950817
2010-01-26,0.07,3.65,0.019178082191780823
2010-01-27,0.08,3.66,0.02185792349726776
2010-01-28,0.08,3.68,0.021739130434782608
2010-01-29,0.08,3.63,0.02203856749311295
2010-02-01,0.1,3.68,0.02717391304347826
2010-02-02,0.1,3.67,0.027247956403269758
2010-02-03,0.1,3.73,0.02680965147453083
2010-02-04,0.09,3.62,0.024861878453038673
2010-02-05,0.1,3.59,0.02785515320334262
2010-02-08,0.12,3.62,0.03314917127071823
2010-02-09,0.12,3.67,0.0326975476839237
2010-02-10,0.11,3.72,0.029569892473118278
2010-02-11,0.11,3.73,0.029490616621983913
2010-02-12,0.1,3.69,0.02710027100271003
2010-02-15,,,
2010-02-16,0.1,3.66,0.0273224043715847
2010-02-17,0.1,3.74,0.026737967914438502
2010-02-18,0.1,3.79,0.026385224274406333
2010-02-19,0.11,3.78,0.029100529100529102
2010-02-22,0.11,3.8,0.02894736842105263
2010-02-23,0.12,3.69,0.03252032520325203
2010-02-24,0.12,3.7,0.03243243243243243
2010-02-25,0.13,3.64,0.03571428571428571
2010-02-26,0.13,3.61,0.036011080332409975
2010-03-01,0.13,3.61,0.036011080332409975
2010-03-02,0.14,3.62,0.038674033149171276
2010-03-03,0.14,3.63,0.038567493112947666
2010-03-04,0.14,3.61,0.03878116343490305
2010-03-05,0.15,3.69,0.04065040650406504
2010-03-08,0.16,3.72,0.04301075268817204
2010-03-09,0.16,3.71,0.0431266846361186
2010-03-10,0.15,3.73,0.040214477211796246
2010-03-11,0.16,3.73,0.04289544235924933
2010-03-12,0.15,3.71,0.04043126684636118
2010-03-15,0.17,3.71,0.04582210242587601
2010-03-16,0.16,3.66,0.04371584699453552
2010-03-17,0.15,3.65,0.0410958904109589
2010-03-18,0.16,3.68,0.043478260869565216
2010-03-19,0.16,3.7,0.04324324324324324
2010-03-22,0.15,3.67,0.04087193460490463
2010-03-23,0.14,3.69,0.03794037940379404
2010-03-24,0.14,3.84,0.036458333333333336
2010-03-25,0.14,3.91,0.03580562659846548
2010-03-26,0.14,3.86,0.036269430051813475
2010-03-29,0.15,3.88,0.03865979381443299
2010-03-30,0.16,3.88,0.041237113402061855
2010-03-31,0.16,3.84,0.04166666666666667
2010-04-01,0.16,3.89,0.04113110539845758
2010-04-02,0.16,3.96,0.04040404040404041
2010-04-05,0.18,4.01,0.04488778054862843
2010-04-06,0.17,3.98,0.042713567839195984
2010-04-07,0.17,3.89,0.043701799485861184
2010-04-08,0.17,3.91,0.043478260869565216
2010-04-09,0.16,3.9,0.041025641025641026
2010-04-12,0.16,3.87,0.041343669250646
2010-04-13,0.16,3.84,0.04166666666666667
2010-04-14,0.16,3.88,0.041237113402061855
2010-04-15,0.16,3.86,0.04145077720207254
2010-04-16,0.16,3.79,0.04221635883905013
2010-04-19,0.16,3.83,0.04177545691906005
2010-04-20,0.16,3.82,0.041884816753926704
2010-04-21,0.15,3.77,0.03978779840848806
2010-04-22,0.16,3.8,0.04210526315789474
2010-04-23,0.16,3.84,0.04166666666666667
2010-04-26,0.16,3.83,0.04177545691906005
2010-04-27,0.16,3.71,0.0431266846361186
2010-04-28,0.16,3.8,0.04210526315789474
2010-04-29,0.17,3.76,0.04521276595744681
2010-04-30,0.16,3.69,0.04336043360433604
2010-05-03,0.17,3.72,0.0456989247311828
2010-05-04,0.16,3.63,0.0440771349862259
2010-05-05,0.15,3.58,0.04189944134078212
2010-05-06,0.11,3.41,0.03225806451612903
2010-05-07,0.13,3.45,0.03768115942028986
2010-05-10,0.16,3.57,0.04481792717086835
2010-05-11,0.16,3.56,0.0449438202247191
2010-05-12,0.16,3.56,0.0449438202247191
2010-05-13,0.16,3.55,0.04507042253521127
2010-05-14,0.16,3.44,0.046511627906976744
2010-05-17,0.16,3.47,0.04610951008645533
2010-05-18,0.17,3.38,0.05029585798816569
2010-05-19,0.17,3.36,0.0505952380952381
2010-05-20,0.17,3.25,0.05230769230769231
2010-05-21,0.17,3.2,0.053125
2010-05-24,0.17,3.23,0.052631578947368425
2010-05-25,0.17,3.18,0.05345911949685535
2010-05-26,0.17,3.21,0.052959501557632405
2010-05-27,0.17,3.34,0.05089820359281438
2010-05-28,0.16,3.31,0.04833836858006042
2010-05-31,,,
2010-06-01,0.16,3.29,0.0486322188449848
2010-06-02,0.16,3.35,0.04776119402985075
2010-06-03,0.14,3.39,0.04129793510324484
2010-06-04,0.14,3.2,0.043750000000000004
2010-06-07,0.12,3.17,0.03785488958990536
2010-06-08,0.12,3.18,0.03773584905660377
2010-06-09,0.1,3.2,0.03125
2010-06-10,0.1,3.33,0.03003003003003003
2010-06-11,0.08,3.24,0.024691358024691357
2010-06-14,0.07,3.28,0.021341463414634148
2010-06-15,0.09,3.32,0.02710843373493976
2010-06-16,0.1,3.27,0.030581039755351685
2010-06-17,0.09,3.21,0.028037383177570093
2010-06-18,0.11,3.24,0.033950617283950615
2010-06-21,0.12,3.26,0.03680981595092025
2010-06-22,0.13,3.18,0.040880503144654086
2010-06-23,0.13,3.13,0.0415335463258786
2010-06-24,0.13,3.14,0.041401273885350316
2010-06-25,0.13,3.12,0.041666666666666664
2010-06-28,0.17,3.05,0.055737704918032795
2010-06-29,0.15,2.97,0.0505050505050505
2010-06-30,0.18,2.97,0.0606060606060606
2010-07-01,0.17,2.96,0.057432432432432436
2010-07-02,0.17,3.0,0.05666666666666667
2010-07-05,,,
2010-07-06,0.17,2.95,0.0576271186440678
2010-07-07,0.16,3.0,0.05333333333333334
2010-07-08,0.15,3.04,0.049342105263157895
2010-07-09,0.16,3.07,0.05211726384364821
2010-07-12,0.16,3.08,0.051948051948051945
2010-07-13,0.15,3.15,0.047619047619047616
2010-07-14,0.15,3.07,0.048859934853420196
2010-07-15,0.15,3.0,0.049999999999999996
2010-07-16,0.15,2.96,0.05067567567567567
2010-07-19,0.17,2.99,0.056856187290969896
2010-07-20,0.16,2.98,0.053691275167785234
2010-07-21,0.16,2.9,0.055172413793103454
2010-07-22,0.16,2.96,0.05405405405405406
2010-07-23,0.16,3.02,0.052980132450331126
2010-07-26,0.16,3.03,0.05280528052805281
2010-07-27,0.15,3.08,0.0487012987012987
2010-07-28,0.15,3.03,0.04950495049504951
2010-07-29,0.15,3.03,0.04950495049504951
2010-07-30,0.15,2.94,0.05102040816326531
2010-08-02,0.16,2.99,0.05351170568561873
2010-08-03,0.16,2.94,0.054421768707483
2010-08-04,0.16,2.98,0.053691275167785234
2010-08-05,0.15,2.94,0.05102040816326531
2010-08-06,0.15,2.86,0.05244755244755245
2010-08-09,0.15,2.86,0.05244755244755245
2010-08-10,0.15,2.79,0.05376344086021505
2010-08-11,0.15,2.72,0.0551470588235294
2010-08-12,0.16,2.74,0.058394160583941604
2010-08-13,0.15,2.68,0.05597014925373134
2010-08-16,0.16,2.58,0.06201550387596899
2010-08-17,0.17,2.64,0.06439393939393939
2010-08-18,0.16,2.64,0.06060606060606061
2010-08-19,0.16,2.58,0.06201550387596899
2010-08-20,0.15,2.62,0.05725190839694656
2010-08-23,0.16,2.6,0.061538461538461535
2010-08-24,0.16,2.5,0.064
2010-08-25,0.16,2.54,0.06299212598425197
2010-08-26,0.16,2.5,0.064
2010-08-27,0.15,2.66,0.05639097744360902
2010-08-30,0.14,2.54,0.05511811023622048
2010-08-31,0.14,2.47,0.05668016194331984
2010-09-01,0.13,2.58,0.050387596899224806
2010-09-02,0.14,2.63,0.0532319391634981
2010-09-03,0.14,2.72,0.05147058823529412
2010-09-06,,,
2010-09-07,0.14,2.61,0.05363984674329503
2010-09-08,0.14,2.66,0.052631578947368425
2010-09-09,0.14,2.77,0.05054151624548737
2010-09-10,0.14,2.81,0.04982206405693951
2010-09-13,0.15,2.74,0.05474452554744525
2010-09-14,0.15,2.68,0.05597014925373134
2010-09-15,0.15,2.74,0.05474452554744525
2010-09-16,0.16,2.77,0.05776173285198556
2010-09-17,0.16,2.75,0.05818181818181818
2010-09-20,0.17,2.72,0.0625
2010-09-21,0.17,2.61,0.06513409961685825
2010-09-22,0.16,2.56,0.0625
2010-09-23,0.16,2.56,0.0625
2010-09-24,0.15,2.62,0.05725190839694656
2010-09-27,0.16,2.54,0.06299212598425197
2010-09-28,0.16,2.48,0.06451612903225806
2010-09-29,0.16,2.52,0.06349206349206349
2010-09-30,0.16,2.53,0.0632411067193676
2010-10-01,0.16,2.54,0.06299212598425197
2010-10-04,0.13,2.5,0.052000000000000005
2010-10-05,0.12,2.5,0.048
2010-10-06,0.13,2.41,0.05394190871369294
2010-10-07,0.13,2.41,0.05394190871369294
2010-10-08,0.12,2.41,0.04979253112033195
2010-10-11,,,
2010-10-12,0.13,2.44,0.05327868852459017
2010-10-13,0.13,2.46,0.052845528455284556
2010-10-14,0.14,2.52,0.05555555555555556
2010-10-15,0.14,2.59,0.054054054054054064
2010-10-18,0.15,2.52,0.05952380952380952
2010-10-19,0.14,2.5,0.05600000000000001
2010-10-20,0.14,2.51,0.0557768924302789
2010-10-21,0.13,2.57,0.050583657587548646
2010-10-22,0.13,2.59,0.0501930501930502
2010-10-25,0.14,2.59,0.054054054054054064
2010-10-26,0.14,2.67,0.052434456928838954
2010-10-27,0.14,2.75,0.05090909090909091
2010-10-28,0.13,2.69,0.048327137546468404
2010-10-29,0.12,2.63,0.045627376425855515
2010-11-01,0.13,2.66,0.04887218045112782
2010-11-02,0.13,2.63,0.04942965779467681
2010-11-03,0.13,2.67,0.04868913857677903
2010-11-04,0.13,2.53,0.051383399209486175
2010-11-05,0.13,2.58,0.050387596899224806
2010-11-08,0.13,2.6,0.05
2010-11-09,0.13,2.72,0.04779411764705882
2010-11-10,0.13,2.65,0.04905660377358491
2010-11-11,,,
2010-11-12,0.13,2.76,0.04710144927536233
2010-11-15,0.14,2.92,0.04794520547945206
2010-11-16,0.15,2.85,0.05263157894736842
2010-11-17,0.14,2.89,0.04844290657439446
2010-11-18,0.15,2.9,0.05172413793103448
2010-11-19,0.14,2.88,0.04861111111111112
2010-11-22,0.15,2.8,0.053571428571428575
2010-11-23,0.15,2.77,0.05415162454873646
2010-11-24,0.16,2.93,0.05460750853242321
2010-11-25,,,
2010-11-26,0.16,2.87,0.05574912891986063
2010-11-29,0.18,2.84,0.06338028169014084
2010-11-30,0.17,2.81,0.0604982206405694
2010-12-01,0.16,2.97,0.05387205387205387
2010-12-02,0.16,3.01,0.053156146179402
2010-12-03,0.14,3.03,0.04620462046204621
2010-12-06,0.15,2.95,0.05084745762711864
2010-12-07,0.14,3.15,0.04444444444444445
2010-12-08,0.15,3.26,0.046012269938650305
2010-12-09,0.14,3.23,0.043343653250774
2010-12-10,0.13,3.32,0.0391566265060241
2010-12-13,0.15,3.29,0.04559270516717325
2010-12-14,0.15,3.49,0.04297994269340974
2010-12-15,0.14,3.53,0.0396600566572238
2010-12-16,0.13,3.47,0.037463976945244955
2010-12-17,0.11,3.33,0.03303303303303303
2010-12-20,0.14,3.36,0.04166666666666667
2010-12-21,0.14,3.35,0.041791044776119404
2010-12-22,0.14,3.36,0.04166666666666667
2010-12-23,0.14,3.41,0.04105571847507332
2010-12-24,,,
2010-12-27,0.17,3.36,0.0505952380952381
2010-12-28,0.15,3.5,0.04285714285714286
2010-12-29,0.13,3.35,0.03880597014925373
2010-12-30,0.12,3.38,0.03550295857988166
2010-12-31,0.12,3.3,0.03636363636363636
2011-01-03,0.15,3.36,0.044642857142857144
2011-01-04,0.14,3.36,0.04166666666666667
2011-01-05,0.14,3.5,0.04
2011-01-06,0.15,3.44,0.0436046511627907
2011-01-07,0.14,3.34,0.04191616766467066
2011-01-10,0.15,3.32,0.045180722891566265
2011-01-11,0.15,3.37,0.044510385756676554
2011-01-12,0.15,3.4,0.04411764705882353
2011-01-13,0.15,3.34,0.04491017964071856
2011-01-14,0.15,3.35,0.04477611940298507
2011-01-17,,,
2011-01-18,0.16,3.39,0.0471976401179941
2011-01-19,0.16,3.37,0.04747774480712166
2011-01-20,0.16,3.47,0.04610951008645533
2011-01-21,0.16,3.44,0.046511627906976744
2011-01-24,0.16,3.43,0.04664723032069971
2011-01-25,0.16,3.35,0.04776119402985075
2011-01-26,0.16,3.45,0.0463768115942029
2011-01-27,0.15,3.42,0.043859649122807015
2011-01-28,0.15,3.36,0.044642857142857144
2011-01-31,0.15,3.42,0.043859649122807015
2011-02-01,0.15,3.48,0.043103448275862065
2011-02-02,0.16,3.52,0.045454545454545456
2011-02-03,0.14,3.58,0.03910614525139665
2011-02-04,0.15,3.68,0.040760869565217385
2011-02-07,0.16,3.68,0.043478260869565216
2011-02-08,0.15,3.75,0.04
2011-02-09,0.14,3.65,0.038356164383561646
2011-02-10,0.12,3.7,0.03243243243243243
2011-02-11,0.12,3.64,0.03296703296703297
2011-02-14,0.13,3.62,0.03591160220994475
2011-02-15,0.13,3.61,0.036011080332409975
2011-02-16,0.12,3.62,0.03314917127071823
2011-02-17,0.09,3.58,0.02513966480446927
2011-02-18,0.1,3.59,0.02785515320334262
2011-02-21,,,
2011-02-22,0.12,3.46,0.03468208092485549
2011-02-23,0.12,3.49,0.03438395415472779
2011-02-24,0.13,3.46,0.03757225433526012
2011-02-25,0.13,3.42,0.03801169590643275
2011-02-28,0.15,3.42,0.043859649122807015
2011-03-01,0.14,3.41,0.04105571847507332
2011-03-02,0.13,3.46,0.03757225433526012
2011-03-03,0.13,3.58,0.036312849162011177
2011-03-04,0.12,3.49,0.03438395415472779
2011-03-07,0.11,3.51,0.03133903133903134
2011-03-08,0.11,3.56,0.03089887640449438
2011-03-09,0.1,3.48,0.02873563218390805
2011-03-10,0.08,3.37,0.02373887240356083
2011-03-11,0.08,3.4,0.023529411764705882
2011-03-14,0.09,3.36,0.026785714285714284
2011-03-15,0.1,3.33,0.03003003003003003
2011-03-16,0.1,3.22,0.031055900621118012
2011-03-17,0.08,3.25,0.024615384615384615
2011-03-18,0.07,3.28,0.021341463414634148
2011-03-21,0.1,3.34,0.029940119760479045
2011-03-22,0.1,3.34,0.029940119760479045
2011-03-23,0.09,3.36,0.026785714285714284
2011-03-24,0.09,3.42,0.02631578947368421
2011-03-25,0.09,3.46,0.02601156069364162
2011-03-28,0.11,3.47,0.03170028818443804
2011-03-29,0.1,3.5,0.028571428571428574
2011-03-30,0.1,3.47,0.02881844380403458
2011-03-31,0.09,3.47,0.02593659942363112
2011-04-01,0.07,3.46,0.020231213872832374
2011-04-04,0.06,3.45,0.017391304347826084
2011-04-05,0.07,3.5,0.02
2011-04-06,0.06,3.56,0.016853932584269662
2011-04-07,0.04,3.58,0.0111731843575419
2011-04-08,0.04,3.59,0.011142061281337047
2011-04-11,0.05,3.59,0.01392757660167131
2011-04-12,0.05,3.52,0.014204545454545456
2011-04-13,0.06,3.49,0.017191977077363894
2011-04-14,0.07,3.51,0.019943019943019946
2011-04-15,0.07,3.43,0.020408163265306124
2011-04-18,0.07,3.4,0.02058823529411765
2011-04-19,0.06,3.39,0.017699115044247787
2011-04-20,0.06,3.43,0.017492711370262388
2011-04-21,0.06,3.42,0.017543859649122806
2011-04-22,,,
2011-04-25,0.07,3.39,0.02064896755162242
2011-04-26,0.07,3.34,0.02095808383233533
2011-04-27,0.06,3.39,0.017699115044247787
2011-04-28,0.04,3.34,0.011976047904191617
2011-04-29,0.04,3.32,0.012048192771084338
2011-05-02,0.05,3.31,0.015105740181268883
2011-05-03,0.03,3.28,0.009146341463414634
2011-05-04,0.03,3.25,0.00923076923076923
2011-05-05,0.02,3.18,0.006289308176100628
2011-05-06,0.02,3.19,0.006269592476489029
2011-05-09,0.03,3.17,0.00946372239747634
2011-05-10,0.03,3.23,0.009287925696594427
2011-05-11,0.03,3.19,0.009404388714733543
2011-05-12,0.02,3.22,0.006211180124223602
2011-05-13,0.03,3.18,0.009433962264150943
2011-05-16,0.04,3.15,0.012698412698412698
2011-05-17,0.04,3.12,0.01282051282051282
2011-05-18,0.05,3.18,0.015723270440251572
2011-05-19,0.05,3.17,0.01577287066246057
2011-05-20,0.05,3.15,0.015873015873015876
2011-05-23,0.06,3.13,0.019169329073482427
2011-05-24,0.06,3.12,0.01923076923076923
2011-05-25,0.06,3.13,0.019169329073482427
2011-05-26,0.05,3.07,0.016286644951140065
2011-05-27,0.05,3.07,0.016286644951140065
2011-05-30,,,
2011-05-31,0.06,3.05,0.019672131147540985
2011-06-01,0.05,2.96,0.016891891891891893
2011-06-02,0.04,3.04,0.013157894736842105
2011-06-03,0.04,2.99,0.013377926421404682
2011-06-06,0.05,3.01,0.016611295681063124
2011-06-07,0.05,3.01,0.016611295681063124
2011-06-08,0.04,2.98,0.013422818791946308
2011-06-09,0.05,3.01,0.016611295681063124
2011-06-10,0.05,2.99,0.016722408026755852
2011-06-13,0.05,3.0,0.016666666666666666
2011-06-14,0.05,3.11,0.016077170418006433
2011-06-15,0.05,2.98,0.016778523489932886
2011-06-16,0.05,2.93,0.017064846416382253
2011-06-17,0.04,2.94,0.01360544217687075
2011-06-20,0.03,2.97,0.0101010101010101
2011-06-21,0.03,2.99,0.01003344481605351
2011-06-22,0.02,3.01,0.00664451827242525
2011-06-23,0.01,2.93,0.0034129692832764505
2011-06-24,0.02,2.88,0.006944444444444445
2011-06-27,0.02,2.95,0.006779661016949152
2011-06-28,0.03,3.05,0.009836065573770493
2011-06-29,0.02,3.14,0.006369426751592356
2011-06-30,0.03,3.18,0.009433962264150943
2011-07-01,0.02,3.22,0.006211180124223602
2011-07-04,,,
2011-07-05,0.02,3.16,0.006329113924050633
2011-07-06,0.01,3.12,0.003205128205128205
2011-07-07,0.03,3.17,0.00946372239747634
2011-07-08,0.03,3.03,0.009900990099009901
2011-07-11,0.03,2.94,0.01020408163265306
2011-07-12,0.03,2.92,0.010273972602739725
2011-07-13,0.01,2.92,0.0034246575342465756
2011-07-14,0.01,2.98,0.003355704697986577
2011-07-15,0.02,2.94,0.006802721088435375
2011-07-18,0.02,2.94,0.006802721088435375
2011-07-19,0.03,2.91,0.010309278350515464
2011-07-20,0.02,2.96,0.006756756756756757
2011-07-21,0.05,3.03,0.016501650165016504
2011-07-22,0.05,2.99,0.016722408026755852
2011-07-25,0.05,3.03,0.016501650165016504
2011-07-26,0.07,2.99,0.023411371237458196
2011-07-27,0.08,3.01,0.026578073089701
2011-07-28,0.07,2.98,0.02348993288590604
2011-07-29,0.1,2.82,0.03546099290780142
2011-08-01,0.1,2.77,0.036101083032490974
2011-08-02,0.06,2.66,0.022556390977443608
2011-08-03,0.02,2.64,0.007575757575757576
2011-08-04,0.02,2.47,0.008097165991902834
2011-08-05,0.01,2.58,0.003875968992248062
2011-08-08,0.05,2.4,0.020833333333333336
2011-08-09,0.03,2.2,0.013636363636363634
2011-08-10,0.02,2.17,0.009216589861751152
2011-08-11,0.03,2.34,0.01282051282051282
2011-08-12,0.02,2.24,0.008928571428571428
2011-08-15,0.02,2.29,0.008733624454148471
2011-08-16,0.03,2.23,0.013452914798206277
2011-08-17,0.01,2.17,0.004608294930875576
2011-08-18,0.01,2.08,0.004807692307692308
2011-08-19,0.02,2.07,0.009661835748792272
2011-08-22,0.01,2.1,0.0047619047619047615
2011-08-23,0.01,2.15,0.004651162790697674
2011-08-24,0.02,2.29,0.008733624454148471
2011-08-25,0.01,2.23,0.004484304932735426
2011-08-26,0.01,2.19,0.004566210045662101
2011-08-29,0.02,2.28,0.008771929824561405
2011-08-30,0.01,2.19,0.004566210045662101
2011-08-31,0.02,2.23,0.008968609865470852
2011-09-01,0.02,2.15,0.009302325581395349
2011-09-02,0.02,2.02,0.009900990099009901
2011-09-05,,,
2011-09-06,0.02,1.98,0.010101010101010102
2011-09-07,0.02,2.05,0.009756097560975611
2011-09-08,0.02,2.0,0.01
2011-09-09,0.01,1.93,0.0051813471502590676
2011-09-12,0.01,1.94,0.005154639175257732
2011-09-13,0.01,2.0,0.005
2011-09-14,0.01,2.03,0.004926108374384237
2011-09-15,0.01,2.09,0.004784688995215312
2011-09-16,0.01,2.08,0.004807692307692308
2011-09-19,0.01,1.97,0.005076142131979696
2011-09-20,0.01,1.95,0.005128205128205128
2011-09-21,0.01,1.88,0.0053191489361702135
2011-09-22,0.0,1.72,0.0
2011-09-23,0.01,1.84,0.005434782608695652
2011-09-26,0.02,1.91,0.010471204188481676
2011-09-27,0.01,2.0,0.005
2011-09-28,0.02,2.03,0.009852216748768475
2011-09-29,0.02,1.99,0.010050251256281407
2011-09-30,0.02,1.92,0.010416666666666668
2011-10-03,0.02,1.8,0.011111111111111112
2011-10-04,0.01,1.81,0.0055248618784530384
2011-10-05,0.0,1.92,0.0
2011-10-06,0.01,2.01,0.0049751243781094535
2011-10-07,0.01,2.1,0.0047619047619047615
2011-10-10,,,
2011-10-11,0.02,2.18,0.009174311926605503
2011-10-12,0.02,2.24,0.008928571428571428
2011-10-13,0.02,2.19,0.009132420091324202
2011-10-14,0.02,2.26,0.008849557522123895
2011-10-17,0.04,2.18,0.018348623853211007
2011-10-18,0.04,2.19,0.018264840182648404
2011-10-19,0.03,2.18,0.013761467889908256
2011-10-20,0.03,2.2,0.013636363636363634
2011-10-21,0.02,2.23,0.008968609865470852
2011-10-24,0.02,2.25,0.008888888888888889
2011-10-25,0.01,2.14,0.004672897196261682
2011-10-26,0.02,2.23,0.008968609865470852
2011-10-27,0.02,2.42,0.008264462809917356
2011-10-28,0.01,2.34,0.004273504273504274
2011-10-31,0.01,2.17,0.004608294930875576
2011-11-01,0.01,2.01,0.0049751243781094535
2011-11-02,0.01,2.03,0.004926108374384237
2011-11-03,0.01,2.09,0.004784688995215312
2011-11-04,0.01,2.06,0.0048543689320388345
2011-11-07,0.01,2.04,0.004901960784313725
2011-11-08,0.01,2.1,0.0047619047619047615
2011-11-09,0.01,2.0,0.005
2011-11-10,0.01,2.04,0.004901960784313725
2011-11-11,,,
2011-11-14,0.01,2.04,0.004901960784313725
2011-11-15,0.01,2.06,0.0048543689320388345
2011-11-16,0.01,2.01,0.0049751243781094535
2011-11-17,0.02,1.96,0.010204081632653062
2011-11-18,0.01,2.01,0.0049751243781094535
2011-11-21,0.02,1.97,0.010152284263959392
2011-11-22,0.02,1.94,0.010309278350515464
2011-11-23,0.02,1.89,0.010582010582010583
2011-11-24,,,
2011-11-25,0.02,1.97,0.010152284263959392
2011-11-28,0.03,1.97,0.015228426395939085
2011-11-29,0.02,2.0,0.01
2011-11-30,0.01,2.08,0.004807692307692308
2011-12-01,0.01,2.11,0.004739336492890996
2011-12-02,0.02,2.05,0.009756097560975611
2011-12-05,0.01,2.04,0.004901960784313725
2011-12-06,0.01,2.08,0.004807692307692308
2011-12-07,0.02,2.02,0.009900990099009901
2011-12-08,0.01,1.99,0.005025125628140704
2011-12-09,0.01,2.07,0.004830917874396136
2011-12-12,0.01,2.03,0.004926108374384237
2011-12-13,0.01,1.96,0.005102040816326531
2011-12-14,0.01,1.92,0.005208333333333334
2011-12-15,0.0,1.92,0.0
2011-12-16,0.0,1.86,0.0
2011-12-19,0.01,1.82,0.005494505494505494
2011-12-20,0.01,1.94,0.005154639175257732
2011-12-21,0.01,1.98,0.005050505050505051
2011-12-22,0.01,1.97,0.005076142131979696
2011-12-23,0.01,2.03,0.004926108374384237
2011-12-26,,,
2011-12-27,0.02,2.02,0.009900990099009901
2011-12-28,0.01,1.93,0.0051813471502590676
2011-12-29,0.02,1.91,0.010471204188481676
2011-12-30,0.02,1.89,0.010582010582010583
2012-01-02,,,
2012-01-03,0.02,1.97,0.010152284263959392
2012-01-04,0.02,2.0,0.01
2012-01-05,0.02,2.02,0.009900990099009901
2012-01-06,0.02,1.98,0.010101010101010102
2012-01-09,0.01,1.98,0.005050505050505051
2012-01-10,0.02,2.0,0.01
2012-01-11,0.02,1.93,0.010362694300518135
2012-01-12,0.03,1.94,0.015463917525773196
2012-01-13,0.03,1.89,0.015873015873015872
2012-01-16,,,
2012-01-17,0.03,1.87,0.0160427807486631
2012-01-18,0.03,1.92,0.015625
2012-01-19,0.05,2.01,0.02487562189054727
2012-01-20,0.05,2.05,0.02439024390243903
2012-01-23,0.04,2.09,0.019138755980861247
2012-01-24,0.04,2.08,0.019230769230769232
2012-01-25,0.04,2.01,0.019900497512437814
2012-01-26,0.05,1.96,0.025510204081632654
2012-01-27,0.06,1.93,0.031088082901554404
2012-01-30,0.05,1.87,0.026737967914438502
2012-01-31,0.06,1.83,0.032786885245901634
2012-02-01,0.06,1.87,0.0320855614973262
2012-02-02,0.08,1.86,0.04301075268817204
2012-02-03,0.08,1.97,0.04060913705583757
2012-02-06,0.08,1.93,0.04145077720207254
2012-02-07,0.08,2.0,0.04
2012-02-08,0.09,2.01,0.04477611940298508
2012-02-09,0.09,2.04,0.044117647058823525
2012-02-10,0.09,1.96,0.04591836734693878
2012-02-13,0.11,1.99,0.05527638190954774
2012-02-14,0.12,1.92,0.0625
2012-02-15,0.11,1.93,0.05699481865284974
2012-02-16,0.1,1.99,0.05025125628140704
2012-02-17,0.09,2.01,0.04477611940298508
2012-02-20,,,
2012-02-21,0.08,2.05,0.039024390243902446
2012-02-22,0.09,2.01,0.04477611940298508
2012-02-23,0.09,1.99,0.04522613065326633
2012-02-24,0.1,1.98,0.05050505050505051
2012-02-27,0.12,1.92,0.0625
2012-02-28,0.1,1.94,0.051546391752577324
2012-02-29,0.08,1.98,0.04040404040404041
2012-03-01,0.08,2.03,0.0394088669950739
2012-03-02,0.07,1.99,0.03517587939698493
2012-03-05,0.08,2.0,0.04
2012-03-06,0.08,1.96,0.04081632653061225
2012-03-07,0.08,1.98,0.04040404040404041
2012-03-08,0.08,2.03,0.0394088669950739
2012-03-09,0.09,2.04,0.044117647058823525
2012-03-12,0.09,2.04,0.044117647058823525
2012-03-13,0.08,2.14,0.037383177570093455
2012-03-14,0.09,2.29,0.03930131004366812
2012-03-15,0.08,2.29,0.034934497816593885
2012-03-16,0.09,2.31,0.03896103896103896
2012-03-19,0.1,2.39,0.04184100418410042
2012-03-20,0.1,2.38,0.04201680672268908
2012-03-21,0.09,2.31,0.03896103896103896
2012-03-22,0.08,2.29,0.034934497816593885
2012-03-23,0.08,2.25,0.035555555555555556
2012-03-26,0.09,2.26,0.03982300884955752
2012-03-27,0.09,2.2,0.0409090909090909
2012-03-28,0.09,2.21,0.04072398190045249
2012-03-29,0.07,2.18,0.03211009174311927
2012-03-30,0.07,2.23,0.03139013452914798
2012-04-02,0.08,2.22,0.036036036036036036
2012-04-03,0.08,2.3,0.034782608695652174
2012-04-04,0.08,2.25,0.035555555555555556
2012-04-05,0.08,2.19,0.03652968036529681
2012-04-06,0.07,2.07,0.03381642512077295
2012-04-09,0.09,2.06,0.04368932038834951
2012-04-10,0.09,2.01,0.04477611940298508
2012-04-11,0.09,2.05,0.04390243902439025
2012-04-12,0.09,2.08,0.04326923076923077
2012-04-13,0.09,2.02,0.04455445544554455
2012-04-16,0.08,2.0,0.04
2012-04-17,0.08,2.03,0.0394088669950739
2012-04-18,0.07,2.0,0.035
2012-04-19,0.07,1.98,0.03535353535353536
2012-04-20,0.08,1.99,0.04020100502512563
2012-04-23,0.08,1.96,0.04081632653061225
2012-04-24,0.09,2.0,0.045
2012-04-25,0.09,2.01,0.04477611940298508
2012-04-26,0.09,1.98,0.045454545454545456
2012-04-27,0.09,1.96,0.04591836734693878
2012-04-30,0.1,1.95,0.05128205128205129
2012-05-01,0.09,1.98,0.045454545454545456
2012-05-02,0.08,1.96,0.04081632653061225
2012-05-03,0.09,1.96,0.04591836734693878
2012-05-04,0.07,1.91,0.03664921465968587
2012-05-07,0.1,1.92,0.052083333333333336
2012-05-08,0.09,1.88,0.047872340425531915
2012-05-09,0.09,1.87,0.0481283422459893
2012-05-10,0.1,1.89,0.052910052910052914
2012-05-11,0.1,1.84,0.05434782608695652
2012-05-14,0.1,1.78,0.05617977528089888
2012-05-15,0.09,1.76,0.05113636363636363
2012-05-16,0.1,1.76,0.05681818181818182
2012-05-17,0.1,1.7,0.05882352941176471
2012-05-18,0.08,1.71,0.046783625730994156
2012-05-21,0.09,1.75,0.05142857142857143
2012-05-22,0.09,1.79,0.05027932960893854
2012-05-23,0.09,1.73,0.05202312138728324
2012-05-24,0.1,1.77,0.05649717514124294
2012-05-25,0.09,1.75,0.05142857142857143
2012-05-28,,,
2012-05-29,0.09,1.74,0.05172413793103448
2012-05-30,0.07,1.63,0.04294478527607363
2012-05-31,0.07,1.59,0.04402515723270441
2012-06-01,0.07,1.47,0.04761904761904762
2012-06-04,0.08,1.53,0.05228758169934641
2012-06-05,0.08,1.57,0.05095541401273885
2012-06-06,0.09,1.66,0.05421686746987952
2012-06-07,0.09,1.66,0.05421686746987952
2012-06-08,0.09,1.65,0.05454545454545455
2012-06-11,0.09,1.6,0.056249999999999994
2012-06-12,0.1,1.67,0.05988023952095809
2012-06-13,0.1,1.61,0.062111801242236024
2012-06-14,0.11,1.64,0.06707317073170732
2012-06-15,0.09,1.6,0.056249999999999994
2012-06-18,0.1,1.59,0.06289308176100629
2012-06-19,0.09,1.64,0.054878048780487805
2012-06-20,0.09,1.65,0.05454545454545455
2012-06-21,0.09,1.63,0.05521472392638037
2012-06-22,0.09,1.69,0.05325443786982249
2012-06-25,0.1,1.63,0.06134969325153375
2012-06-26,0.1,1.66,0.06024096385542169
2012-06-27,0.09,1.65,0.05454545454545455
2012-06-28,0.09,1.6,0.056249999999999994
2012-06-29,0.09,1.67,0.05389221556886228
2012-07-02,0.1,1.61,0.062111801242236024
2012-07-03,0.09,1.65,0.05454545454545455
2012-07-04,,,
2012-07-05,0.08,1.62,0.04938271604938271
2012-07-06,0.08,1.57,0.05095541401273885
2012-07-09,0.09,1.53,0.058823529411764705
2012-07-10,0.09,1.53,0.058823529411764705
2012-07-11,0.1,1.54,0.06493506493506494
2012-07-12,0.1,1.5,0.06666666666666667
2012-07-13,0.1,1.52,0.06578947368421052
2012-07-16,0.1,1.5,0.06666666666666667
2012-07-17,0.1,1.53,0.06535947712418301
2012-07-18,0.09,1.52,0.05921052631578947
2012-07-19,0.09,1.54,0.05844155844155844
2012-07-20,0.09,1.49,0.060402684563758385
2012-07-23,0.1,1.47,0.06802721088435375
2012-07-24,0.1,1.44,0.06944444444444445
2012-07-25,0.1,1.43,0.06993006993006994
2012-07-26,0.11,1.45,0.07586206896551724
2012-07-27,0.11,1.58,0.06962025316455696
2012-07-30,0.11,1.53,0.0718954248366013
2012-07-31,0.11,1.51,0.0728476821192053
2012-08-01,0.1,1.56,0.06410256410256411
2012-08-02,0.09,1.51,0.059602649006622516
2012-08-03,0.09,1.6,0.056249999999999994
2012-08-06,0.1,1.59,0.06289308176100629
2012-08-07,0.11,1.66,0.06626506024096386
2012-08-08,0.11,1.68,0.06547619047619048
2012-08-09,0.11,1.69,0.0650887573964497
2012-08-10,0.1,1.65,0.060606060606060615
2012-08-13,0.11,1.65,0.06666666666666667
2012-08-14,0.11,1.73,0.06358381502890173
2012-08-15,0.09,1.8,0.049999999999999996
2012-08-16,0.09,1.83,0.04918032786885246
2012-08-17,0.09,1.81,0.049723756906077346
2012-08-20,0.11,1.82,0.06043956043956044
2012-08-21,0.11,1.8,0.06111111111111111
2012-08-22,0.11,1.71,0.06432748538011696
2012-08-23,0.11,1.68,0.06547619047619048
2012-08-24,0.1,1.68,0.05952380952380953
2012-08-27,0.11,1.65,0.06666666666666667
2012-08-28,0.1,1.64,0.06097560975609757
2012-08-29,0.12,1.66,0.07228915662650602
2012-08-30,0.1,1.63,0.06134969325153375
2012-08-31,0.09,1.57,0.057324840764331204
2012-09-03,,,
2012-09-04,0.1,1.59,0.06289308176100629
2012-09-05,0.11,1.6,0.06874999999999999
2012-09-06,0.11,1.68,0.06547619047619048
2012-09-07,0.11,1.67,0.0658682634730539
2012-09-10,0.1,1.68,0.05952380952380953
2012-09-11,0.1,1.7,0.05882352941176471
2012-09-12,0.1,1.77,0.05649717514124294
2012-09-13,0.1,1.75,0.05714285714285715
2012-09-14,0.11,1.88,0.05851063829787234
2012-09-17,0.11,1.85,0.059459459459459456
2012-09-18,0.1,1.82,0.054945054945054944
2012-09-19,0.11,1.79,0.061452513966480445
2012-09-20,0.11,1.8,0.06111111111111111
2012-09-21,0.11,1.77,0.06214689265536723
2012-09-24,0.11,1.74,0.06321839080459771
2012-09-25,0.11,1.7,0.06470588235294118
2012-09-26,0.11,1.64,0.06707317073170732
2012-09-27,0.09,1.66,0.05421686746987952
2012-09-28,0.1,1.65,0.060606060606060615
2012-10-01,0.09,1.64,0.054878048780487805
2012-10-02,0.09,1.64,0.054878048780487805
2012-10-03,0.09,1.64,0.054878048780487805
2012-10-04,0.1,1.7,0.05882352941176471
2012-10-05,0.11,1.75,0.06285714285714286
2012-10-08,,,
2012-10-09,0.1,1.74,0.0574712643678161
2012-10-10,0.1,1.72,0.058139534883720936
2012-10-11,0.1,1.7,0.05882352941176471
2012-10-12,0.11,1.69,0.0650887573964497
2012-10-15,0.11,1.7,0.06470588235294118
2012-10-16,0.09,1.75,0.05142857142857143
2012-10-17,0.11,1.83,0.060109289617486336
2012-10-18,0.1,1.86,0.053763440860215055
2012-10-19,0.1,1.79,0.0558659217877095
2012-10-22,0.1,1.83,0.0546448087431694
2012-10-23,0.11,1.79,0.061452513966480445
2012-10-24,0.11,1.8,0.06111111111111111
2012-10-25,0.11,1.86,0.059139784946236555
2012-10-26,0.12,1.78,0.06741573033707865
2012-10-29,0.14,1.74,0.08045977011494254
2012-10-30,,,
2012-10-31,0.11,1.72,0.06395348837209303
2012-11-01,0.09,1.75,0.05142857142857143
2012-11-02,0.09,1.75,0.05142857142857143
2012-11-05,0.11,1.72,0.06395348837209303
2012-11-06,0.1,1.78,0.05617977528089888
2012-11-07,0.1,1.68,0.05952380952380953
2012-11-08,0.1,1.62,0.06172839506172839
2012-11-09,0.09,1.61,0.05590062111801242
2012-11-12,,,
2012-11-13,0.11,1.59,0.06918238993710692
2012-11-14,0.1,1.59,0.06289308176100629
2012-11-15,0.08,1.58,0.05063291139240506
2012-11-16,0.06,1.58,0.03797468354430379
2012-11-19,0.09,1.61,0.05590062111801242
2012-11-20,0.08,1.66,0.04819277108433735
2012-11-21,0.1,1.69,0.0591715976331361
2012-11-22,,,
2012-11-23,0.1,1.7,0.05882352941176471
2012-11-26,0.1,1.66,0.06024096385542169
2012-11-27,0.1,1.64,0.06097560975609757
2012-11-28,0.1,1.63,0.06134969325153375
2012-11-29,0.09,1.62,0.05555555555555555
2012-11-30,0.08,1.62,0.04938271604938271
2012-12-03,0.1,1.63,0.06134969325153375
2012-12-04,0.1,1.62,0.06172839506172839
2012-12-05,0.1,1.6,0.0625
2012-12-06,0.1,1.59,0.06289308176100629
2012-12-07,0.09,1.64,0.054878048780487805
2012-12-10,0.09,1.63,0.05521472392638037
2012-12-11,0.08,1.66,0.04819277108433735
2012-12-12,0.07,1.72,0.040697674418604654
2012-12-13,0.06,1.74,0.034482758620689655
2012-12-14,0.04,1.72,0.023255813953488372
2012-12-17,0.05,1.78,0.02808988764044944
2012-12-18,0.06,1.84,0.03260869565217391
2012-12-19,0.05,1.82,0.027472527472527472
2012-12-20,0.06,1.81,0.03314917127071823
2012-12-21,0.06,1.77,0.03389830508474576
2012-12-24,0.06,1.79,0.0335195530726257
2012-12-25,,,
2012-12-26,0.09,1.77,0.05084745762711864
2012-12-27,0.08,1.74,0.04597701149425287
2012-12-28,0.01,1.73,0.005780346820809249
2012-12-31,0.05,1.78,0.02808988764044944
2013-01-01,,,
2013-01-02,0.08,1.86,0.04301075268817204
2013-01-03,0.08,1.92,0.04166666666666667
2013-01-04,0.07,1.93,0.036269430051813475
2013-01-07,0.07,1.92,0.036458333333333336
2013-01-08,0.07,1.89,0.03703703703703704
2013-01-09,0.06,1.88,0.031914893617021274
2013-01-10,0.06,1.91,0.031413612565445025
2013-01-11,0.07,1.89,0.03703703703703704
2013-01-14,0.08,1.89,0.04232804232804233
2013-01-15,0.09,1.86,0.04838709677419355
2013-01-16,0.08,1.84,0.043478260869565216
2013-01-17,0.07,1.89,0.03703703703703704
2013-01-18,0.08,1.87,0.0427807486631016
2013-01-21,,,
2013-01-22,0.08,1.86,0.04301075268817204
2013-01-23,0.08,1.86,0.04301075268817204
2013-01-24,0.08,1.88,0.04255319148936171
2013-01-25,0.08,1.98,0.04040404040404041
2013-01-28,0.07,2.0,0.035
2013-01-29,0.07,2.03,0.03448275862068966
2013-01-30,0.07,2.03,0.03448275862068966
2013-01-31,0.07,2.02,0.034653465346534656
2013-02-01,0.06,2.04,0.029411764705882353
2013-02-04,0.07,2.0,0.035
2013-02-05,0.07,2.04,0.03431372549019608
2013-02-06,0.07,2.0,0.035
2013-02-07,0.07,1.99,0.03517587939698493
2013-02-08,0.07,1.99,0.03517587939698493
2013-02-11,0.09,1.99,0.04522613065326633
2013-02-12,0.09,2.02,0.04455445544554455
2013-02-13,0.1,2.05,0.04878048780487806
2013-02-14,0.11,2.0,0.055
2013-02-15,0.1,2.01,0.04975124378109454
2013-02-18,,,
2013-02-19,0.12,2.03,0.05911330049261084
2013-02-20,0.12,2.02,0.0594059405940594
2013-02-21,0.13,1.99,0.06532663316582915
2013-02-22,0.13,1.97,0.06598984771573604
2013-02-25,0.12,1.88,0.06382978723404255
2013-02-26,0.14,1.88,0.07446808510638299
2013-02-27,0.11,1.91,0.05759162303664922
2013-02-28,0.11,1.89,0.058201058201058205
2013-03-01,0.11,1.86,0.059139784946236555
2013-03-04,0.11,1.88,0.05851063829787234
2013-03-05,0.08,1.9,0.04210526315789474
2013-03-06,0.1,1.95,0.05128205128205129
2013-03-07,0.1,2.0,0.05
2013-03-08,0.1,2.06,0.04854368932038835
2013-03-11,0.1,2.07,0.04830917874396136
2013-03-12,0.1,2.03,0.049261083743842374
2013-03-13,0.09,2.04,0.044117647058823525
2013-03-14,0.1,2.04,0.049019607843137254
2013-03-15,0.09,2.01,0.04477611940298508
2013-03-18,0.07,1.96,0.03571428571428572
2013-03-19,0.07,1.92,0.036458333333333336
2013-03-20,0.07,1.96,0.03571428571428572
2013-03-21,0.07,1.95,0.0358974358974359
2013-03-22,0.07,1.93,0.036269430051813475
2013-03-25,0.08,1.93,0.04145077720207254
2013-03-26,0.07,1.92,0.036458333333333336
2013-03-27,0.09,1.87,0.0481283422459893
2013-03-28,0.07,1.87,0.03743315508021391
2013-03-29,,,
2013-04-01,0.08,1.86,0.04301075268817204
2013-04-02,0.07,1.88,0.037234042553191495
2013-04-03,0.06,1.83,0.032786885245901634
2013-04-04,0.07,1.78,0.03932584269662922
2013-04-05,0.07,1.72,0.040697674418604654
2013-04-08,0.07,1.76,0.03977272727272728
2013-04-09,0.06,1.78,0.033707865168539325
2013-04-10,0.07,1.84,0.03804347826086957
2013-04-11,0.07,1.82,0.038461538461538464
2013-04-12,0.06,1.75,0.03428571428571429
2013-04-15,0.06,1.72,0.03488372093023256
2013-04-16,0.06,1.75,0.03428571428571429
2013-04-17,0.06,1.73,0.03468208092485549
2013-04-18,0.05,1.72,0.029069767441860468
2013-04-19,0.05,1.73,0.028901734104046246
2013-04-22,0.05,1.72,0.029069767441860468
2013-04-23,0.05,1.74,0.02873563218390805
2013-04-24,0.06,1.73,0.03468208092485549
2013-04-25,0.05,1.74,0.02873563218390805
2013-04-26,0.05,1.7,0.029411764705882356
2013-04-29,0.05,1.7,0.029411764705882356
2013-04-30,0.05,1.7,0.029411764705882356
2013-05-01,0.06,1.66,0.03614457831325301
2013-05-02,0.05,1.66,0.030120481927710847
2013-05-03,0.05,1.78,0.02808988764044944
2013-05-06,0.04,1.8,0.022222222222222223
2013-05-07,0.04,1.82,0.021978021978021976
2013-05-08,0.04,1.81,0.022099447513812154
2013-05-09,0.04,1.81,0.022099447513812154
2013-05-10,0.04,1.9,0.02105263157894737
2013-05-13,0.05,1.92,0.026041666666666668
2013-05-14,0.05,1.96,0.025510204081632654
2013-05-15,0.04,1.94,0.020618556701030927
2013-05-16,0.03,1.87,0.0160427807486631
2013-05-17,0.04,1.95,0.020512820512820513
2013-05-20,0.05,1.97,0.02538071065989848
2013-05-21,0.04,1.94,0.020618556701030927
2013-05-22,0.04,2.03,0.01970443349753695
2013-05-23,0.05,2.02,0.024752475247524754
2013-05-24,0.04,2.01,0.019900497512437814
2013-05-27,,,
2013-05-28,0.05,2.15,0.023255813953488375
2013-05-29,0.05,2.13,0.02347417840375587
2013-05-30,0.04,2.13,0.018779342723004695
2013-05-31,0.04,2.16,0.018518518518518517
2013-06-03,0.05,2.13,0.02347417840375587
2013-06-04,0.04,2.14,0.018691588785046728
2013-06-05,0.05,2.1,0.023809523809523808
2013-06-06,0.05,2.08,0.02403846153846154
2013-06-07,0.04,2.17,0.018433179723502304
2013-06-10,0.05,2.22,0.02252252252252252
2013-06-11,0.05,2.2,0.022727272727272728
2013-06-12,0.05,2.25,0.022222222222222223
2013-06-13,0.05,2.19,0.022831050228310504
2013-06-14,0.05,2.14,0.02336448598130841
2013-06-17,0.05,2.19,0.022831050228310504
2013-06-18,0.05,2.2,0.022727272727272728
2013-06-19,0.05,2.33,0.02145922746781116
2013-06-20,0.05,2.41,0.02074688796680498
2013-06-21,0.05,2.52,0.019841269841269844
2013-06-24,0.06,2.57,0.023346303501945526
2013-06-25,0.06,2.6,0.023076923076923075
2013-06-26,0.06,2.55,0.023529411764705882
2013-06-27,0.06,2.49,0.024096385542168672
2013-06-28,0.04,2.52,0.015873015873015872
2013-07-01,0.04,2.5,0.016
2013-07-02,0.03,2.48,0.012096774193548387
2013-07-03,0.05,2.52,0.019841269841269844
2013-07-04,,,
2013-07-05,0.04,2.73,0.014652014652014652
2013-07-08,0.05,2.65,0.01886792452830189
2013-07-09,0.04,2.65,0.01509433962264151
2013-07-10,0.04,2.7,0.014814814814814814
2013-07-11,0.04,2.6,0.015384615384615384
2013-07-12,0.04,2.61,0.015325670498084292
2013-07-15,0.04,2.57,0.015564202334630352
2013-07-16,0.03,2.55,0.011764705882352941
2013-07-17,0.03,2.52,0.011904761904761904
2013-07-18,0.03,2.56,0.01171875
2013-07-19,0.03,2.5,0.012
2013-07-22,0.04,2.5,0.016
2013-07-23,0.02,2.53,0.00790513833992095
2013-07-24,0.03,2.61,0.011494252873563218
2013-07-25,0.02,2.61,0.007662835249042146
2013-07-26,0.03,2.58,0.011627906976744186
2013-07-29,0.03,2.61,0.011494252873563218
2013-07-30,0.04,2.63,0.015209125475285173
2013-07-31,0.04,2.6,0.015384615384615384
2013-08-01,0.04,2.74,0.014598540145985401
2013-08-02,0.04,2.63,0.015209125475285173
2013-08-05,0.05,2.67,0.018726591760299626
2013-08-06,0.04,2.67,0.0149812734082397
2013-08-07,0.05,2.61,0.019157088122605366
2013-08-08,0.05,2.58,0.01937984496124031
2013-08-09,0.05,2.57,0.01945525291828794
2013-08-12,0.06,2.61,0.022988505747126436
2013-08-13,0.06,2.71,0.02214022140221402
2013-08-14,0.05,2.71,0.01845018450184502
2013-08-15,0.05,2.77,0.018050541516245487
2013-08-16,0.05,2.84,0.017605633802816902
2013-08-19,0.06,2.88,0.020833333333333332
2013-08-20,0.04,2.82,0.014184397163120569
2013-08-21,0.04,2.87,0.013937282229965157
2013-08-22,0.03,2.9,0.010344827586206896
2013-08-23,0.03,2.82,0.010638297872340425
2013-08-26,0.04,2.79,0.014336917562724014
2013-08-27,0.05,2.72,0.01838235294117647
2013-08-28,0.03,2.78,0.01079136690647482
2013-08-29,0.02,2.75,0.007272727272727273
2013-08-30,0.03,2.78,0.01079136690647482
2013-09-02,,,
2013-09-03,0.02,2.86,0.006993006993006994
2013-09-04,0.02,2.9,0.006896551724137932
2013-09-05,0.02,2.98,0.006711409395973154
2013-09-06,0.02,2.94,0.006802721088435375
2013-09-09,0.02,2.9,0.006896551724137932
2013-09-10,0.02,2.96,0.006756756756756757
2013-09-11,0.02,2.93,0.006825938566552901
2013-09-12,0.01,2.92,0.0034246575342465756
2013-09-13,0.01,2.9,0.003448275862068966
2013-09-16,0.02,2.88,0.006944444444444445
2013-09-17,0.01,2.86,0.003496503496503497
2013-09-18,0.01,2.69,0.003717472118959108
2013-09-19,0.01,2.76,0.003623188405797102
2013-09-20,0.01,2.75,0.0036363636363636364
2013-09-23,0.02,2.72,0.007352941176470588
2013-09-24,0.02,2.67,0.00749063670411985
2013-09-25,0.02,2.63,0.007604562737642586
2013-09-26,0.0,2.66,0.0
2013-09-27,0.02,2.64,0.007575757575757576
2013-09-30,0.02,2.64,0.007575757575757576
2013-10-01,0.02,2.66,0.007518796992481203
2013-10-02,0.02,2.63,0.007604562737642586
2013-10-03,0.03,2.62,0.011450381679389311
2013-10-04,0.03,2.66,0.011278195488721804
2013-10-07,0.03,2.65,0.011320754716981131
2013-10-08,0.05,2.66,0.018796992481203006
2013-10-09,0.05,2.68,0.018656716417910446
2013-10-10,0.05,2.71,0.01845018450184502
2013-10-11,0.08,2.7,0.029629629629629627
2013-10-14,,,
2013-10-15,0.14,2.75,0.05090909090909091
2013-10-16,0.1,2.69,0.03717472118959108
2013-10-17,0.05,2.61,0.019157088122605366
2013-10-18,0.04,2.6,0.015384615384615384
2013-10-21,0.04,2.63,0.015209125475285173
2013-10-22,0.04,2.54,0.015748031496062992
2013-10-23,0.04,2.51,0.015936254980079684
2013-10-24,0.03,2.53,0.011857707509881424
2013-10-25,0.04,2.53,0.0158102766798419
2013-10-28,0.04,2.54,0.015748031496062992
2013-10-29,0.04,2.53,0.0158102766798419
2013-10-30,0.04,2.55,0.01568627450980392
2013-10-31,0.04,2.57,0.015564202334630352
2013-11-01,0.04,2.65,0.01509433962264151
2013-11-04,0.05,2.63,0.019011406844106467
2013-11-05,0.05,2.69,0.01858736059479554
2013-11-06,0.05,2.67,0.018726591760299626
2013-11-07,0.05,2.63,0.019011406844106467
2013-11-08,0.06,2.77,0.021660649819494584
2013-11-11,,,
2013-11-12,0.08,2.8,0.028571428571428574
2013-11-13,0.08,2.75,0.02909090909090909
2013-11-14,0.08,2.69,0.029739776951672865
2013-11-15,0.08,2.71,0.029520295202952032
2013-11-18,0.09,2.67,0.033707865168539325
2013-11-19,0.08,2.71,0.029520295202952032
2013-11-20,0.08,2.8,0.028571428571428574
2013-11-21,0.07,2.79,0.025089605734767026
2013-11-22,0.07,2.75,0.025454545454545455
2013-11-25,0.08,2.74,0.029197080291970802
2013-11-26,0.07,2.71,0.02583025830258303
2013-11-27,0.07,2.74,0.025547445255474453
2013-11-28,,,
2013-11-29,0.06,2.75,0.021818181818181816
2013-12-02,0.05,2.81,0.017793594306049824
2013-12-03,0.06,2.79,0.02150537634408602
2013-12-04,0.06,2.84,0.02112676056338028
2013-12-05,0.06,2.88,0.020833333333333332
2013-12-06,0.06,2.88,0.020833333333333332
2013-12-09,0.07,2.86,0.02447552447552448
2013-12-10,0.07,2.81,0.024911032028469754
2013-12-11,0.07,2.86,0.02447552447552448
2013-12-12,0.07,2.89,0.02422145328719723
2013-12-13,0.07,2.88,0.02430555555555556
2013-12-16,0.07,2.89,0.02422145328719723
2013-12-17,0.07,2.85,0.02456140350877193
2013-12-18,0.07,2.89,0.02422145328719723
2013-12-19,0.06,2.94,0.02040816326530612
2013-12-20,0.07,2.89,0.02422145328719723
2013-12-23,0.07,2.94,0.02380952380952381
2013-12-24,0.07,2.99,0.023411371237458196
2013-12-25,,,
2013-12-26,0.07,3.0,0.023333333333333334
2013-12-27,0.07,3.02,0.023178807947019868
2013-12-30,0.07,2.99,0.023411371237458196
2013-12-31,0.07,3.04,0.023026315789473686
2014-01-01,,,
2014-01-02,0.07,3.0,0.023333333333333334
2014-01-03,0.07,3.01,0.023255813953488375
2014-01-06,0.05,2.98,0.016778523489932886
2014-01-07,0.04,2.96,0.013513513513513514
2014-01-08,0.05,3.01,0.016611295681063124
2014-01-09,0.04,2.97,0.013468013468013467
2014-01-10,0.05,2.88,0.017361111111111112
2014-01-13,0.03,2.84,0.01056338028169014
2014-01-14,0.04,2.88,0.01388888888888889
2014-01-15,0.04,2.9,0.013793103448275864
2014-01-16,0.04,2.86,0.013986013986013988
2014-01-17,0.05,2.84,0.017605633802816902
2014-01-20,,,
2014-01-21,0.04,2.85,0.014035087719298246
2014-01-22,0.04,2.87,0.013937282229965157
2014-01-23,0.04,2.79,0.014336917562724014
2014-01-24,0.04,2.75,0.014545454545454545
2014-01-27,0.05,2.78,0.01798561151079137
2014-01-28,0.05,2.77,0.018050541516245487
2014-01-29,0.04,2.69,0.014869888475836432
2014-01-30,0.02,2.72,0.007352941176470588
2014-01-31,0.02,2.67,0.00749063670411985
2014-02-03,0.05,2.61,0.019157088122605366
2014-02-04,0.06,2.64,0.022727272727272724
2014-02-05,0.07,2.7,0.025925925925925925
2014-02-06,0.07,2.73,0.025641025641025644
2014-02-07,0.08,2.71,0.029520295202952032
2014-02-10,0.07,2.7,0.025925925925925925
2014-02-11,0.05,2.75,0.018181818181818184
2014-02-12,0.05,2.8,0.01785714285714286
2014-02-13,0.03,2.73,0.010989010989010988
2014-02-14,0.02,2.75,0.007272727272727273
2014-02-17,,,
2014-02-18,0.05,2.71,0.01845018450184502
2014-02-19,0.06,2.73,0.021978021978021976
2014-02-20,0.05,2.76,0.01811594202898551
2014-02-21,0.05,2.73,0.018315018315018316
2014-02-24,0.05,2.75,0.018181818181818184
2014-02-25,0.05,2.7,0.018518518518518517
2014-02-26,0.05,2.67,0.018726591760299626
2014-02-27,0.04,2.65,0.01509433962264151
2014-02-28,0.05,2.66,0.018796992481203006
2014-03-03,0.05,2.6,0.019230769230769232
2014-03-04,0.05,2.7,0.018518518518518517
2014-03-05,0.06,2.7,0.02222222222222222
2014-03-06,0.05,2.74,0.01824817518248175
2014-03-07,0.06,2.8,0.02142857142857143
2014-03-10,0.05,2.79,0.017921146953405017
2014-03-11,0.05,2.77,0.018050541516245487
2014-03-12,0.05,2.73,0.018315018315018316
2014-03-13,0.05,2.66,0.018796992481203006
2014-03-14,0.05,2.65,0.01886792452830189
2014-03-17,0.06,2.7,0.02222222222222222
2014-03-18,0.05,2.68,0.018656716417910446
2014-03-19,0.06,2.78,0.02158273381294964
2014-03-20,0.06,2.79,0.02150537634408602
2014-03-21,0.06,2.75,0.021818181818181816
2014-03-24,0.06,2.74,0.0218978102189781
2014-03-25,0.05,2.75,0.018181818181818184
2014-03-26,0.05,2.71,0.01845018450184502
2014-03-27,0.04,2.69,0.014869888475836432
2014-03-28,0.04,2.73,0.014652014652014652
2014-03-31,0.05,2.73,0.018315018315018316
2014-04-01,0.04,2.77,0.01444043321299639
2014-04-02,0.02,2.82,0.007092198581560284
2014-04-03,0.02,2.8,0.0071428571428571435
2014-04-04,0.03,2.74,0.01094890510948905
2014-04-07,0.03,2.71,0.01107011070110701
2014-04-08,0.03,2.69,0.011152416356877323
2014-04-09,0.04,2.71,0.014760147601476016
2014-04-10,0.04,2.65,0.01509433962264151
2014-04-11,0.04,2.63,0.015209125475285173
2014-04-14,0.04,2.65,0.01509433962264151
2014-04-15,0.04,2.64,0.015151515151515152
2014-04-16,0.04,2.65,0.01509433962264151
2014-04-17,0.03,2.73,0.010989010989010988
2014-04-18,,,
2014-04-21,0.04,2.73,0.014652014652014652
2014-04-22,0.03,2.73,0.010989010989010988
2014-04-23,0.02,2.7,0.007407407407407407
2014-04-24,0.01,2.7,0.0037037037037037034
2014-04-25,0.03,2.68,0.011194029850746268
2014-04-28,0.03,2.7,0.01111111111111111
2014-04-29,0.02,2.71,0.007380073800738008
2014-04-30,0.03,2.67,0.011235955056179775
2014-05-01,0.03,2.63,0.011406844106463879
2014-05-02,0.02,2.6,0.007692307692307692
2014-05-05,0.03,2.63,0.011406844106463879
2014-05-06,0.03,2.61,0.011494252873563218
2014-05-07,0.03,2.62,0.011450381679389311
2014-05-08,0.03,2.61,0.011494252873563218
2014-05-09,0.03,2.62,0.011450381679389311
2014-05-12,0.03,2.66,0.011278195488721804
2014-05-13,0.03,2.61,0.011494252873563218
2014-05-14,0.03,2.54,0.011811023622047244
2014-05-15,0.03,2.5,0.012
2014-05-16,0.03,2.52,0.011904761904761904
2014-05-19,0.03,2.54,0.011811023622047244
2014-05-20,0.03,2.52,0.011904761904761904
2014-05-21,0.04,2.54,0.015748031496062992
2014-05-22,0.03,2.56,0.01171875
2014-05-23,0.04,2.54,0.015748031496062992
2014-05-26,,,
2014-05-27,0.04,2.52,0.015873015873015872
2014-05-28,0.04,2.44,0.01639344262295082
2014-05-29,0.04,2.45,0.016326530612244896
2014-05-30,0.04,2.48,0.016129032258064516
2014-06-02,0.04,2.54,0.015748031496062992
2014-06-03,0.04,2.6,0.015384615384615384
2014-06-04,0.04,2.61,0.015325670498084292
2014-06-05,0.04,2.59,0.015444015444015444
2014-06-06,0.04,2.6,0.015384615384615384
2014-06-09,0.04,2.62,0.015267175572519083
2014-06-10,0.04,2.64,0.015151515151515152
2014-06-11,0.04,2.65,0.01509433962264151
2014-06-12,0.04,2.58,0.015503875968992248
2014-06-13,0.04,2.6,0.015384615384615384
2014-06-16,0.04,2.61,0.015325670498084292
2014-06-17,0.04,2.66,0.015037593984962405
2014-06-18,0.03,2.61,0.011494252873563218
2014-06-19,0.02,2.64,0.007575757575757576
2014-06-20,0.02,2.63,0.007604562737642586
2014-06-23,0.03,2.63,0.011406844106463879
2014-06-24,0.03,2.59,0.011583011583011582
2014-06-25,0.03,2.57,0.011673151750972763
2014-06-26,0.04,2.53,0.0158102766798419
2014-06-27,0.03,2.54,0.011811023622047244
2014-06-30,0.04,2.53,0.0158102766798419
2014-07-01,0.02,2.58,0.007751937984496124
2014-07-02,0.02,2.64,0.007575757575757576
2014-07-03,0.01,2.65,0.0037735849056603774
2014-07-04,,,
2014-07-07,0.04,2.63,0.015209125475285173
2014-07-08,0.03,2.58,0.011627906976744186
2014-07-09,0.03,2.57,0.011673151750972763
2014-07-10,0.02,2.55,0.00784313725490196
2014-07-11,0.02,2.53,0.00790513833992095
2014-07-14,0.03,2.55,0.011764705882352941
2014-07-15,0.02,2.56,0.0078125
2014-07-16,0.02,2.55,0.00784313725490196
2014-07-17,0.02,2.47,0.008097165991902834
2014-07-18,0.02,2.5,0.008
2014-07-21,0.03,2.49,0.012048192771084336
2014-07-22,0.03,2.48,0.012096774193548387
2014-07-23,0.03,2.48,0.012096774193548387
2014-07-24,0.03,2.52,0.011904761904761904
2014-07-25,0.03,2.48,0.012096774193548387
2014-07-28,0.04,2.5,0.016
2014-07-29,0.02,2.47,0.008097165991902834
2014-07-30,0.04,2.57,0.015564202334630352
2014-07-31,0.03,2.58,0.011627906976744186
2014-08-01,0.03,2.52,0.011904761904761904
2014-08-04,0.04,2.51,0.015936254980079684
2014-08-05,0.03,2.49,0.012048192771084336
2014-08-06,0.03,2.49,0.012048192771084336
2014-08-07,0.03,2.43,0.012345679012345678
2014-08-08,0.03,2.44,0.012295081967213115
2014-08-11,0.04,2.44,0.01639344262295082
2014-08-12,0.03,2.46,0.012195121951219513
2014-08-13,0.04,2.43,0.016460905349794237
2014-08-14,0.04,2.4,0.016666666666666666
2014-08-15,0.03,2.34,0.01282051282051282
2014-08-18,0.03,2.39,0.012552301255230124
2014-08-19,0.03,2.4,0.0125
2014-08-20,0.04,2.43,0.016460905349794237
2014-08-21,0.02,2.41,0.008298755186721992
2014-08-22,0.03,2.4,0.0125
2014-08-25,0.04,2.39,0.016736401673640166
2014-08-26,0.03,2.39,0.012552301255230124
2014-08-27,0.04,2.37,0.016877637130801686
2014-08-28,0.03,2.34,0.01282051282051282
2014-08-29,0.03,2.35,0.01276595744680851
2014-09-01,,,
2014-09-02,0.03,2.42,0.012396694214876033
2014-09-03,0.03,2.41,0.012448132780082987
2014-09-04,0.03,2.45,0.012244897959183673
2014-09-05,0.03,2.46,0.012195121951219513
2014-09-08,0.02,2.48,0.008064516129032258
2014-09-09,0.02,2.5,0.008
2014-09-10,0.02,2.54,0.007874015748031496
2014-09-11,0.02,2.54,0.007874015748031496
2014-09-12,0.02,2.62,0.007633587786259542
2014-09-15,0.02,2.6,0.007692307692307692
2014-09-16,0.02,2.6,0.007692307692307692
2014-09-17,0.02,2.62,0.007633587786259542
2014-09-18,0.02,2.63,0.007604562737642586
2014-09-19,0.02,2.59,0.007722007722007722
2014-09-22,0.01,2.57,0.003891050583657588
2014-09-23,0.01,2.54,0.003937007874015748
2014-09-24,0.02,2.57,0.007782101167315176
2014-09-25,0.01,2.52,0.003968253968253968
2014-09-26,0.01,2.54,0.003937007874015748
2014-09-29,0.02,2.5,0.008
2014-09-30,0.02,2.52,0.007936507936507936
2014-10-01,0.02,2.42,0.008264462809917356
2014-10-02,0.01,2.44,0.004098360655737705
2014-10-03,0.01,2.45,0.004081632653061224
2014-10-06,0.02,2.43,0.008230452674897118
2014-10-07,0.02,2.36,0.00847457627118644
2014-10-08,0.01,2.35,0.00425531914893617
2014-10-09,0.01,2.34,0.004273504273504274
2014-10-10,0.01,2.31,0.004329004329004329
2014-10-13,,,
2014-10-14,0.02,2.21,0.00904977375565611
2014-10-15,0.02,2.15,0.009302325581395349
2014-10-16,0.03,2.17,0.013824884792626727
2014-10-17,0.02,2.22,0.009009009009009009
2014-10-20,0.02,2.2,0.00909090909090909
2014-10-21,0.02,2.23,0.008968609865470852
2014-10-22,0.02,2.25,0.008888888888888889
2014-10-23,0.01,2.29,0.004366812227074236
2014-10-24,0.01,2.29,0.004366812227074236
2014-10-27,0.02,2.27,0.00881057268722467
2014-10-28,0.02,2.3,0.008695652173913044
2014-10-29,0.03,2.34,0.01282051282051282
2014-10-30,0.01,2.32,0.004310344827586208
2014-10-31,0.01,2.35,0.00425531914893617
2014-11-03,0.02,2.36,0.00847457627118644
2014-11-04,0.03,2.35,0.01276595744680851
2014-11-05,0.03,2.36,0.012711864406779662
2014-11-06,0.03,2.39,0.012552301255230124
2014-11-07,0.03,2.32,0.01293103448275862
2014-11-10,0.02,2.38,0.008403361344537816
2014-11-11,,,
2014-11-12,0.02,2.37,0.008438818565400843
2014-11-13,0.02,2.35,0.00851063829787234
2014-11-14,0.02,2.32,0.008620689655172415
2014-11-17,0.03,2.34,0.01282051282051282
2014-11-18,0.02,2.32,0.008620689655172415
2014-11-19,0.01,2.36,0.00423728813559322
2014-11-20,0.02,2.34,0.008547008547008548
2014-11-21,0.01,2.31,0.004329004329004329
2014-11-24,0.02,2.3,0.008695652173913044
2014-11-25,0.02,2.27,0.00881057268722467
2014-11-26,0.02,2.24,0.008928571428571428
2014-11-27,,,
2014-11-28,0.02,2.18,0.009174311926605503
2014-12-01,0.03,2.22,0.013513513513513513
2014-12-02,0.03,2.28,0.013157894736842106
2014-12-03,0.01,2.29,0.004366812227074236
2014-12-04,0.02,2.25,0.008888888888888889
2014-12-05,0.02,2.31,0.008658008658008658
2014-12-08,0.03,2.26,0.013274336283185842
2014-12-09,0.04,2.22,0.018018018018018018
2014-12-10,0.03,2.18,0.013761467889908256
2014-12-11,0.03,2.19,0.0136986301369863
2014-12-12,0.02,2.1,0.009523809523809523
2014-12-15,0.04,2.12,0.018867924528301886
2014-12-16,0.03,2.07,0.014492753623188406
2014-12-17,0.03,2.14,0.014018691588785045
2014-12-18,0.04,2.22,0.018018018018018018
2014-12-19,0.04,2.17,0.018433179723502304
2014-12-22,0.05,2.17,0.02304147465437788
2014-12-23,0.03,2.26,0.013274336283185842
2014-12-24,0.01,2.27,0.004405286343612335
2014-12-25,,,
2014-12-26,0.01,2.25,0.0044444444444444444
2014-12-29,0.03,2.22,0.013513513513513513
2014-12-30,0.03,2.2,0.013636363636363634
2014-12-31,0.04,2.17,0.018433179723502304
2015-01-01,,,
2015-01-02,0.02,2.12,0.009433962264150943
2015-01-05,0.03,2.04,0.014705882352941176
2015-01-06,0.03,1.97,0.015228426395939085
2015-01-07,0.03,1.96,0.015306122448979591
2015-01-08,0.03,2.03,0.01477832512315271
2015-01-09,0.02,1.98,0.010101010101010102
2015-01-12,0.03,1.92,0.015625
2015-01-13,0.03,1.91,0.015706806282722512
2015-01-14,0.04,1.86,0.02150537634408602
2015-01-15,0.03,1.77,0.01694915254237288
2015-01-16,0.03,1.83,0.016393442622950817
2015-01-19,,,
2015-01-20,0.03,1.82,0.016483516483516484
2015-01-21,0.03,1.87,0.0160427807486631
2015-01-22,0.03,1.9,0.015789473684210527
2015-01-23,0.02,1.81,0.011049723756906077
2015-01-26,0.03,1.83,0.016393442622950817
2015-01-27,0.02,1.83,0.01092896174863388
2015-01-28,0.02,1.73,0.011560693641618498
2015-01-29,0.03,1.77,0.01694915254237288
2015-01-30,0.02,1.68,0.011904761904761906
2015-02-02,0.02,1.68,0.011904761904761906
2015-02-03,0.02,1.79,0.0111731843575419
2015-02-04,0.01,1.81,0.0055248618784530384
2015-02-05,0.02,1.83,0.01092896174863388
2015-02-06,0.02,1.95,0.010256410256410256
2015-02-09,0.01,1.96,0.005102040816326531
2015-02-10,0.01,2.01,0.0049751243781094535
2015-02-11,0.01,2.0,0.005
2015-02-12,0.02,1.99,0.010050251256281407
2015-02-13,0.01,2.02,0.0049504950495049506
2015-02-16,,,
2015-02-17,0.02,2.14,0.009345794392523364
2015-02-18,0.02,2.07,0.009661835748792272
2015-02-19,0.02,2.11,0.009478672985781991
2015-02-20,0.02,2.13,0.009389671361502348
2015-02-23,0.02,2.06,0.009708737864077669
2015-02-24,0.02,1.99,0.010050251256281407
2015-02-25,0.02,1.96,0.010204081632653062
2015-02-26,0.03,2.03,0.01477832512315271
2015-02-27,0.02,2.0,0.01
2015-03-02,0.02,2.08,0.009615384615384616
2015-03-03,0.02,2.12,0.009433962264150943
2015-03-04,0.01,2.12,0.0047169811320754715
2015-03-05,0.02,2.11,0.009478672985781991
2015-03-06,0.01,2.24,0.004464285714285714
2015-03-09,0.02,2.2,0.00909090909090909
2015-03-10,0.02,2.14,0.009345794392523364
2015-03-11,0.03,2.11,0.014218009478672987
2015-03-12,0.03,2.1,0.014285714285714285
2015-03-13,0.03,2.13,0.014084507042253521
2015-03-16,0.05,2.1,0.023809523809523808
2015-03-17,0.05,2.06,0.024271844660194174
2015-03-18,0.03,1.93,0.015544041450777202
2015-03-19,0.03,1.98,0.015151515151515152
2015-03-20,0.01,1.93,0.0051813471502590676
2015-03-23,0.03,1.92,0.015625
2015-03-24,0.02,1.88,0.010638297872340427
2015-03-25,0.04,1.93,0.02072538860103627
2015-03-26,0.03,2.01,0.01492537313432836
2015-03-27,0.04,1.95,0.020512820512820513
2015-03-30,0.04,1.96,0.020408163265306124
2015-03-31,0.03,1.94,0.015463917525773196
2015-04-01,0.03,1.87,0.0160427807486631
2015-04-02,0.02,1.92,0.010416666666666668
2015-04-03,0.02,1.85,0.01081081081081081
2015-04-06,0.03,1.92,0.015625
2015-04-07,0.02,1.89,0.010582010582010583
2015-04-08,0.03,1.92,0.015625
2015-04-09,0.03,1.97,0.015228426395939085
2015-04-10,0.02,1.96,0.010204081632653062
2015-04-13,0.03,1.94,0.015463917525773196
2015-04-14,0.02,1.9,0.010526315789473686
2015-04-15,0.02,1.91,0.010471204188481676
2015-04-16,0.02,1.9,0.010526315789473686
2015-04-17,0.01,1.87,0.0053475935828877
2015-04-20,0.03,1.9,0.015789473684210527
2015-04-21,0.03,1.92,0.015625
2015-04-22,0.03,1.99,0.01507537688442211
2015-04-23,0.03,1.96,0.015306122448979591
2015-04-24,0.03,1.93,0.015544041450777202
2015-04-27,0.02,1.94,0.010309278350515464
2015-04-28,0.02,2.0,0.01
2015-04-29,0.01,2.06,0.0048543689320388345
2015-04-30,0.01,2.05,0.004878048780487806
2015-05-01,0.01,2.12,0.0047169811320754715
2015-05-04,0.02,2.16,0.009259259259259259
2015-05-05,0.01,2.19,0.004566210045662101
2015-05-06,0.02,2.25,0.008888888888888889
2015-05-07,0.01,2.18,0.004587155963302752
2015-05-08,0.01,2.16,0.004629629629629629
2015-05-11,0.02,2.28,0.008771929824561405
2015-05-12,0.03,2.28,0.013157894736842106
2015-05-13,0.02,2.27,0.00881057268722467
2015-05-14,0.01,2.23,0.004484304932735426
2015-05-15,0.02,2.14,0.009345794392523364
2015-05-18,0.02,2.23,0.008968609865470852
2015-05-19,0.02,2.27,0.00881057268722467
2015-05-20,0.02,2.26,0.008849557522123895
2015-05-21,0.02,2.19,0.009132420091324202
2015-05-22,0.02,2.21,0.00904977375565611
2015-05-25,,,
2015-05-26,0.02,2.14,0.009345794392523364
2015-05-27,0.01,2.14,0.004672897196261682
2015-05-28,0.01,2.13,0.004694835680751174
2015-05-29,0.01,2.12,0.0047169811320754715
2015-06-01,0.02,2.19,0.009132420091324202
2015-06-02,0.01,2.27,0.004405286343612335
2015-06-03,0.02,2.38,0.008403361344537816
2015-06-04,0.02,2.31,0.008658008658008658
2015-06-05,0.03,2.41,0.012448132780082987
2015-06-08,0.02,2.39,0.008368200836820083
2015-06-09,0.02,2.42,0.008264462809917356
2015-06-10,0.02,2.5,0.008
2015-06-11,0.01,2.39,0.0041841004184100415
2015-06-12,0.02,2.39,0.008368200836820083
2015-06-15,0.02,2.36,0.00847457627118644
2015-06-16,0.01,2.32,0.004310344827586208
2015-06-17,0.01,2.32,0.004310344827586208
2015-06-18,0.01,2.35,0.00425531914893617
2015-06-19,0.01,2.26,0.004424778761061948
2015-06-22,0.01,2.37,0.004219409282700422
2015-06-23,0.01,2.42,0.004132231404958678
2015-06-24,0.01,2.38,0.004201680672268908
2015-06-25,0.01,2.4,0.004166666666666667
2015-06-26,0.01,2.49,0.004016064257028112
2015-06-29,0.02,2.33,0.008583690987124463
2015-06-30,0.01,2.35,0.00425531914893617
2015-07-01,0.01,2.43,0.004115226337448559
2015-07-02,0.01,2.4,0.004166666666666667
2015-07-03,,,
2015-07-06,0.02,2.3,0.008695652173913044
2015-07-07,0.02,2.27,0.00881057268722467
2015-07-08,0.02,2.22,0.009009009009009009
2015-07-09,0.03,2.32,0.01293103448275862
2015-07-10,0.01,2.42,0.004132231404958678
2015-07-13,0.02,2.44,0.00819672131147541
2015-07-14,0.01,2.41,0.004149377593360996
2015-07-15,0.02,2.36,0.00847457627118644
2015-07-16,0.02,2.36,0.00847457627118644
2015-07-17,0.03,2.34,0.01282051282051282
2015-07-20,0.04,2.38,0.016806722689075633
2015-07-21,0.03,2.35,0.01276595744680851
2015-07-22,0.04,2.33,0.017167381974248927
2015-07-23,0.03,2.28,0.013157894736842106
2015-07-24,0.04,2.27,0.01762114537444934
2015-07-27,0.05,2.23,0.022421524663677132
2015-07-28,0.05,2.26,0.022123893805309738
2015-07-29,0.06,2.29,0.026200873362445413
2015-07-30,0.07,2.28,0.030701754385964918
2015-07-31,0.08,2.2,0.03636363636363636
2015-08-03,0.08,2.16,0.037037037037037035
2015-08-04,0.08,2.23,0.03587443946188341
2015-08-05,0.08,2.28,0.03508771929824562
2015-08-06,0.04,2.23,0.017937219730941704
2015-08-07,0.06,2.18,0.027522935779816512
2015-08-10,0.12,2.24,0.05357142857142856
2015-08-11,0.1,2.15,0.04651162790697675
2015-08-12,0.1,2.14,0.04672897196261682
2015-08-13,0.1,2.19,0.04566210045662101
2015-08-14,0.09,2.2,0.0409090909090909
2015-08-17,0.1,2.16,0.046296296296296294
2015-08-18,0.07,2.2,0.03181818181818182
2015-08-19,0.05,2.12,0.02358490566037736
2015-08-20,0.02,2.09,0.009569377990430623
2015-08-21,0.03,2.05,0.014634146341463415
2015-08-24,0.06,2.01,0.02985074626865672
2015-08-25,0.07,2.12,0.0330188679245283
2015-08-26,0.06,2.18,0.027522935779816512
2015-08-27,0.06,2.18,0.027522935779816512
2015-08-28,0.06,2.19,0.0273972602739726
2015-08-31,0.08,2.21,0.03619909502262444
2015-09-01,0.03,2.17,0.013824884792626727
2015-09-02,0.03,2.2,0.013636363636363634
2015-09-03,0.02,2.18,0.009174311926605503
2015-09-04,0.02,2.13,0.009389671361502348
2015-09-07,,,
2015-09-08,0.06,2.2,0.027272727272727268
2015-09-09,0.03,2.21,0.013574660633484163
2015-09-10,0.02,2.23,0.008968609865470852
2015-09-11,0.04,2.2,0.01818181818181818
2015-09-14,0.07,2.18,0.03211009174311927
2015-09-15,0.07,2.28,0.030701754385964918
2015-09-16,0.06,2.3,0.026086956521739132
2015-09-17,0.01,2.21,0.004524886877828055
2015-09-18,0.0,2.13,0.0
2015-09-21,0.01,2.2,0.004545454545454545
2015-09-22,0.0,2.14,0.0
2015-09-23,0.01,2.16,0.004629629629629629
2015-09-24,0.01,2.13,0.004694835680751174
2015-09-25,0.0,2.17,0.0
2015-09-28,0.01,2.1,0.0047619047619047615
2015-09-29,0.01,2.05,0.004878048780487806
2015-09-30,0.0,2.06,0.0
2015-10-01,0.0,2.05,0.0
2015-10-02,0.0,1.99,0.0
2015-10-05,0.01,2.07,0.004830917874396136
2015-10-06,0.0,2.05,0.0
2015-10-07,0.0,2.08,0.0
2015-10-08,0.0,2.12,0.0
2015-10-09,0.01,2.12,0.0047169811320754715
2015-10-12,,,
2015-10-13,0.01,2.06,0.0048543689320388345
2015-10-14,0.0,1.99,0.0
2015-10-15,0.01,2.04,0.004901960784313725
2015-10-16,0.01,2.04,0.004901960784313725
2015-10-19,0.02,2.04,0.00980392156862745
2015-10-20,0.02,2.08,0.009615384615384616
2015-10-21,0.01,2.04,0.004901960784313725
2015-10-22,0.0,2.04,0.0
2015-10-23,0.01,2.09,0.004784688995215312
2015-10-26,0.02,2.07,0.009661835748792272
2015-10-27,0.03,2.05,0.014634146341463415
2015-10-28,0.04,2.1,0.019047619047619046
2015-10-29,0.07,2.19,0.03196347031963471
2015-10-30,0.08,2.16,0.037037037037037035
2015-11-02,0.08,2.2,0.03636363636363636
2015-11-03,0.06,2.23,0.026905829596412554
2015-11-04,0.05,2.25,0.022222222222222223
2015-11-05,0.05,2.26,0.022123893805309738
2015-11-06,0.08,2.34,0.03418803418803419
2015-11-09,0.14,2.36,0.05932203389830509
2015-11-10,0.13,2.32,0.0560344827586207
2015-11-11,,,
2015-11-12,0.14,2.32,0.060344827586206906
2015-11-13,0.14,2.28,0.061403508771929835
2015-11-16,0.15,2.27,0.06607929515418502
2015-11-17,0.14,2.25,0.06222222222222223
2015-11-18,0.12,2.27,0.05286343612334801
2015-11-19,0.11,2.24,0.049107142857142856
2015-11-20,0.12,2.26,0.05309734513274337
2015-11-23,0.14,2.25,0.06222222222222223
2015-11-24,0.16,2.24,0.07142857142857142
2015-11-25,0.19,2.23,0.08520179372197309
2015-11-26,,,
2015-11-27,0.18,2.22,0.08108108108108107
2015-11-30,0.22,2.21,0.0995475113122172
2015-12-01,0.21,2.15,0.09767441860465116
2015-12-02,0.21,2.18,0.09633027522935779
2015-12-03,0.21,2.33,0.09012875536480686
2015-12-04,0.23,2.28,0.10087719298245615
2015-12-07,0.29,2.23,0.13004484304932734
2015-12-08,0.27,2.24,0.12053571428571429
2015-12-09,0.26,2.22,0.11711711711711711
2015-12-10,0.24,2.24,0.10714285714285712
2015-12-11,0.23,2.13,0.107981220657277
2015-12-14,0.26,2.23,0.11659192825112108
2015-12-15,0.25,2.28,0.10964912280701755
2015-12-16,0.27,2.3,0.1173913043478261
2015-12-17,0.23,2.24,0.10267857142857142
2015-12-18,0.19,2.19,0.08675799086757992
2015-12-21,0.24,2.2,0.10909090909090907
2015-12-22,0.21,2.24,0.09374999999999999
2015-12-23,0.2,2.27,0.0881057268722467
2015-12-24,0.2,2.25,0.08888888888888889
2015-12-25,,,
2015-12-28,0.23,2.24,0.10267857142857142
2015-12-29,0.23,2.32,0.09913793103448278
2015-12-30,0.21,2.31,0.0909090909090909
2015-12-31,0.16,2.27,0.07048458149779736
2016-01-01,,,
2016-01-04,0.22,2.24,0.09821428571428571
2016-01-05,0.2,2.25,0.08888888888888889
2016-01-06,0.21,2.18,0.09633027522935779
2016-01-07,0.2,2.16,0.09259259259259259
2016-01-08,0.2,2.13,0.09389671361502348
2016-01-11,0.21,2.17,0.0967741935483871
2016-01-12,0.21,2.12,0.0990566037735849
2016-01-13,0.22,2.08,0.10576923076923077
2016-01-14,0.25,2.1,0.11904761904761904
2016-01-15,0.24,2.03,0.11822660098522168
2016-01-18,,,
2016-01-19,0.26,2.06,0.1262135922330097
2016-01-20,0.26,2.01,0.1293532338308458
2016-01-21,0.28,2.02,0.13861386138613863
2016-01-22,0.31,2.07,0.1497584541062802
2016-01-25,0.31,2.03,0.15270935960591134
2016-01-26,0.31,2.01,0.15422885572139305
2016-01-27,0.32,2.02,0.15841584158415842
2016-01-28,0.35,2.0,0.175
2016-01-29,0.33,1.94,0.17010309278350516
2016-02-01,0.35,1.97,0.17766497461928932
2016-02-02,0.34,1.87,0.18181818181818182
2016-02-03,0.33,1.88,0.17553191489361705
2016-02-04,0.29,1.87,0.1550802139037433
2016-02-05,0.3,1.86,0.16129032258064516
2016-02-08,0.32,1.75,0.18285714285714286
2016-02-09,0.3,1.74,0.17241379310344826
2016-02-10,0.31,1.71,0.18128654970760233
2016-02-11,0.28,1.63,0.1717791411042945
2016-02-12,0.3,1.74,0.17241379310344826
2016-02-15,,,
2016-02-16,0.3,1.78,0.16853932584269662
2016-02-17,0.3,1.81,0.16574585635359115
2016-02-18,0.3,1.75,0.17142857142857143
2016-02-19,0.31,1.76,0.17613636363636365
2016-02-22,0.33,1.77,0.1864406779661017
2016-02-23,0.32,1.74,0.1839080459770115
2016-02-24,0.33,1.75,0.18857142857142858
2016-02-25,0.32,1.71,0.18713450292397663
2016-02-26,0.33,1.76,0.1875
2016-02-29,0.33,1.74,0.18965517241379312
2016-03-01,0.33,1.83,0.18032786885245902
2016-03-02,0.36,1.84,0.19565217391304346
2016-03-03,0.28,1.83,0.15300546448087432
2016-03-04,0.29,1.88,0.15425531914893617
2016-03-07,0.32,1.91,0.16753926701570682
2016-03-08,0.29,1.83,0.15846994535519124
2016-03-09,0.3,1.9,0.15789473684210525
2016-03-10,0.32,1.93,0.16580310880829016
2016-03-11,0.33,1.98,0.16666666666666669
2016-03-14,0.34,1.97,0.17258883248730966
2016-03-15,0.34,1.97,0.17258883248730966
2016-03-16,0.31,1.94,0.1597938144329897
2016-03-17,0.29,1.91,0.1518324607329843
2016-03-18,0.3,1.88,0.1595744680851064
2016-03-21,0.31,1.92,0.16145833333333334
2016-03-22,0.3,1.94,0.15463917525773196
2016-03-23,0.3,1.88,0.1595744680851064
2016-03-24,0.3,1.91,0.15706806282722513
2016-03-25,,,
2016-03-28,0.29,1.89,0.15343915343915343
2016-03-29,0.23,1.81,0.1270718232044199
2016-03-30,0.2,1.83,0.1092896174863388
2016-03-31,0.21,1.78,0.11797752808988764
2016-04-01,0.23,1.79,0.12849162011173185
2016-04-04,0.23,1.78,0.12921348314606743
2016-04-05,0.23,1.73,0.13294797687861273
2016-04-06,0.23,1.76,0.13068181818181818
2016-04-07,0.23,1.7,0.13529411764705884
2016-04-08,0.23,1.72,0.13372093023255816
2016-04-11,0.23,1.73,0.13294797687861273
2016-04-12,0.22,1.79,0.12290502793296089
2016-04-13,0.23,1.77,0.12994350282485875
2016-04-14,0.22,1.8,0.12222222222222222
2016-04-15,0.22,1.76,0.125
2016-04-18,0.22,1.78,0.12359550561797752
2016-04-19,0.21,1.79,0.11731843575418993
2016-04-20,0.23,1.85,0.12432432432432432
2016-04-21,0.23,1.88,0.1223404255319149
2016-04-22,0.23,1.89,0.1216931216931217
2016-04-25,0.25,1.91,0.13089005235602094
2016-04-26,0.24,1.94,0.12371134020618557
2016-04-27,0.24,1.87,0.1283422459893048
2016-04-28,0.22,1.84,0.11956521739130434
2016-04-29,0.22,1.83,0.12021857923497267
2016-05-02,0.22,1.88,0.11702127659574468
2016-05-03,0.21,1.81,0.11602209944751381
2016-05-04,0.19,1.79,0.10614525139664804
2016-05-05,0.2,1.76,0.11363636363636365
2016-05-06,0.19,1.79,0.10614525139664804
2016-05-09,0.24,1.77,0.13559322033898305
2016-05-10,0.24,1.77,0.13559322033898305
2016-05-11,0.26,1.73,0.15028901734104047
2016-05-12,0.27,1.75,0.1542857142857143
2016-05-13,0.29,1.71,0.1695906432748538
2016-05-16,0.28,1.75,0.16
2016-05-17,0.28,1.76,0.15909090909090912
2016-05-18,0.3,1.87,0.160427807486631
2016-05-19,0.31,1.85,0.16756756756756755
2016-05-20,0.33,1.85,0.1783783783783784
2016-05-23,0.35,1.84,0.1902173913043478
2016-05-24,0.35,1.86,0.18817204301075266
2016-05-25,0.33,1.87,0.17647058823529413
2016-05-26,0.31,1.83,0.16939890710382513
2016-05-27,0.32,1.85,0.17297297297297295
2016-05-30,,,
2016-05-31,0.34,1.84,0.1847826086956522
2016-06-01,0.3,1.85,0.16216216216216214
2016-06-02,0.29,1.81,0.1602209944751381
2016-06-03,0.3,1.71,0.17543859649122806
2016-06-06,0.28,1.73,0.161849710982659
2016-06-07,0.28,1.72,0.16279069767441862
2016-06-08,0.24,1.71,0.14035087719298245
2016-06-09,0.26,1.68,0.15476190476190477
2016-06-10,0.26,1.64,0.15853658536585366
2016-06-13,0.27,1.62,0.16666666666666666
2016-06-14,0.27,1.62,0.16666666666666666
2016-06-15,0.26,1.6,0.1625
2016-06-16,0.27,1.57,0.17197452229299365
2016-06-17,0.27,1.62,0.16666666666666666
2016-06-20,0.28,1.67,0.16766467065868265
2016-06-21,0.27,1.71,0.15789473684210528
2016-06-22,0.27,1.69,0.15976331360946747
2016-06-23,0.31,1.74,0.1781609195402299
2016-06-24,0.27,1.57,0.17197452229299365
2016-06-27,0.27,1.46,0.18493150684931509
2016-06-28,0.26,1.46,0.17808219178082194
2016-06-29,0.26,1.5,0.17333333333333334
2016-06-30,0.26,1.49,0.174496644295302
2016-07-01,0.28,1.46,0.19178082191780824
2016-07-04,,,
2016-07-05,0.28,1.37,0.20437956204379562
2016-07-06,0.27,1.38,0.19565217391304351
2016-07-07,0.29,1.4,0.20714285714285713
2016-07-08,0.28,1.37,0.20437956204379562
2016-07-11,0.31,1.43,0.2167832167832168
2016-07-12,0.29,1.53,0.1895424836601307
2016-07-13,0.31,1.48,0.20945945945945946
2016-07-14,0.32,1.53,0.20915032679738563
2016-07-15,0.32,1.6,0.19999999999999998
2016-07-18,0.32,1.59,0.2012578616352201
2016-07-19,0.31,1.56,0.1987179487179487
2016-07-20,0.32,1.59,0.2012578616352201
2016-07-21,0.32,1.57,0.2038216560509554
2016-07-22,0.33,1.57,0.21019108280254778
2016-07-25,0.32,1.58,0.20253164556962025
2016-07-26,0.31,1.57,0.19745222929936304
2016-07-27,0.31,1.52,0.20394736842105263
2016-07-28,0.25,1.52,0.16447368421052633
2016-07-29,0.28,1.46,0.19178082191780824
2016-08-01,0.29,1.51,0.1920529801324503
2016-08-02,0.29,1.55,0.18709677419354837
2016-08-03,0.28,1.55,0.1806451612903226
2016-08-04,0.26,1.51,0.17218543046357615
2016-08-05,0.28,1.59,0.17610062893081763
2016-08-08,0.31,1.59,0.19496855345911948
2016-08-09,0.29,1.55,0.18709677419354837
2016-08-10,0.28,1.5,0.18666666666666668
2016-08-11,0.28,1.57,0.178343949044586
2016-08-12,0.29,1.51,0.1920529801324503
2016-08-15,0.31,1.55,0.19999999999999998
2016-08-16,0.27,1.57,0.17197452229299365
2016-08-17,0.3,1.56,0.1923076923076923
2016-08-18,0.3,1.53,0.19607843137254902
2016-08-19,0.3,1.58,0.18987341772151897
2016-08-22,0.29,1.55,0.18709677419354837
2016-08-23,0.3,1.55,0.1935483870967742
2016-08-24,0.31,1.56,0.1987179487179487
2016-08-25,0.33,1.58,0.2088607594936709
2016-08-26,0.34,1.62,0.20987654320987653
2016-08-29,0.33,1.57,0.21019108280254778
2016-08-30,0.33,1.57,0.21019108280254778
2016-08-31,0.33,1.58,0.2088607594936709
2016-09-01,0.33,1.57,0.21019108280254778
2016-09-02,0.33,1.6,0.20625
2016-09-05,,,
2016-09-06,0.32,1.55,0.2064516129032258
2016-09-07,0.34,1.54,0.2207792207792208
2016-09-08,0.35,1.61,0.21739130434782605
2016-09-09,0.35,1.67,0.20958083832335328
2016-09-12,0.37,1.68,0.22023809523809523
2016-09-13,0.36,1.73,0.20809248554913296
2016-09-14,0.33,1.7,0.19411764705882353
2016-09-15,0.29,1.71,0.1695906432748538
2016-09-16,0.3,1.7,0.17647058823529413
2016-09-19,0.3,1.7,0.17647058823529413
2016-09-20,0.3,1.69,0.17751479289940827
2016-09-21,0.22,1.66,0.13253012048192772
2016-09-22,0.18,1.63,0.11042944785276074
2016-09-23,0.18,1.62,0.1111111111111111
2016-09-26,0.25,1.59,0.15723270440251572
2016-09-27,0.26,1.56,0.16666666666666666
2016-09-28,0.27,1.57,0.17197452229299365
2016-09-29,0.26,1.56,0.16666666666666666
2016-09-30,0.29,1.6,0.18124999999999997
2016-10-03,0.32,1.63,0.19631901840490798
2016-10-04,0.33,1.69,0.19526627218934914
2016-10-05,0.32,1.72,0.18604651162790697
2016-10-06,0.33,1.75,0.18857142857142858
2016-10-07,0.33,1.73,0.19075144508670522
2016-10-10,,,
2016-10-11,0.35,1.77,0.19774011299435026
2016-10-12,0.37,1.79,0.20670391061452514
2016-10-13,0.3,1.75,0.17142857142857143
2016-10-14,0.32,1.8,0.17777777777777778
2016-10-17,0.34,1.77,0.192090395480226
2016-10-18,0.34,1.75,0.1942857142857143
2016-10-19,0.35,1.76,0.19886363636363635
2016-10-20,0.35,1.76,0.19886363636363635
2016-10-21,0.34,1.74,0.19540229885057472
2016-10-24,0.33,1.77,0.1864406779661017
2016-10-25,0.34,1.77,0.192090395480226
2016-10-26,0.33,1.79,0.18435754189944134
2016-10-27,0.3,1.85,0.16216216216216214
2016-10-28,0.3,1.86,0.16129032258064516
2016-10-31,0.34,1.84,0.1847826086956522
2016-11-01,0.35,1.83,0.1912568306010929
2016-11-02,0.37,1.81,0.20441988950276244
2016-11-03,0.38,1.82,0.2087912087912088
2016-11-04,0.38,1.79,0.2122905027932961
2016-11-07,0.41,1.83,0.2240437158469945
2016-11-08,0.43,1.88,0.22872340425531915
2016-11-09,0.45,2.07,0.2173913043478261
2016-11-10,0.48,2.15,0.22325581395348837
2016-11-11,,,
2016-11-14,0.55,2.23,0.24663677130044845
2016-11-15,0.51,2.23,0.22869955156950672
2016-11-16,0.47,2.22,0.2117117117117117
2016-11-17,0.44,2.29,0.19213973799126638
2016-11-18,0.44,2.34,0.18803418803418806
2016-11-21,0.46,2.33,0.19742489270386265
2016-11-22,0.49,2.31,0.2121212121212121
2016-11-23,0.51,2.36,0.21610169491525424
2016-11-24,,,
2016-11-25,0.49,2.36,0.2076271186440678
2016-11-28,0.48,2.32,0.20689655172413793
2016-11-29,0.48,2.3,0.20869565217391306
2016-11-30,0.48,2.37,0.20253164556962025
2016-12-01,0.48,2.45,0.19591836734693877
2016-12-02,0.49,2.4,0.20416666666666666
2016-12-05,0.49,2.39,0.20502092050209203
2016-12-06,0.49,2.39,0.20502092050209203
2016-12-07,0.52,2.34,0.22222222222222224
2016-12-08,0.51,2.4,0.21250000000000002
2016-12-09,0.54,2.47,0.21862348178137653
2016-12-12,0.51,2.49,0.20481927710843373
2016-12-13,0.54,2.48,0.217741935483871
2016-12-14,0.55,2.54,0.21653543307086615
2016-12-15,0.51,2.6,0.19615384615384615
2016-12-16,0.51,2.6,0.19615384615384615
2016-12-19,0.52,2.54,0.2047244094488189
2016-12-20,0.52,2.57,0.20233463035019458
2016-12-21,0.52,2.55,0.203921568627451
2016-12-22,0.51,2.55,0.2
2016-12-23,0.52,2.55,0.203921568627451
2016-12-26,,,
2016-12-27,0.51,2.57,0.19844357976653698
2016-12-28,0.53,2.51,0.2111553784860558
2016-12-29,0.47,2.49,0.18875502008032125
2016-12-30,0.51,2.45,0.20816326530612245
2017-01-02,,,
2017-01-03,0.53,2.45,0.21632653061224488
2017-01-04,0.53,2.46,0.21544715447154472
2017-01-05,0.52,2.37,0.21940928270042193
2017-01-06,0.53,2.42,0.21900826446280994
2017-01-09,0.5,2.38,0.21008403361344538
2017-01-10,0.52,2.38,0.21848739495798322
2017-01-11,0.52,2.38,0.21848739495798322
2017-01-12,0.52,2.36,0.22033898305084748
2017-01-13,0.53,2.4,0.22083333333333335
2017-01-16,,,
2017-01-17,0.55,2.33,0.23605150214592277
2017-01-18,0.53,2.42,0.21900826446280994
2017-01-19,0.52,2.47,0.21052631578947367
2017-01-20,0.5,2.48,0.20161290322580647
2017-01-23,0.51,2.41,0.21161825726141079
2017-01-24,0.51,2.47,0.20647773279352225
2017-01-25,0.5,2.53,0.19762845849802374
2017-01-26,0.51,2.51,0.20318725099601595
2017-01-27,0.52,2.49,0.20883534136546184
2017-01-30,0.51,2.49,0.20481927710843373
2017-01-31,0.52,2.45,0.21224489795918366
2017-02-01,0.51,2.48,0.2056451612903226
2017-02-02,0.52,2.48,0.20967741935483872
2017-02-03,0.51,2.49,0.20481927710843373
2017-02-06,0.53,2.42,0.21900826446280994
2017-02-07,0.53,2.4,0.22083333333333335
2017-02-08,0.54,2.34,0.2307692307692308
2017-02-09,0.54,2.4,0.22500000000000003
2017-02-10,0.55,2.41,0.22821576763485477
2017-02-13,0.52,2.43,0.2139917695473251
2017-02-14,0.54,2.47,0.21862348178137653
2017-02-15,0.54,2.51,0.21513944223107573
2017-02-16,0.53,2.45,0.21632653061224488
2017-02-17,0.53,2.42,0.21900826446280994
2017-02-20,,,
2017-02-21,0.53,2.43,0.21810699588477367
2017-02-22,0.52,2.42,0.21487603305785125
2017-02-23,0.51,2.38,0.2142857142857143
2017-02-24,0.52,2.31,0.22510822510822512
2017-02-27,0.5,2.36,0.21186440677966104
2017-02-28,0.53,2.36,0.2245762711864407
2017-03-01,0.63,2.46,0.25609756097560976
2017-03-02,0.67,2.49,0.26907630522088355
2017-03-03,0.71,2.49,0.2851405622489959
2017-03-06,0.74,2.49,0.2971887550200803
2017-03-07,0.76,2.52,0.30158730158730157
2017-03-08,0.73,2.57,0.2840466926070039
2017-03-09,0.73,2.6,0.28076923076923077
2017-03-10,0.75,2.58,0.29069767441860467
2017-03-13,0.79,2.62,0.3015267175572519
2017-03-14,0.78,2.6,0.3
2017-03-15,0.73,2.51,0.2908366533864542
2017-03-16,0.73,2.53,0.2885375494071146
2017-03-17,0.73,2.5,0.292
2017-03-20,0.76,2.47,0.30769230769230765
2017-03-21,0.77,2.43,0.3168724279835391
2017-03-22,0.77,2.4,0.32083333333333336
2017-03-23,0.76,2.41,0.3153526970954357
2017-03-24,0.78,2.4,0.325
2017-03-27,0.78,2.38,0.3277310924369748
2017-03-28,0.78,2.42,0.3223140495867769
2017-03-29,0.78,2.39,0.3263598326359833
2017-03-30,0.78,2.42,0.3223140495867769
2017-03-31,0.76,2.4,0.3166666666666667
2017-04-03,0.79,2.35,0.33617021276595743
2017-04-04,0.79,2.36,0.33474576271186446
2017-04-05,0.8,2.34,0.34188034188034194
2017-04-06,0.79,2.34,0.33760683760683763
2017-04-07,0.82,2.38,0.3445378151260504
2017-04-10,0.82,2.37,0.34599156118143454
2017-04-11,0.82,2.32,0.35344827586206895
2017-04-12,0.81,2.28,0.3552631578947369
2017-04-13,0.81,2.24,0.36160714285714285
2017-04-14,,,
2017-04-17,0.83,2.26,0.3672566371681416
2017-04-18,0.82,2.18,0.37614678899082565
2017-04-19,0.81,2.21,0.36651583710407243
2017-04-20,0.79,2.24,0.3526785714285714
2017-04-21,0.79,2.24,0.3526785714285714
2017-04-24,0.81,2.28,0.3552631578947369
2017-04-25,0.82,2.35,0.3489361702127659
2017-04-26,0.83,2.32,0.3577586206896552
2017-04-27,0.81,2.3,0.35217391304347834
2017-04-28,0.8,2.29,0.3493449781659389
2017-05-01,0.83,2.33,0.3562231759656652
2017-05-02,0.82,2.29,0.3580786026200873
2017-05-03,0.85,2.33,0.3648068669527897
2017-05-04,0.86,2.36,0.364406779661017
2017-05-05,0.9,2.36,0.38135593220338987
2017-05-08,0.91,2.39,0.3807531380753138
2017-05-09,0.91,2.42,0.3760330578512397
2017-05-10,0.9,2.41,0.37344398340248963
2017-05-11,0.89,2.39,0.3723849372384937
2017-05-12,0.88,2.33,0.37768240343347637
2017-05-15,0.9,2.34,0.38461538461538464
2017-05-16,0.9,2.33,0.38626609442060084
2017-05-17,0.9,2.22,0.4054054054054054
2017-05-18,0.93,2.23,0.41704035874439466
2017-05-19,0.92,2.23,0.4125560538116592
2017-05-22,0.93,2.25,0.41333333333333333
2017-05-23,0.92,2.29,0.4017467248908297
2017-05-24,0.93,2.26,0.41150442477876115
2017-05-25,0.94,2.25,0.41777777777777775
2017-05-26,0.94,2.25,0.41777777777777775
2017-05-29,,,
2017-05-30,0.93,2.21,0.42081447963800905
2017-05-31,0.98,2.21,0.4434389140271493
2017-06-01,0.98,2.21,0.4434389140271493
2017-06-02,0.98,2.15,0.4558139534883721
2017-06-05,0.96,2.18,0.4403669724770642
2017-06-06,0.97,2.14,0.4532710280373831
2017-06-07,1.0,2.18,0.4587155963302752
2017-06-08,1.01,2.19,0.4611872146118722
2017-06-09,1.01,2.21,0.45701357466063347
2017-06-12,0.98,2.21,0.4434389140271493
2017-06-13,1.0,2.21,0.45248868778280543
2017-06-14,1.01,2.15,0.46976744186046515
2017-06-15,1.02,2.16,0.4722222222222222
2017-06-16,1.03,2.16,0.47685185185185186
2017-06-19,1.02,2.19,0.4657534246575343
2017-06-20,1.01,2.16,0.46759259259259256
2017-06-21,0.99,2.16,0.4583333333333333
2017-06-22,0.96,2.15,0.44651162790697674
2017-06-23,0.97,2.15,0.4511627906976744
2017-06-26,0.99,2.14,0.46261682242990654
2017-06-27,1.0,2.21,0.45248868778280543
2017-06-28,1.02,2.22,0.45945945945945943
2017-06-29,1.04,2.27,0.4581497797356828
2017-06-30,1.03,2.31,0.4458874458874459
2017-07-03,1.06,2.35,0.451063829787234
2017-07-04,,,
2017-07-05,1.05,2.33,0.45064377682403434
2017-07-06,1.04,2.37,0.43881856540084385
2017-07-07,1.05,2.39,0.4393305439330544
2017-07-10,1.04,2.38,0.43697478991596644
2017-07-11,1.05,2.37,0.4430379746835443
2017-07-12,1.05,2.33,0.45064377682403434
2017-07-13,1.05,2.35,0.44680851063829785
2017-07-14,1.04,2.33,0.44635193133047213
2017-07-17,1.07,2.31,0.46320346320346323
2017-07-18,1.07,2.27,0.4713656387665198
2017-07-19,1.11,2.27,0.4889867841409692
2017-07-20,1.15,2.27,0.5066079295154184
2017-07-21,1.16,2.24,0.5178571428571428
2017-07-24,1.17,2.26,0.5176991150442478
2017-07-25,1.18,2.33,0.5064377682403433
2017-07-26,1.13,2.29,0.4934497816593886
2017-07-27,1.11,2.32,0.47844827586206906
2017-07-28,1.08,2.3,0.4695652173913044
2017-07-31,1.07,2.3,0.4652173913043479
2017-08-01,1.08,2.26,0.47787610619469034
2017-08-02,1.08,2.27,0.4757709251101322
2017-08-03,1.08,2.24,0.48214285714285715
2017-08-04,1.08,2.27,0.4757709251101322
2017-08-07,1.02,2.26,0.4513274336283186
2017-08-08,1.06,2.29,0.462882096069869
2017-08-09,1.06,2.24,0.4732142857142857
2017-08-10,1.05,2.2,0.47727272727272724
2017-08-11,1.03,2.19,0.4703196347031964
2017-08-14,1.02,2.22,0.45945945945945943
2017-08-15,1.04,2.27,0.4581497797356828
2017-08-16,1.02,2.23,0.45739910313901344
2017-08-17,1.0,2.19,0.4566210045662101
2017-08-18,1.02,2.19,0.4657534246575343
2017-08-21,1.0,2.18,0.4587155963302752
2017-08-22,1.0,2.22,0.4504504504504504
2017-08-23,1.0,2.17,0.4608294930875576
2017-08-24,1.02,2.19,0.4657534246575343
2017-08-25,1.03,2.17,0.4746543778801844
2017-08-28,0.98,2.16,0.45370370370370366
2017-08-29,1.03,2.13,0.48356807511737093
2017-08-30,1.03,2.15,0.4790697674418605
2017-08-31,1.01,2.12,0.47641509433962265
2017-09-01,1.02,2.16,0.4722222222222222
2017-09-04,,,
2017-09-05,1.03,2.07,0.497584541062802
2017-09-06,1.07,2.1,0.5095238095238095
2017-09-07,1.05,2.05,0.5121951219512195
2017-09-08,1.04,2.06,0.5048543689320388
2017-09-11,1.05,2.14,0.49065420560747663
2017-09-12,1.03,2.17,0.4746543778801844
2017-09-13,1.04,2.2,0.4727272727272727
2017-09-14,1.05,2.2,0.47727272727272724
2017-09-15,1.05,2.2,0.47727272727272724
2017-09-18,1.05,2.23,0.47085201793721976
2017-09-19,1.04,2.24,0.46428571428571425
2017-09-20,1.04,2.28,0.456140350877193
2017-09-21,1.04,2.27,0.4581497797356828
2017-09-22,1.03,2.26,0.4557522123893806
2017-09-25,1.05,2.22,0.47297297297297297
2017-09-26,1.06,2.24,0.4732142857142857
2017-09-27,1.07,2.31,0.46320346320346323
2017-09-28,1.06,2.31,0.4588744588744589
2017-09-29,1.06,2.33,0.4549356223175966
2017-10-02,1.01,2.34,0.43162393162393164
2017-10-03,1.07,2.33,0.4592274678111588
2017-10-04,1.08,2.33,0.46351931330472107
2017-10-05,1.07,2.35,0.4553191489361702
2017-10-06,1.07,2.37,0.45147679324894513
2017-10-09,,,
2017-10-10,1.08,2.35,0.4595744680851064
2017-10-11,1.1,2.35,0.46808510638297873
2017-10-12,1.09,2.33,0.4678111587982833
2017-10-13,1.09,2.28,0.4780701754385966
2017-10-16,1.1,2.3,0.47826086956521746
2017-10-17,1.09,2.3,0.47391304347826096
2017-10-18,1.09,2.34,0.4658119658119659
2017-10-19,1.1,2.33,0.47210300429184554
2017-10-20,1.11,2.39,0.46443514644351463
2017-10-23,1.09,2.38,0.45798319327731096
2017-10-24,1.12,2.42,0.46280991735537197
2017-10-25,1.12,2.44,0.459016393442623
2017-10-26,1.11,2.46,0.451219512195122
2017-10-27,1.1,2.42,0.4545454545454546
2017-10-30,1.12,2.37,0.47257383966244726
2017-10-31,1.15,2.38,0.4831932773109244
2017-11-01,1.18,2.37,0.49789029535864976
2017-11-02,1.17,2.35,0.49787234042553186
2017-11-03,1.18,2.34,0.5042735042735043
2017-11-06,1.19,2.32,0.5129310344827587
2017-11-07,1.22,2.32,0.5258620689655172
2017-11-08,1.23,2.32,0.5301724137931034
2017-11-09,1.24,2.33,0.5321888412017167
2017-11-10,1.23,2.4,0.5125000000000001
2017-11-13,1.24,2.4,0.5166666666666667
2017-11-14,1.26,2.38,0.5294117647058824
2017-11-15,1.25,2.33,0.5364806866952789
2017-11-16,1.27,2.37,0.5358649789029536
2017-11-17,1.29,2.35,0.548936170212766
2017-11-20,1.3,2.37,0.5485232067510548
2017-11-21,1.3,2.36,0.5508474576271187
2017-11-22,1.29,2.32,0.5560344827586208
2017-11-23,,,
2017-11-24,1.29,2.34,0.5512820512820513
2017-11-27,1.27,2.32,0.5474137931034483
2017-11-28,1.3,2.34,0.5555555555555556
2017-11-29,1.29,2.37,0.5443037974683544
2017-11-30,1.27,2.42,0.5247933884297521
2017-12-01,1.27,2.37,0.5358649789029536
2017-12-04,1.29,2.37,0.5443037974683544
2017-12-05,1.3,2.36,0.5508474576271187
2017-12-06,1.3,2.33,0.5579399141630901
2017-12-07,1.29,2.37,0.5443037974683544
2017-12-08,1.28,2.38,0.5378151260504203
2017-12-11,1.33,2.39,0.5564853556485355
2017-12-12,1.34,2.4,0.5583333333333333
2017-12-13,1.3,2.36,0.5508474576271187
2017-12-14,1.32,2.35,0.5617021276595745
2017-12-15,1.31,2.35,0.5574468085106383
2017-12-18,1.38,2.39,0.5774058577405857
2017-12-19,1.37,2.46,0.5569105691056911
2017-12-20,1.38,2.49,0.5542168674698794
2017-12-21,1.35,2.48,0.5443548387096775
2017-12-22,1.33,2.48,0.5362903225806452
2017-12-25,,,
2017-12-26,1.47,2.47,0.5951417004048583
2017-12-27,1.44,2.42,0.5950413223140496
2017-12-28,1.39,2.43,0.5720164609053497
2017-12-29,1.39,2.4,0.5791666666666666
2018-01-01,,,
2018-01-02,1.44,2.46,0.5853658536585366
2018-01-03,1.41,2.44,0.5778688524590164
2018-01-04,1.41,2.46,0.573170731707317
2018-01-05,1.39,2.47,0.5627530364372468
2018-01-08,1.45,2.49,0.5823293172690762
2018-01-09,1.44,2.55,0.5647058823529412
2018-01-10,1.42,2.55,0.5568627450980392
2018-01-11,1.43,2.54,0.562992125984252
2018-01-12,1.43,2.55,0.5607843137254902
2018-01-15,,,
2018-01-16,1.45,2.54,0.5708661417322834
2018-01-17,1.44,2.57,0.5603112840466926
2018-01-18,1.45,2.62,0.5534351145038168
2018-01-19,1.44,2.64,0.5454545454545454
2018-01-22,1.44,2.66,0.5413533834586466
2018-01-23,1.44,2.63,0.5475285171102662
2018-01-24,1.43,2.65,0.539622641509434
2018-01-25,1.42,2.63,0.5399239543726235
2018-01-26,1.41,2.66,0.5300751879699247
2018-01-29,1.44,2.7,0.5333333333333333
2018-01-30,1.44,2.73,0.5274725274725275
2018-01-31,1.46,2.72,0.5367647058823529
2018-02-01,1.48,2.78,0.5323741007194245
2018-02-02,1.48,2.84,0.5211267605633803
2018-02-05,1.51,2.77,0.5451263537906137
2018-02-06,1.52,2.79,0.5448028673835126
2018-02-07,1.55,2.84,0.545774647887324
2018-02-08,1.55,2.85,0.543859649122807
2018-02-09,1.55,2.83,0.5477031802120141
2018-02-12,1.62,2.86,0.5664335664335665
2018-02-13,1.59,2.83,0.5618374558303887
2018-02-14,1.58,2.91,0.5429553264604811
2018-02-15,1.58,2.9,0.5448275862068966
2018-02-16,1.62,2.87,0.5644599303135889
2018-02-19,,,
2018-02-20,1.66,2.88,0.5763888888888888
2018-02-21,1.64,2.94,0.5578231292517006
2018-02-22,1.63,2.92,0.5582191780821918
2018-02-23,1.64,2.88,0.5694444444444444
2018-02-26,1.66,2.86,0.5804195804195804
2018-02-27,1.66,2.9,0.5724137931034483
2018-02-28,1.65,2.87,0.5749128919860627
2018-03-01,1.63,2.81,0.5800711743772241
2018-03-02,1.65,2.86,0.5769230769230769
2018-03-05,1.7,2.88,0.5902777777777778
2018-03-06,1.68,2.88,0.5833333333333334
2018-03-07,1.68,2.89,0.5813148788927335
2018-03-08,1.67,2.86,0.583916083916084
2018-03-09,1.67,2.9,0.5758620689655173
2018-03-12,1.71,2.87,0.5958188153310104
2018-03-13,1.73,2.84,0.6091549295774649
2018-03-14,1.76,2.81,0.6263345195729537
2018-03-15,1.77,2.82,0.6276595744680852
2018-03-16,1.78,2.85,0.6245614035087719
2018-03-19,1.8,2.85,0.631578947368421
2018-03-20,1.81,2.89,0.6262975778546712
2018-03-21,1.74,2.89,0.6020761245674741
2018-03-22,1.72,2.83,0.607773851590106
2018-03-23,1.74,2.82,0.6170212765957447
2018-03-26,1.79,2.85,0.6280701754385964
2018-03-27,1.77,2.78,0.6366906474820144
2018-03-28,1.73,2.77,0.6245487364620939
2018-03-29,1.73,2.74,0.6313868613138686
2018-03-30,,,
2018-04-02,1.77,2.73,0.6483516483516484
2018-04-03,1.75,2.79,0.6272401433691757
2018-04-04,1.71,2.79,0.6129032258064516
2018-04-05,1.72,2.83,0.607773851590106
2018-04-06,1.73,2.77,0.6245487364620939
2018-04-09,1.76,2.78,0.6330935251798562
2018-04-10,1.74,2.8,0.6214285714285714
2018-04-11,1.73,2.79,0.6200716845878136
2018-04-12,1.75,2.83,0.6183745583038869
2018-04-13,1.76,2.82,0.624113475177305
2018-04-16,1.79,2.83,0.6325088339222614
2018-04-17,1.8,2.82,0.6382978723404256
2018-04-18,1.81,2.87,0.6306620209059234
2018-04-19,1.82,2.92,0.6232876712328768
2018-04-20,1.81,2.96,0.6114864864864865
2018-04-23,1.87,2.98,0.62751677852349
2018-04-24,1.87,3.0,0.6233333333333334
2018-04-25,1.85,3.03,0.6105610561056106
2018-04-26,1.82,3.0,0.6066666666666667
2018-04-27,1.82,2.96,0.6148648648648649
2018-04-30,1.87,2.95,0.6338983050847458
2018-05-01,1.85,2.97,0.6228956228956228
2018-05-02,1.84,2.97,0.6195286195286195
2018-05-03,1.84,2.94,0.6258503401360545
2018-05-04,1.84,2.95,0.623728813559322
2018-05-07,1.86,2.95,0.6305084745762711
2018-05-08,1.87,2.97,0.6296296296296297
2018-05-09,1.88,3.0,0.6266666666666666
2018-05-10,1.9,2.97,0.6397306397306397
2018-05-11,1.92,2.97,0.6464646464646464
2018-05-14,1.93,3.0,0.6433333333333333
2018-05-15,1.92,3.08,0.6233766233766234
2018-05-16,1.92,3.09,0.6213592233009709
2018-05-17,1.92,3.11,0.617363344051447
2018-05-18,1.91,3.06,0.6241830065359477
2018-05-21,1.93,3.06,0.630718954248366
2018-05-22,1.93,3.06,0.630718954248366
2018-05-23,1.92,3.01,0.637873754152824
2018-05-24,1.91,2.98,0.6409395973154363
2018-05-25,1.9,2.93,0.6484641638225256
2018-05-28,,,
2018-05-29,1.93,2.77,0.6967509025270758
2018-05-30,1.94,2.84,0.6830985915492958
2018-05-31,1.93,2.83,0.6819787985865724
2018-06-01,1.92,2.89,0.6643598615916955
2018-06-04,1.94,2.94,0.6598639455782312
2018-06-05,1.94,2.92,0.6643835616438356
2018-06-06,1.95,2.97,0.6565656565656565
2018-06-07,1.94,2.93,0.6621160409556314
2018-06-08,1.93,2.93,0.6587030716723549
2018-06-11,1.94,2.96,0.6554054054054054
2018-06-12,1.92,2.96,0.6486486486486487
2018-06-13,1.94,2.98,0.6510067114093959
2018-06-14,1.94,2.94,0.6598639455782312
2018-06-15,1.94,2.93,0.6621160409556314
2018-06-18,1.94,2.92,0.6643835616438356
2018-06-19,1.94,2.89,0.671280276816609
2018-06-20,1.94,2.93,0.6621160409556314
2018-06-21,1.94,2.9,0.6689655172413793
2018-06-22,1.93,2.9,0.6655172413793103
2018-06-25,1.93,2.87,0.6724738675958187
2018-06-26,1.93,2.88,0.6701388888888888
2018-06-27,1.93,2.83,0.6819787985865724
2018-06-28,1.93,2.84,0.6795774647887324
2018-06-29,1.93,2.85,0.6771929824561403
2018-07-02,1.98,2.87,0.6898954703832753
2018-07-03,1.98,2.83,0.6996466431095406
2018-07-04,,,
2018-07-05,1.96,2.84,0.6901408450704225
2018-07-06,1.97,2.82,0.698581560283688
2018-07-09,1.98,2.86,0.6923076923076923
2018-07-10,1.99,2.87,0.6933797909407665
2018-07-11,1.97,2.85,0.6912280701754385
2018-07-12,1.98,2.85,0.6947368421052631
2018-07-13,1.98,2.83,0.6996466431095406
2018-07-16,2.01,2.85,0.7052631578947367
2018-07-17,2.02,2.86,0.7062937062937064
2018-07-18,2.0,2.88,0.6944444444444444
2018-07-19,2.0,2.84,0.7042253521126761
2018-07-20,1.99,2.89,0.6885813148788927
2018-07-23,1.99,2.96,0.6722972972972973
2018-07-24,2.02,2.95,0.6847457627118644
2018-07-25,2.01,2.94,0.6836734693877551
2018-07-26,1.99,2.98,0.6677852348993288
2018-07-27,2.0,2.96,0.6756756756756757
2018-07-30,2.04,2.98,0.6845637583892618
2018-07-31,2.03,2.96,0.6858108108108107
2018-08-01,2.03,3.0,0.6766666666666666
2018-08-02,2.02,2.98,0.6778523489932886
2018-08-03,2.01,2.95,0.6813559322033897
2018-08-06,2.05,2.94,0.6972789115646258
2018-08-07,2.06,2.98,0.6912751677852349
2018-08-08,2.06,2.96,0.6959459459459459
2018-08-09,2.06,2.93,0.7030716723549488
2018-08-10,2.05,2.87,0.7142857142857142
2018-08-13,2.06,2.88,0.7152777777777778
2018-08-14,2.08,2.89,0.7197231833910035
2018-08-15,2.07,2.86,0.7237762237762237
2018-08-16,2.07,2.87,0.7212543554006968
2018-08-17,2.05,2.87,0.7142857142857142
2018-08-20,2.06,2.82,0.7304964539007093
2018-08-21,2.08,2.85,0.7298245614035088
2018-08-22,2.09,2.82,0.7411347517730497
2018-08-23,2.08,2.82,0.7375886524822696
2018-08-24,2.09,2.82,0.7411347517730497
2018-08-27,2.12,2.85,0.743859649122807
2018-08-28,2.13,2.88,0.7395833333333334
2018-08-29,2.13,2.89,0.7370242214532872
2018-08-30,2.11,2.86,0.7377622377622377
2018-08-31,2.11,2.86,0.7377622377622377
2018-09-03,,,
2018-09-04,2.13,2.9,0.7344827586206897
2018-09-05,2.14,2.9,0.7379310344827587
2018-09-06,2.13,2.88,0.7395833333333334
2018-09-07,2.14,2.94,0.7278911564625851
2018-09-10,2.14,2.94,0.7278911564625851
2018-09-11,2.15,2.98,0.7214765100671141
2018-09-12,2.16,2.97,0.7272727272727273
2018-09-13,2.15,2.97,0.7239057239057238
2018-09-14,2.16,2.99,0.7224080267558528
2018-09-17,2.16,2.99,0.7224080267558528
2018-09-18,2.17,3.05,0.7114754098360656
2018-09-19,2.16,3.08,0.7012987012987013
2018-09-20,2.17,3.07,0.7068403908794788
2018-09-21,2.18,3.07,0.7100977198697069
2018-09-24,2.22,3.08,0.7207792207792209
2018-09-25,2.21,3.1,0.7129032258064516
2018-09-26,2.2,3.06,0.7189542483660131
2018-09-27,2.18,3.06,0.7124183006535948
2018-09-28,2.19,3.05,0.718032786885246
2018-10-01,2.23,3.09,0.7216828478964401
2018-10-02,2.23,3.05,0.7311475409836066
2018-10-03,2.23,3.15,0.707936507936508
2018-10-04,2.22,3.19,0.6959247648902822
2018-10-05,2.23,3.23,0.6904024767801857
2018-10-08,,,
2018-10-09,2.25,3.21,0.7009345794392523
2018-10-10,2.27,3.22,0.7049689440993788
2018-10-11,2.27,3.14,0.7229299363057324
2018-10-12,2.28,3.15,0.7238095238095238
2018-10-15,2.31,3.16,0.7310126582278481
2018-10-16,2.3,3.16,0.7278481012658227
2018-10-17,2.31,3.19,0.7241379310344828
2018-10-18,2.32,3.17,0.7318611987381703
2018-10-19,2.31,3.2,0.7218749999999999
2018-10-22,2.34,3.2,0.73125
2018-10-23,2.33,3.17,0.7350157728706626
2018-10-24,2.34,3.1,0.7548387096774193
2018-10-25,2.34,3.14,0.7452229299363057
2018-10-26,2.33,3.08,0.7564935064935066
2018-10-29,2.34,3.08,0.7597402597402597
2018-10-30,2.33,3.12,0.7467948717948718
2018-10-31,2.34,3.15,0.7428571428571429
2018-11-01,2.32,3.14,0.7388535031847133
2018-11-02,2.33,3.22,0.7236024844720497
2018-11-05,2.36,3.2,0.7374999999999999
2018-11-06,2.35,3.22,0.7298136645962733
2018-11-07,2.37,3.22,0.7360248447204969
2018-11-08,2.35,3.24,0.7253086419753086
2018-11-09,2.36,3.19,0.7398119122257053
2018-11-12,,,
2018-11-13,2.38,3.14,0.7579617834394904
2018-11-14,2.38,3.12,0.7628205128205128
2018-11-15,2.37,3.11,0.7620578778135049
2018-11-16,2.36,3.08,0.7662337662337662
2018-11-19,2.38,3.06,0.7777777777777777
2018-11-20,2.39,3.06,0.7810457516339869
2018-11-21,2.41,3.06,0.7875816993464052
2018-11-22,,,
2018-11-23,2.41,3.05,0.7901639344262296
2018-11-26,2.41,3.07,0.7850162866449513
2018-11-27,2.41,3.06,0.7875816993464052
2018-11-28,2.4,3.06,0.7843137254901961
2018-11-29,2.37,3.03,0.7821782178217823
2018-11-30,2.37,3.01,0.7873754152823921
2018-12-03,2.38,2.98,0.7986577181208053
2018-12-04,2.42,2.91,0.831615120274914
2018-12-05,,,
2018-12-06,2.41,2.87,0.8397212543554007
2018-12-07,2.4,2.85,0.8421052631578947
2018-12-10,2.41,2.85,0.8456140350877194
2018-12-11,2.41,2.89,0.8339100346020761
2018-12-12,2.43,2.91,0.8350515463917526
2018-12-13,2.43,2.91,0.8350515463917526
2018-12-14,2.42,2.89,0.8373702422145328
2018-12-17,2.4,2.86,0.8391608391608392
2018-12-18,2.39,2.82,0.847517730496454
2018-12-19,2.4,2.77,0.8664259927797834
2018-12-20,2.39,2.79,0.8566308243727598
2018-12-21,2.39,2.79,0.8566308243727598
2018-12-24,2.45,2.74,0.8941605839416058
2018-12-25,,,
2018-12-26,2.44,2.81,0.8683274021352313
2018-12-27,2.41,2.77,0.8700361010830325
2018-12-28,2.4,2.72,0.8823529411764705
2018-12-31,2.45,2.69,0.9107806691449815
2019-01-01,,,
2019-01-02,2.42,2.66,0.9097744360902255
2019-01-03,2.41,2.56,0.94140625
2019-01-04,2.42,2.67,0.9063670411985019
2019-01-07,2.45,2.7,0.9074074074074074
2019-01-08,2.46,2.73,0.9010989010989011
2019-01-09,2.45,2.74,0.8941605839416058
2019-01-10,2.43,2.74,0.8868613138686131
2019-01-11,2.43,2.71,0.896678966789668
2019-01-14,2.45,2.71,0.904059040590406
2019-01-15,2.45,2.72,0.9007352941176471
2019-01-16,2.43,2.73,0.8901098901098902
2019-01-17,2.42,2.75,0.88
2019-01-18,2.41,2.79,0.8637992831541219
2019-01-21,,,
2019-01-22,2.43,2.74,0.8868613138686131
2019-01-23,2.41,2.76,0.8731884057971016
2019-01-24,2.37,2.72,0.8713235294117647
2019-01-25,2.39,2.76,0.8659420289855073
2019-01-28,2.42,2.75,0.88
2019-01-29,2.42,2.72,0.8897058823529411
2019-01-30,2.42,2.7,0.8962962962962963
2019-01-31,2.41,2.63,0.9163498098859316
2019-02-01,2.4,2.7,0.8888888888888888
2019-02-04,2.42,2.73,0.8864468864468864
2019-02-05,2.42,2.71,0.8929889298892989
2019-02-06,2.42,2.7,0.8962962962962963
2019-02-07,2.42,2.65,0.9132075471698113
2019-02-08,2.43,2.63,0.9239543726235743
2019-02-11,2.45,2.65,0.9245283018867926
2019-02-12,2.43,2.68,0.9067164179104478
2019-02-13,2.44,2.71,0.9003690036900369
2019-02-14,2.43,2.66,0.9135338345864662
2019-02-15,2.43,2.66,0.9135338345864662
2019-02-18,,,
2019-02-19,2.45,2.65,0.9245283018867926
2019-02-20,2.45,2.65,0.9245283018867926
2019-02-21,2.45,2.69,0.9107806691449815
2019-02-22,2.46,2.65,0.9283018867924528
2019-02-25,2.47,2.67,0.9250936329588016
2019-02-26,2.45,2.64,0.9280303030303031
2019-02-27,2.45,2.69,0.9107806691449815
2019-02-28,2.45,2.73,0.8974358974358975
2019-03-01,2.44,2.76,0.8840579710144928
2019-03-04,2.46,2.72,0.9044117647058822
2019-03-05,2.46,2.72,0.9044117647058822
2019-03-06,2.47,2.69,0.9182156133828997
2019-03-07,2.45,2.64,0.9280303030303031
2019-03-08,2.46,2.62,0.9389312977099236
2019-03-11,2.46,2.64,0.9318181818181818
2019-03-12,2.46,2.61,0.942528735632184
2019-03-13,2.45,2.61,0.938697318007663
2019-03-14,2.45,2.63,0.9315589353612168
2019-03-15,2.45,2.59,0.945945945945946
2019-03-18,2.44,2.6,0.9384615384615385
2019-03-19,2.46,2.61,0.942528735632184
2019-03-20,2.48,2.54,0.9763779527559054
2019-03-21,2.49,2.54,0.9803149606299213
2019-03-22,2.46,2.44,1.0081967213114753
2019-03-25,2.46,2.43,1.0123456790123455
2019-03-26,2.46,2.41,1.020746887966805
2019-03-27,2.44,2.39,1.0209205020920502
2019-03-28,2.43,2.39,1.0167364016736402
2019-03-29,2.4,2.41,0.9958506224066389
2019-04-01,2.43,2.49,0.9759036144578314
2019-04-02,2.42,2.48,0.9758064516129032
2019-04-03,2.44,2.52,0.9682539682539683
2019-04-04,2.44,2.51,0.9721115537848606
2019-04-05,2.44,2.5,0.976
2019-04-08,2.43,2.52,0.9642857142857143
2019-04-09,2.42,2.51,0.9641434262948207
2019-04-10,2.43,2.48,0.9798387096774194
2019-04-11,2.43,2.51,0.9681274900398408
2019-04-12,2.44,2.56,0.953125
2019-04-15,2.43,2.55,0.9529411764705884
2019-04-16,2.43,2.6,0.9346153846153846
2019-04-17,2.44,2.59,0.9420849420849421
2019-04-18,2.42,2.57,0.9416342412451362
2019-04-19,,,
2019-04-22,2.44,2.59,0.9420849420849421
2019-04-23,2.45,2.57,0.9533073929961091
2019-04-24,2.44,2.53,0.9644268774703558
2019-04-25,2.43,2.54,0.9566929133858268
2019-04-26,2.42,2.51,0.9641434262948207
2019-04-29,2.44,2.54,0.9606299212598425
2019-04-30,2.43,2.51,0.9681274900398408
2019-05-01,2.43,2.52,0.9642857142857143
2019-05-02,2.47,2.55,0.9686274509803923
2019-05-03,2.43,2.54,0.9566929133858268
2019-05-06,2.44,2.51,0.9721115537848606
2019-05-07,2.43,2.45,0.9918367346938776
2019-05-08,2.43,2.49,0.9759036144578314
2019-05-09,2.43,2.45,0.9918367346938776
2019-05-10,2.43,2.47,0.9838056680161943
2019-05-13,2.41,2.4,1.0041666666666669
2019-05-14,2.41,2.42,0.9958677685950414
2019-05-15,2.42,2.37,1.021097046413502
2019-05-16,2.4,2.4,1.0
2019-05-17,2.39,2.39,1.0
2019-05-20,2.39,2.41,0.991701244813278
2019-05-21,2.39,2.43,0.9835390946502057
2019-05-22,2.38,2.39,0.9958158995815899
2019-05-23,2.37,2.31,1.025974025974026
2019-05-24,2.35,2.32,1.0129310344827587
2019-05-27,,,
2019-05-28,2.37,2.26,1.0486725663716816
2019-05-29,2.37,2.25,1.0533333333333335
2019-05-30,2.38,2.22,1.072072072072072
2019-05-31,2.35,2.14,1.0981308411214954
2019-06-03,2.35,2.07,1.135265700483092
2019-06-04,2.35,2.12,1.1084905660377358
2019-06-05,2.35,2.12,1.1084905660377358
2019-06-06,2.33,2.12,1.099056603773585
2019-06-07,2.28,2.09,1.0909090909090908
2019-06-10,2.29,2.15,1.0651162790697675
2019-06-11,2.27,2.15,1.0558139534883721
2019-06-12,2.24,2.13,1.051643192488263
2019-06-13,2.19,2.1,1.0428571428571427
2019-06-14,2.2,2.09,1.0526315789473686
2019-06-17,2.23,2.09,1.0669856459330145
2019-06-18,2.22,2.06,1.0776699029126213
2019-06-19,2.18,2.03,1.0738916256157638
2019-06-20,2.14,2.01,1.0646766169154231
2019-06-21,2.11,2.07,1.0193236714975846
2019-06-24,2.13,2.02,1.0544554455445545
2019-06-25,2.12,2.0,1.06
2019-06-26,2.15,2.05,1.048780487804878
2019-06-27,2.14,2.01,1.0646766169154231
2019-06-28,2.12,2.0,1.06
2019-07-01,2.21,2.03,1.0886699507389164
2019-07-02,2.2,1.98,1.1111111111111112
2019-07-03,2.21,1.96,1.1275510204081634
2019-07-04,,,
2019-07-05,2.23,2.04,1.0931372549019607
2019-07-08,2.26,2.05,1.102439024390244
2019-07-09,2.26,2.07,1.0917874396135265
2019-07-10,2.2,2.07,1.06280193236715
2019-07-11,2.17,2.13,1.0187793427230047
2019-07-12,2.14,2.12,1.009433962264151
2019-07-15,2.16,2.09,1.0334928229665072
2019-07-16,2.15,2.13,1.0093896713615023
2019-07-17,2.14,2.06,1.0388349514563107
2019-07-18,2.05,2.04,1.0049019607843137
2019-07-19,2.06,2.05,1.0048780487804878
2019-07-22,2.09,2.05,1.0195121951219512
2019-07-23,2.06,2.08,0.9903846153846154
2019-07-24,2.1,2.05,1.024390243902439
2019-07-25,2.1,2.08,1.0096153846153846
2019-07-26,2.12,2.08,1.0192307692307692
2019-07-29,2.12,2.06,1.029126213592233
2019-07-30,2.08,2.06,1.0097087378640777
2019-07-31,2.08,2.02,1.0297029702970297
2019-08-01,2.07,1.9,1.0894736842105264
2019-08-02,2.06,1.86,1.10752688172043
2019-08-05,2.05,1.75,1.1714285714285713
2019-08-06,2.05,1.73,1.1849710982658959
2019-08-07,2.02,1.71,1.1812865497076024
2019-08-08,2.02,1.72,1.1744186046511629
2019-08-09,2.0,1.74,1.1494252873563218
2019-08-12,2.0,1.65,1.2121212121212122
2019-08-13,2.0,1.68,1.1904761904761905
2019-08-14,1.96,1.59,1.2327044025157232
2019-08-15,1.91,1.52,1.256578947368421
2019-08-16,1.87,1.55,1.206451612903226
2019-08-19,1.94,1.6,1.2125
2019-08-20,1.94,1.55,1.2516129032258063
2019-08-21,1.97,1.59,1.2389937106918238
2019-08-22,2.0,1.62,1.2345679012345678
2019-08-23,1.97,1.52,1.2960526315789473
2019-08-26,2.01,1.54,1.305194805194805
2019-08-27,1.98,1.49,1.3288590604026846
2019-08-28,1.99,1.47,1.3537414965986394
2019-08-29,1.99,1.5,1.3266666666666667
2019-08-30,1.99,1.5,1.3266666666666667
2019-09-02,,,
2019-09-03,1.98,1.47,1.346938775510204
2019-09-04,1.97,1.47,1.3401360544217686
2019-09-05,1.97,1.57,1.2547770700636942
2019-09-06,1.96,1.55,1.264516129032258
2019-09-09,1.96,1.63,1.2024539877300615
2019-09-10,1.95,1.72,1.1337209302325582
2019-09-11,1.96,1.75,1.1199999999999999
2019-09-12,1.95,1.79,1.089385474860335
2019-09-13,1.96,1.9,1.0315789473684212
2019-09-16,1.99,1.84,1.0815217391304348
2019-09-17,1.99,1.81,1.0994475138121547
2019-09-18,1.95,1.8,1.0833333333333333
2019-09-19,1.93,1.79,1.0782122905027933
2019-09-20,1.91,1.74,1.0977011494252873
2019-09-23,1.94,1.72,1.127906976744186
2019-09-24,1.92,1.64,1.170731707317073
2019-09-25,1.89,1.73,1.092485549132948
2019-09-26,1.83,1.7,1.0764705882352943
2019-09-27,1.8,1.69,1.0650887573964498
2019-09-30,1.88,1.68,1.119047619047619
2019-10-01,1.82,1.65,1.103030303030303
2019-10-02,1.79,1.6,1.11875
2019-10-03,1.7,1.54,1.103896103896104
2019-10-04,1.71,1.52,1.125
2019-10-07,1.75,1.56,1.1217948717948718
2019-10-08,1.72,1.54,1.1168831168831168
2019-10-09,1.69,1.59,1.0628930817610063
2019-10-10,1.68,1.67,1.0059880239520957
2019-10-11,1.68,1.76,0.9545454545454545
2019-10-14,,,
2019-10-15,1.67,1.77,0.943502824858757
2019-10-16,1.66,1.75,0.9485714285714285
2019-10-17,1.66,1.76,0.9431818181818181
2019-10-18,1.66,1.76,0.9431818181818181
2019-10-21,1.67,1.8,0.9277777777777777
2019-10-22,1.65,1.78,0.9269662921348314
2019-10-23,1.65,1.77,0.9322033898305084
2019-10-24,1.67,1.77,0.943502824858757
2019-10-25,1.66,1.8,0.9222222222222222
2019-10-28,1.65,1.85,0.8918918918918918
2019-10-29,1.63,1.84,0.8858695652173912
2019-10-30,1.62,1.78,0.9101123595505618
2019-10-31,1.54,1.69,0.911242603550296
2019-11-01,1.52,1.73,0.8786127167630058
2019-11-04,1.53,1.79,0.8547486033519553
2019-11-05,1.56,1.86,0.8387096774193549
2019-11-06,1.56,1.81,0.861878453038674
2019-11-07,1.56,1.92,0.8125000000000001
2019-11-08,1.55,1.94,0.7989690721649485
2019-11-11,,,
2019-11-12,1.59,1.92,0.8281250000000001
2019-11-13,1.57,1.88,0.8351063829787235
2019-11-14,1.57,1.82,0.8626373626373627
2019-11-15,1.57,1.84,0.8532608695652174
2019-11-18,1.57,1.81,0.8674033149171271
2019-11-19,1.57,1.79,0.8770949720670391
2019-11-20,1.57,1.73,0.9075144508670521
2019-11-21,1.58,1.77,0.8926553672316384
2019-11-22,1.58,1.77,0.8926553672316384
2019-11-25,1.61,1.76,0.9147727272727273
2019-11-26,1.6,1.74,0.9195402298850576
2019-11-27,1.62,1.77,0.9152542372881356
2019-11-28,,,
2019-11-29,1.59,1.78,0.8932584269662922
2019-12-02,1.6,1.83,0.8743169398907104
2019-12-03,1.57,1.72,0.9127906976744187
2019-12-04,1.55,1.77,0.8757062146892656
2019-12-05,1.54,1.8,0.8555555555555555
2019-12-06,1.53,1.84,0.8315217391304348
2019-12-09,1.54,1.83,0.8415300546448087
2019-12-10,1.56,1.85,0.8432432432432432
2019-12-11,1.57,1.79,0.8770949720670391
2019-12-12,1.56,1.9,0.8210526315789475
2019-12-13,1.57,1.82,0.8626373626373627
2019-12-16,1.57,1.89,0.8306878306878308
2019-12-17,1.56,1.89,0.8253968253968255
2019-12-18,1.56,1.92,0.8125000000000001
2019-12-19,1.57,1.92,0.8177083333333334
2019-12-20,1.58,1.92,0.8229166666666667
2019-12-23,1.59,1.93,0.8238341968911918
2019-12-24,1.58,1.9,0.8315789473684211
2019-12-25,,,
2019-12-26,1.58,1.9,0.8315789473684211
2019-12-27,1.57,1.88,0.8351063829787235
2019-12-30,1.57,1.9,0.8263157894736843
2019-12-31,1.55,1.92,0.8072916666666667
2020-01-01,,,
2020-01-02,1.54,1.88,0.8191489361702128
2020-01-03,1.52,1.8,0.8444444444444444
2020-01-06,1.56,1.81,0.861878453038674
2020-01-07,1.54,1.83,0.8415300546448087
2020-01-08,1.54,1.87,0.8235294117647058
2020-01-09,1.54,1.85,0.8324324324324324
2020-01-10,1.54,1.83,0.8415300546448087
2020-01-13,1.57,1.85,0.8486486486486486
2020-01-14,1.57,1.82,0.8626373626373627
2020-01-15,1.57,1.79,0.8770949720670391
2020-01-16,1.55,1.81,0.856353591160221
2020-01-17,1.56,1.84,0.8478260869565217
2020-01-20,,,
2020-01-21,1.56,1.78,0.8764044943820225
2020-01-22,1.55,1.77,0.8757062146892656
2020-01-23,1.55,1.74,0.8908045977011495
2020-01-24,1.54,1.7,0.9058823529411765
2020-01-27,1.55,1.61,0.9627329192546583
2020-01-28,1.57,1.65,0.9515151515151516
2020-01-29,1.56,1.6,0.975
2020-01-30,1.57,1.57,1.0
2020-01-31,1.55,1.51,1.0264900662251655
2020-02-03,1.57,1.54,1.0194805194805194
2020-02-04,1.57,1.61,0.9751552795031055
2020-02-05,1.57,1.66,0.9457831325301206
2020-02-06,1.57,1.65,0.9515151515151516
2020-02-07,1.56,1.59,0.9811320754716981
2020-02-10,1.58,1.56,1.0128205128205128
2020-02-11,1.57,1.59,0.9874213836477987
2020-02-12,1.58,1.62,0.9753086419753086
2020-02-13,1.59,1.61,0.9875776397515528
2020-02-14,1.58,1.59,0.9937106918238994
2020-02-17,,,
2020-02-18,1.58,1.55,1.0193548387096774
2020-02-19,1.58,1.56,1.0128205128205128
2020-02-20,1.58,1.52,1.0394736842105263
2020-02-21,1.56,1.46,1.0684931506849316
2020-02-24,1.53,1.38,1.108695652173913
2020-02-25,1.53,1.33,1.150375939849624
2020-02-26,1.53,1.33,1.150375939849624
2020-02-27,1.45,1.3,1.1153846153846154
2020-02-28,1.27,1.13,1.1238938053097347
2020-03-02,1.13,1.1,1.0272727272727271
2020-03-03,0.95,1.02,0.9313725490196078
2020-03-04,0.72,1.02,0.7058823529411764
2020-03-05,0.62,0.92,0.6739130434782609
2020-03-06,0.45,0.74,0.6081081081081081
2020-03-09,0.33,0.54,0.611111111111111
2020-03-10,0.44,0.76,0.5789473684210527
2020-03-11,0.42,0.82,0.5121951219512195
2020-03-12,0.33,0.88,0.375
2020-03-13,0.28,0.94,0.29787234042553196
2020-03-16,0.24,0.73,0.3287671232876712
2020-03-17,0.19,1.02,0.18627450980392157
2020-03-18,0.02,1.18,0.01694915254237288
2020-03-19,0.04,1.12,0.03571428571428571
2020-03-20,0.05,0.92,0.05434782608695652
2020-03-23,0.02,0.76,0.02631578947368421
2020-03-24,0.01,0.84,0.011904761904761906
2020-03-25,0.0,0.88,0.0
2020-03-26,0.0,0.83,0.0
2020-03-27,0.03,0.72,0.041666666666666664
2020-03-30,0.12,0.7,0.17142857142857143
2020-03-31,0.11,0.7,0.15714285714285717
2020-04-01,0.09,0.62,0.14516129032258063
2020-04-02,0.09,0.63,0.14285714285714285
2020-04-03,0.1,0.62,0.16129032258064518
2020-04-06,0.15,0.67,0.22388059701492535
2020-04-07,0.14,0.75,0.18666666666666668
2020-04-08,0.22,0.77,0.2857142857142857
2020-04-09,0.25,0.73,0.3424657534246575
2020-04-10,,,
2020-04-13,0.26,0.76,0.34210526315789475
2020-04-14,0.2,0.76,0.2631578947368421
2020-04-15,0.14,0.63,0.22222222222222224
2020-04-16,0.14,0.61,0.2295081967213115
2020-04-17,0.12,0.65,0.1846153846153846
2020-04-20,0.12,0.63,0.19047619047619047
2020-04-21,0.11,0.58,0.18965517241379312
2020-04-22,0.12,0.63,0.19047619047619047
2020-04-23,0.11,0.61,0.18032786885245902
2020-04-24,0.12,0.6,0.2
2020-04-27,0.12,0.67,0.1791044776119403
2020-04-28,0.11,0.62,0.1774193548387097
2020-04-29,0.1,0.63,0.15873015873015875
2020-04-30,0.09,0.64,0.140625
2020-05-01,0.12,0.64,0.1875
2020-05-04,0.13,0.64,0.203125
2020-05-05,0.13,0.66,0.19696969696969696
2020-05-06,0.12,0.72,0.16666666666666666
2020-05-07,0.11,0.63,0.1746031746031746
2020-05-08,0.12,0.69,0.17391304347826086
2020-05-11,0.12,0.73,0.1643835616438356
2020-05-12,0.13,0.69,0.1884057971014493
2020-05-13,0.13,0.64,0.203125
2020-05-14,0.12,0.63,0.19047619047619047
2020-05-15,0.12,0.64,0.1875
2020-05-18,0.13,0.73,0.17808219178082194
2020-05-19,0.13,0.7,0.18571428571428572
2020-05-20,0.12,0.68,0.1764705882352941
2020-05-21,0.12,0.68,0.1764705882352941
2020-05-22,0.12,0.66,0.1818181818181818
2020-05-25,,,
2020-05-26,0.14,0.69,0.20289855072463772
2020-05-27,0.15,0.68,0.2205882352941176
2020-05-28,0.15,0.7,0.2142857142857143
2020-05-29,0.14,0.65,0.2153846153846154
2020-06-01,0.14,0.66,0.21212121212121213
2020-06-02,0.15,0.68,0.2205882352941176
2020-06-03,0.16,0.77,0.20779220779220778
2020-06-04,0.15,0.82,0.18292682926829268
2020-06-05,0.15,0.91,0.16483516483516483
2020-06-08,0.17,0.88,0.1931818181818182
2020-06-09,0.19,0.84,0.2261904761904762
2020-06-10,0.17,0.75,0.22666666666666668
2020-06-11,0.17,0.66,0.25757575757575757
2020-06-12,0.16,0.71,0.22535211267605634
2020-06-15,0.18,0.71,0.2535211267605634
2020-06-16,0.17,0.75,0.22666666666666668
2020-06-17,0.17,0.74,0.22972972972972974
2020-06-18,0.16,0.71,0.22535211267605634
2020-06-19,0.15,0.7,0.2142857142857143
2020-06-22,0.16,0.71,0.22535211267605634
2020-06-23,0.16,0.72,0.22222222222222224
2020-06-24,0.15,0.69,0.2173913043478261
2020-06-25,0.16,0.68,0.23529411764705882
2020-06-26,0.14,0.64,0.21875000000000003
2020-06-29,0.14,0.64,0.21875000000000003
2020-06-30,0.16,0.66,0.24242424242424243
2020-07-01,0.14,0.69,0.20289855072463772
2020-07-02,0.14,0.68,0.2058823529411765
2020-07-03,,,
2020-07-06,0.15,0.69,0.2173913043478261
2020-07-07,0.15,0.65,0.23076923076923075
2020-07-08,0.15,0.67,0.22388059701492535
2020-07-09,0.13,0.62,0.20967741935483872
2020-07-10,0.13,0.65,0.2
2020-07-13,0.14,0.64,0.21875000000000003
2020-07-14,0.15,0.63,0.23809523809523808
2020-07-15,0.16,0.64,0.25
2020-07-16,0.11,0.62,0.1774193548387097
2020-07-17,0.11,0.64,0.171875
2020-07-20,0.13,0.62,0.20967741935483872
2020-07-21,0.13,0.61,0.21311475409836067
2020-07-22,0.13,0.6,0.21666666666666667
2020-07-23,0.12,0.59,0.2033898305084746
2020-07-24,0.11,0.59,0.1864406779661017
2020-07-27,0.11,0.62,0.1774193548387097
2020-07-28,0.11,0.59,0.1864406779661017
2020-07-29,0.11,0.58,0.18965517241379312
2020-07-30,0.09,0.55,0.1636363636363636
2020-07-31,0.09,0.55,0.1636363636363636
2020-08-03,0.1,0.56,0.17857142857142858
2020-08-04,0.09,0.52,0.17307692307692307
2020-08-05,0.1,0.55,0.18181818181818182
2020-08-06,0.1,0.55,0.18181818181818182
2020-08-07,0.1,0.57,0.1754385964912281
2020-08-10,0.11,0.59,0.1864406779661017
2020-08-11,0.11,0.64,0.171875
2020-08-12,0.11,0.69,0.15942028985507248
2020-08-13,0.1,0.71,0.14084507042253522
2020-08-14,0.1,0.71,0.14084507042253522
2020-08-17,0.1,0.69,0.1449275362318841
2020-08-18,0.09,0.67,0.13432835820895522
2020-08-19,0.11,0.68,0.16176470588235292
2020-08-20,0.11,0.65,0.1692307692307692
2020-08-21,0.1,0.64,0.15625
2020-08-24,0.12,0.65,0.1846153846153846
2020-08-25,0.11,0.69,0.15942028985507248
2020-08-26,0.11,0.69,0.15942028985507248
2020-08-27,0.11,0.74,0.14864864864864866
2020-08-28,0.1,0.74,0.13513513513513514
2020-08-31,0.11,0.72,0.1527777777777778
2020-09-01,0.12,0.68,0.1764705882352941
2020-09-02,0.12,0.66,0.1818181818181818
2020-09-03,0.11,0.63,0.1746031746031746
2020-09-04,0.11,0.72,0.1527777777777778
2020-09-07,,,
2020-09-08,0.13,0.69,0.1884057971014493
2020-09-09,0.12,0.71,0.16901408450704225
2020-09-10,0.12,0.68,0.1764705882352941
2020-09-11,0.11,0.67,0.16417910447761194
2020-09-14,0.11,0.68,0.16176470588235292
2020-09-15,0.11,0.68,0.16176470588235292
2020-09-16,0.12,0.69,0.17391304347826086
2020-09-17,0.09,0.69,0.13043478260869565
2020-09-18,0.1,0.7,0.14285714285714288
2020-09-21,0.1,0.68,0.14705882352941177
2020-09-22,0.1,0.68,0.14705882352941177
2020-09-23,0.11,0.68,0.16176470588235292
2020-09-24,0.1,0.67,0.14925373134328357
2020-09-25,0.1,0.66,0.15151515151515152
2020-09-28,0.11,0.67,0.16417910447761194
2020-09-29,0.09,0.66,0.13636363636363635
2020-09-30,0.1,0.69,0.1449275362318841
2020-10-01,0.09,0.68,0.13235294117647056
2020-10-02,0.09,0.7,0.1285714285714286
2020-10-05,0.1,0.78,0.12820512820512822
2020-10-06,0.1,0.76,0.13157894736842105
2020-10-07,0.1,0.81,0.12345679012345678
2020-10-08,0.09,0.78,0.11538461538461538
2020-10-09,0.1,0.79,0.12658227848101267
2020-10-12,,,
2020-10-13,0.11,0.74,0.14864864864864866
2020-10-14,0.12,0.73,0.1643835616438356
2020-10-15,0.11,0.74,0.14864864864864866
2020-10-16,0.11,0.76,0.14473684210526316
2020-10-19,0.11,0.78,0.14102564102564102
2020-10-20,0.1,0.81,0.12345679012345678
2020-10-21,0.1,0.83,0.12048192771084339
2020-10-22,0.09,0.87,0.10344827586206896
2020-10-23,0.1,0.85,0.11764705882352942
2020-10-26,0.11,0.81,0.13580246913580246
2020-10-27,0.1,0.79,0.12658227848101267
2020-10-28,0.1,0.79,0.12658227848101267
2020-10-29,0.09,0.85,0.10588235294117647
2020-10-30,0.09,0.88,0.10227272727272727
2020-11-02,0.09,0.87,0.10344827586206896
2020-11-03,0.1,0.9,0.11111111111111112
2020-11-04,0.1,0.78,0.12820512820512822
2020-11-05,0.1,0.79,0.12658227848101267
2020-11-06,0.1,0.83,0.12048192771084339
2020-11-09,0.11,0.96,0.11458333333333334
2020-11-10,0.1,0.98,0.10204081632653061
2020-11-11,,,
2020-11-12,0.1,0.88,0.11363636363636365
2020-11-13,0.09,0.89,0.10112359550561797
2020-11-16,0.09,0.91,0.0989010989010989
2020-11-17,0.09,0.87,0.10344827586206896
2020-11-18,0.09,0.88,0.10227272727272727
2020-11-19,0.07,0.86,0.08139534883720931
2020-11-20,0.07,0.83,0.08433734939759037
2020-11-23,0.08,0.86,0.09302325581395349
2020-11-24,0.09,0.88,0.10227272727272727
2020-11-25,0.09,0.88,0.10227272727272727
2020-11-26,,,
2020-11-27,0.09,0.84,0.10714285714285714
2020-11-30,0.08,0.84,0.09523809523809525
2020-12-01,0.09,0.92,0.09782608695652173
2020-12-02,0.09,0.95,0.09473684210526316
2020-12-03,0.08,0.92,0.08695652173913043
2020-12-04,0.09,0.97,0.09278350515463918
2020-12-07,0.08,0.94,0.08510638297872342
2020-12-08,0.09,0.92,0.09782608695652173
2020-12-09,0.08,0.95,0.08421052631578949
2020-12-10,0.08,0.92,0.08695652173913043
2020-12-11,0.08,0.9,0.08888888888888889
2020-12-14,0.09,0.9,0.09999999999999999
2020-12-15,0.08,0.92,0.08695652173913043
2020-12-16,0.09,0.92,0.09782608695652173
2020-12-17,0.08,0.94,0.08510638297872342
2020-12-18,0.08,0.95,0.08421052631578949
2020-12-21,0.09,0.95,0.09473684210526316
2020-12-22,0.09,0.93,0.0967741935483871
2020-12-23,0.09,0.96,0.09375
2020-12-24,0.09,0.94,0.09574468085106383
2020-12-25,,,
2020-12-28,0.11,0.94,0.11702127659574468
2020-12-29,0.1,0.94,0.10638297872340427
2020-12-30,0.08,0.93,0.08602150537634408
2020-12-31,0.09,0.93,0.0967741935483871
2021-01-01,,,
2021-01-04,0.09,0.93,0.0967741935483871
2021-01-05,0.09,0.96,0.09375
2021-01-06,0.09,1.04,0.08653846153846154
2021-01-07,0.09,1.08,0.08333333333333333
2021-01-08,0.08,1.13,0.07079646017699116
2021-01-11,0.08,1.15,0.06956521739130435
2021-01-12,0.09,1.15,0.0782608695652174
2021-01-13,0.09,1.1,0.0818181818181818
2021-01-14,0.09,1.15,0.0782608695652174
2021-01-15,0.09,1.11,0.08108108108108107
2021-01-18,,,
2021-01-19,0.09,1.1,0.0818181818181818
2021-01-20,0.08,1.1,0.07272727272727272
2021-01-21,0.09,1.12,0.08035714285714285
2021-01-22,0.08,1.1,0.07272727272727272
2021-01-25,0.09,1.05,0.0857142857142857
2021-01-26,0.07,1.05,0.06666666666666667
2021-01-27,0.08,1.04,0.07692307692307693
2021-01-28,0.07,1.07,0.06542056074766356
2021-01-29,0.06,1.11,0.05405405405405405
2021-02-01,0.07,1.09,0.06422018348623854
2021-02-02,0.07,1.12,0.0625
2021-02-03,0.04,1.15,0.034782608695652174
2021-02-04,0.04,1.15,0.034782608695652174
2021-02-05,0.03,1.19,0.025210084033613446
2021-02-08,0.05,1.19,0.04201680672268908
2021-02-09,0.04,1.18,0.03389830508474576
2021-02-10,0.05,1.15,0.04347826086956522
2021-02-11,0.05,1.16,0.04310344827586207
2021-02-12,0.04,1.2,0.03333333333333333
2021-02-15,,,
2021-02-16,0.04,1.3,0.030769230769230767
2021-02-17,0.04,1.29,0.031007751937984496
2021-02-18,0.03,1.29,0.023255813953488372
2021-02-19,0.04,1.34,0.029850746268656716
2021-02-22,0.03,1.37,0.0218978102189781
2021-02-23,0.04,1.37,0.029197080291970802
2021-02-24,0.03,1.38,0.021739130434782608
2021-02-25,0.04,1.54,0.025974025974025972
2021-02-26,0.04,1.44,0.02777777777777778
2021-03-01,0.05,1.45,0.034482758620689655
2021-03-02,0.04,1.42,0.028169014084507043
2021-03-03,0.05,1.47,0.034013605442176874
2021-03-04,0.04,1.54,0.025974025974025972
2021-03-05,0.04,1.56,0.02564102564102564
2021-03-08,0.05,1.59,0.031446540880503145
2021-03-09,0.05,1.55,0.03225806451612903
2021-03-10,0.04,1.53,0.026143790849673203
2021-03-11,0.04,1.54,0.025974025974025972
2021-03-12,0.04,1.64,0.024390243902439025
2021-03-15,0.04,1.62,0.024691358024691357
2021-03-16,0.02,1.62,0.012345679012345678
2021-03-17,0.02,1.63,0.012269938650306749
2021-03-18,0.01,1.71,0.0058479532163742695
2021-03-19,0.01,1.74,0.005747126436781609
2021-03-22,0.03,1.69,0.01775147928994083
2021-03-23,0.01,1.63,0.006134969325153374
2021-03-24,0.02,1.62,0.012345679012345678
2021-03-25,0.02,1.63,0.012269938650306749
2021-03-26,0.02,1.67,0.011976047904191617
2021-03-29,0.03,1.73,0.017341040462427744
2021-03-30,0.02,1.73,0.011560693641618498
2021-03-31,0.03,1.74,0.017241379310344827
2021-04-01,0.02,1.69,0.01183431952662722
2021-04-02,0.02,1.72,0.011627906976744186
2021-04-05,0.03,1.73,0.017341040462427744
2021-04-06,0.02,1.67,0.011976047904191617
2021-04-07,0.02,1.68,0.011904761904761906
2021-04-08,0.01,1.64,0.006097560975609756
2021-04-09,0.02,1.67,0.011976047904191617
2021-04-12,0.02,1.69,0.01183431952662722
2021-04-13,0.03,1.64,0.018292682926829267
2021-04-14,0.02,1.64,0.012195121951219513
2021-04-15,0.02,1.56,0.01282051282051282
2021-04-16,0.02,1.59,0.012578616352201257
2021-04-19,0.02,1.61,0.012422360248447204
2021-04-20,0.03,1.58,0.018987341772151896
2021-04-21,0.03,1.57,0.01910828025477707
2021-04-22,0.03,1.57,0.01910828025477707
2021-04-23,0.03,1.58,0.018987341772151896
2021-04-26,0.03,1.58,0.018987341772151896
2021-04-27,0.01,1.63,0.006134969325153374
2021-04-28,0.01,1.63,0.006134969325153374
2021-04-29,0.01,1.65,0.0060606060606060615
2021-04-30,0.01,1.65,0.0060606060606060615
2021-05-03,0.04,1.63,0.024539877300613498
2021-05-04,0.02,1.61,0.012422360248447204
2021-05-05,0.02,1.59,0.012578616352201257
2021-05-06,0.02,1.58,0.012658227848101266
2021-05-07,0.02,1.6,0.012499999999999999
2021-05-10,0.02,1.63,0.012269938650306749
2021-05-11,0.01,1.64,0.006097560975609756
2021-05-12,0.02,1.69,0.01183431952662722
2021-05-13,0.02,1.66,0.012048192771084338
2021-05-14,0.01,1.63,0.006134969325153374
2021-05-17,0.02,1.64,0.012195121951219513
2021-05-18,0.02,1.64,0.012195121951219513
2021-05-19,0.01,1.68,0.005952380952380953
2021-05-20,0.01,1.63,0.006134969325153374
2021-05-21,0.01,1.63,0.006134969325153374
2021-05-24,0.02,1.61,0.012422360248447204
2021-05-25,0.02,1.56,0.01282051282051282
2021-05-26,0.02,1.58,0.012658227848101266
2021-05-27,0.02,1.61,0.012422360248447204
2021-05-28,0.01,1.58,0.006329113924050633
2021-05-31,,,
2021-06-01,0.02,1.62,0.012345679012345678
2021-06-02,0.02,1.59,0.012578616352201257
2021-06-03,0.02,1.63,0.012269938650306749
2021-06-04,0.02,1.56,0.01282051282051282
2021-06-07,0.02,1.57,0.012738853503184712
2021-06-08,0.02,1.53,0.013071895424836602
2021-06-09,0.03,1.5,0.02
2021-06-10,0.03,1.45,0.020689655172413793
2021-06-11,0.03,1.47,0.02040816326530612
2021-06-14,0.03,1.51,0.019867549668874173
2021-06-15,0.03,1.51,0.019867549668874173
2021-06-16,0.04,1.57,0.025477707006369425
2021-06-17,0.04,1.52,0.02631578947368421
2021-06-18,0.05,1.45,0.034482758620689655
2021-06-21,0.05,1.5,0.03333333333333333
2021-06-22,0.04,1.48,0.02702702702702703
2021-06-23,0.05,1.5,0.03333333333333333
2021-06-24,0.05,1.49,0.03355704697986577
2021-06-25,0.06,1.54,0.03896103896103896
2021-06-28,0.05,1.49,0.03355704697986577
2021-06-29,0.04,1.49,0.026845637583892617
2021-06-30,0.05,1.45,0.034482758620689655
2021-07-01,0.05,1.48,0.033783783783783786
2021-07-02,0.05,1.44,0.034722222222222224
2021-07-05,,,
2021-07-06,0.05,1.37,0.0364963503649635
2021-07-07,0.05,1.33,0.03759398496240601
2021-07-08,0.06,1.3,0.04615384615384615
2021-07-09,0.06,1.37,0.0437956204379562
2021-07-12,0.05,1.38,0.03623188405797102
2021-07-13,0.05,1.42,0.035211267605633804
2021-07-14,0.06,1.37,0.0437956204379562
2021-07-15,0.05,1.31,0.03816793893129771
2021-07-16,0.05,1.31,0.03816793893129771
2021-07-19,0.05,1.19,0.04201680672268908
2021-07-20,0.05,1.23,0.04065040650406505
2021-07-21,0.05,1.3,0.038461538461538464
2021-07-22,0.05,1.27,0.03937007874015748
2021-07-23,0.05,1.3,0.038461538461538464
2021-07-26,0.05,1.29,0.03875968992248062
2021-07-27,0.05,1.25,0.04
2021-07-28,0.05,1.26,0.03968253968253969
2021-07-29,0.06,1.28,0.046875
2021-07-30,0.06,1.24,0.04838709677419355
2021-08-02,0.05,1.2,0.04166666666666667
2021-08-03,0.05,1.19,0.04201680672268908
2021-08-04,0.05,1.19,0.04201680672268908
2021-08-05,0.05,1.23,0.04065040650406505
2021-08-06,0.06,1.31,0.045801526717557245
2021-08-09,0.06,1.33,0.045112781954887216
2021-08-10,0.05,1.36,0.03676470588235294
2021-08-11,0.05,1.35,0.037037037037037035
2021-08-12,0.06,1.36,0.044117647058823525
2021-08-13,0.06,1.29,0.046511627906976744
2021-08-16,0.06,1.26,0.047619047619047616
2021-08-17,0.07,1.26,0.05555555555555556
2021-08-18,0.07,1.27,0.05511811023622048
2021-08-19,0.06,1.24,0.04838709677419355
2021-08-20,0.05,1.26,0.03968253968253969
2021-08-23,0.05,1.25,0.04
2021-08-24,0.05,1.29,0.03875968992248062
2021-08-25,0.06,1.35,0.04444444444444444
2021-08-26,0.05,1.34,0.03731343283582089
2021-08-27,0.05,1.31,0.03816793893129771
2021-08-30,0.05,1.29,0.03875968992248062
2021-08-31,0.04,1.3,0.030769230769230767
2021-09-01,0.05,1.31,0.03816793893129771
2021-09-02,0.05,1.29,0.03875968992248062
2021-09-03,0.05,1.33,0.03759398496240601
2021-09-06,,,
2021-09-07,0.05,1.38,0.03623188405797102
2021-09-08,0.05,1.35,0.037037037037037035
2021-09-09,0.04,1.3,0.030769230769230767
2021-09-10,0.05,1.35,0.037037037037037035
2021-09-13,0.06,1.33,0.045112781954887216
2021-09-14,0.04,1.28,0.03125
2021-09-15,0.04,1.31,0.030534351145038167
2021-09-16,0.04,1.34,0.029850746268656716
2021-09-17,0.04,1.37,0.029197080291970802
2021-09-20,0.04,1.31,0.030534351145038167
2021-09-21,0.03,1.33,0.022556390977443608
2021-09-22,0.03,1.32,0.022727272727272724
2021-09-23,0.03,1.41,0.02127659574468085
2021-09-24,0.03,1.47,0.02040816326530612
2021-09-27,0.04,1.48,0.02702702702702703
2021-09-28,0.04,1.54,0.025974025974025972
2021-09-29,0.04,1.55,0.025806451612903226
2021-09-30,0.04,1.52,0.02631578947368421
2021-10-01,0.04,1.48,0.02702702702702703
2021-10-04,0.04,1.49,0.026845637583892617
2021-10-05,0.04,1.54,0.025974025974025972
2021-10-06,0.04,1.53,0.026143790849673203
2021-10-07,0.05,1.58,0.03164556962025317
2021-10-08,0.05,1.61,0.031055900621118012
2021-10-11,,,
2021-10-12,0.06,1.59,0.03773584905660377
2021-10-13,0.05,1.56,0.032051282051282055
2021-10-14,0.05,1.52,0.03289473684210526
2021-10-15,0.05,1.59,0.031446540880503145
2021-10-18,0.06,1.59,0.03773584905660377
2021-10-19,0.05,1.65,0.030303030303030307
2021-10-20,0.05,1.65,0.030303030303030307
2021-10-21,0.06,1.68,0.03571428571428571
2021-10-22,0.06,1.66,0.03614457831325301
2021-10-25,0.06,1.64,0.036585365853658534
2021-10-26,0.06,1.63,0.03680981595092025
2021-10-27,0.06,1.54,0.03896103896103896
2021-10-28,0.06,1.57,0.03821656050955414
2021-10-29,0.05,1.55,0.03225806451612903
2021-11-01,0.05,1.58,0.03164556962025317
2021-11-02,0.05,1.56,0.032051282051282055
2021-11-03,0.05,1.6,0.03125
2021-11-04,0.04,1.53,0.026143790849673203
2021-11-05,0.05,1.45,0.034482758620689655
2021-11-08,0.06,1.51,0.039735099337748346
2021-11-09,0.04,1.46,0.027397260273972605
2021-11-10,0.05,1.56,0.032051282051282055
2021-11-11,,,
2021-11-12,0.05,1.58,0.03164556962025317
2021-11-15,0.05,1.63,0.030674846625766874
2021-11-16,0.05,1.63,0.030674846625766874
2021-11-17,0.05,1.6,0.03125
2021-11-18,0.05,1.59,0.031446540880503145
2021-11-19,0.05,1.54,0.03246753246753247
2021-11-22,0.05,1.63,0.030674846625766874
2021-11-23,0.06,1.67,0.03592814371257485
2021-11-24,0.06,1.64,0.036585365853658534
2021-11-25,,,
2021-11-26,0.06,1.48,0.04054054054054054
2021-11-29,0.06,1.52,0.039473684210526314
2021-11-30,0.05,1.43,0.03496503496503497
2021-12-01,0.06,1.43,0.04195804195804196
2021-12-02,0.05,1.44,0.034722222222222224
2021-12-03,0.06,1.35,0.04444444444444444
2021-12-06,0.05,1.43,0.03496503496503497
2021-12-07,0.06,1.48,0.04054054054054054
2021-12-08,0.07,1.52,0.04605263157894737
2021-12-09,0.06,1.49,0.040268456375838924
2021-12-10,0.06,1.48,0.04054054054054054
2021-12-13,0.05,1.42,0.035211267605633804
2021-12-14,0.05,1.44,0.034722222222222224
2021-12-15,0.05,1.47,0.034013605442176874
2021-12-16,0.05,1.44,0.034722222222222224
2021-12-17,0.05,1.41,0.03546099290780142
2021-12-20,0.07,1.43,0.04895104895104896
2021-12-21,0.07,1.48,0.0472972972972973
2021-12-22,0.08,1.46,0.05479452054794521
2021-12-23,0.07,1.5,0.04666666666666667
2021-12-24,,,
2021-12-27,0.06,1.48,0.04054054054054054
2021-12-28,0.06,1.49,0.040268456375838924
2021-12-29,0.05,1.55,0.03225806451612903
2021-12-30,0.05,1.52,0.03289473684210526
2021-12-31,0.06,1.52,0.039473684210526314
2022-01-03,0.08,1.63,0.049079754601226995
2022-01-04,0.08,1.66,0.04819277108433735
2022-01-05,0.09,1.71,0.05263157894736842
2022-01-06,0.1,1.73,0.05780346820809249
2022-01-07,0.1,1.76,0.05681818181818182
2022-01-10,0.13,1.78,0.07303370786516854
2022-01-11,0.11,1.75,0.06285714285714286
2022-01-12,0.12,1.74,0.06896551724137931
2022-01-13,0.12,1.7,0.07058823529411765
2022-01-14,0.13,1.78,0.07303370786516854
2022-01-17,,,
2022-01-18,0.16,1.87,0.0855614973262032
2022-01-19,0.17,1.83,0.09289617486338798
2022-01-20,0.17,1.83,0.09289617486338798
2022-01-21,0.17,1.75,0.09714285714285716
2022-01-24,0.19,1.75,0.10857142857142857
2022-01-25,0.19,1.78,0.10674157303370786
2022-01-26,0.19,1.85,0.1027027027027027
2022-01-27,0.2,1.81,0.11049723756906078
2022-01-28,0.19,1.78,0.10674157303370786
2022-01-31,0.22,1.79,0.12290502793296089
2022-02-01,0.19,1.81,0.10497237569060773
2022-02-02,0.19,1.78,0.10674157303370786
2022-02-03,0.2,1.82,0.10989010989010989
2022-02-04,0.23,1.93,0.11917098445595856
2022-02-07,0.27,1.92,0.14062500000000003
2022-02-08,0.25,1.96,0.12755102040816327
2022-02-09,0.26,1.94,0.13402061855670103
2022-02-10,0.4,2.03,0.1970443349753695
2022-02-11,0.36,1.92,0.1875
2022-02-14,0.43,1.98,0.21717171717171718
2022-02-15,0.4,2.05,0.19512195121951223
2022-02-16,0.38,2.03,0.187192118226601
2022-02-17,0.36,1.97,0.18274111675126903
2022-02-18,0.35,1.92,0.18229166666666666
2022-02-21,,,
2022-02-22,0.37,1.94,0.1907216494845361
2022-02-23,0.34,1.99,0.17085427135678394
2022-02-24,0.32,1.96,0.163265306122449
2022-02-25,0.33,1.97,0.16751269035532995
2022-02-28,0.35,1.83,0.1912568306010929
2022-03-01,0.32,1.72,0.18604651162790697
2022-03-02,0.34,1.86,0.1827956989247312
2022-03-03,0.38,1.86,0.2043010752688172
2022-03-04,0.34,1.74,0.19540229885057472
2022-03-07,0.38,1.78,0.21348314606741572
2022-03-08,0.36,1.86,0.1935483870967742
2022-03-09,0.38,1.94,0.1958762886597938
2022-03-10,0.39,1.98,0.196969696969697
2022-03-11,0.4,2.0,0.2
2022-03-14,0.45,2.14,0.2102803738317757
2022-03-15,0.46,2.15,0.21395348837209305
2022-03-16,0.44,2.19,0.20091324200913244
2022-03-17,0.4,2.2,0.18181818181818182
2022-03-18,0.42,2.14,0.19626168224299065
2022-03-21,0.54,2.32,0.2327586206896552
2022-03-22,0.51,2.38,0.2142857142857143
2022-03-23,0.5,2.32,0.21551724137931036
2022-03-24,0.52,2.34,0.22222222222222224
2022-03-25,0.55,2.48,0.22177419354838712
2022-03-28,0.59,2.46,0.23983739837398374
2022-03-29,0.55,2.41,0.22821576763485477
2022-03-30,0.55,2.35,0.23404255319148937
2022-03-31,0.52,2.32,0.2241379310344828
2022-04-01,0.53,2.39,0.2217573221757322
2022-04-04,0.66,2.42,0.27272727272727276
2022-04-05,0.65,2.54,0.2559055118110236
2022-04-06,0.67,2.61,0.2567049808429119
2022-04-07,0.68,2.66,0.2556390977443609
2022-04-08,0.7,2.72,0.25735294117647056
2022-04-11,0.77,2.79,0.27598566308243727
2022-04-12,0.74,2.72,0.27205882352941174
2022-04-13,0.75,2.7,0.27777777777777773
2022-04-14,0.79,2.83,0.2791519434628975
2022-04-15,,,
2022-04-18,0.81,2.85,0.28421052631578947
2022-04-19,0.81,2.93,0.2764505119453925
2022-04-20,0.82,2.85,0.287719298245614
2022-04-21,0.83,2.9,0.28620689655172415
2022-04-22,0.83,2.9,0.28620689655172415
2022-04-25,0.91,2.81,0.3238434163701068
2022-04-26,0.83,2.77,0.2996389891696751
2022-04-27,0.82,2.82,0.2907801418439716
2022-04-28,0.82,2.85,0.287719298245614
2022-04-29,0.85,2.89,0.2941176470588235
2022-05-02,0.9,2.99,0.3010033444816053
2022-05-03,0.91,2.97,0.3063973063973064
2022-05-04,0.89,2.93,0.30375426621160406
2022-05-05,0.85,3.05,0.27868852459016397
2022-05-06,0.85,3.12,0.2724358974358974
2022-05-09,0.92,3.05,0.3016393442622951
2022-05-10,0.89,2.99,0.29765886287625415
2022-05-11,0.91,2.91,0.3127147766323024
2022-05-12,0.96,2.84,0.3380281690140845
2022-05-13,1.03,2.93,0.3515358361774744
2022-05-16,1.07,2.88,0.3715277777777778
2022-05-17,1.06,2.98,0.3557046979865772
2022-05-18,1.03,2.89,0.356401384083045
2022-05-19,1.05,2.84,0.36971830985915494
2022-05-20,1.03,2.78,0.3705035971223022
2022-05-23,1.07,2.86,0.37412587412587417
2022-05-24,1.06,2.76,0.3840579710144928
2022-05-25,1.06,2.75,0.3854545454545455
2022-05-26,1.07,2.75,0.3890909090909091
2022-05-27,1.08,2.74,0.39416058394160586
2022-05-30,,,
2022-05-31,1.16,2.85,0.40701754385964906
2022-06-01,1.15,2.94,0.391156462585034
2022-06-02,1.17,2.92,0.4006849315068493
2022-06-03,1.21,2.96,0.40878378378378377
2022-06-06,1.26,3.04,0.4144736842105263
2022-06-07,1.26,2.98,0.4228187919463087
2022-06-08,1.28,3.03,0.4224422442244225
2022-06-09,1.3,3.04,0.4276315789473684
2022-06-10,1.39,3.15,0.44126984126984126
2022-06-13,1.73,3.43,0.5043731778425655
2022-06-14,1.83,3.49,0.5243553008595988
2022-06-15,1.74,3.33,0.5225225225225225
2022-06-16,1.59,3.28,0.48475609756097565
2022-06-17,1.63,3.25,0.5015384615384615
2022-06-20,,,
2022-06-21,1.7,3.31,0.5135951661631419
2022-06-22,1.61,3.16,0.509493670886076
2022-06-23,1.65,3.09,0.5339805825242718
2022-06-24,1.73,3.13,0.5527156549520766
2022-06-27,1.79,3.2,0.559375
2022-06-28,1.79,3.2,0.559375
2022-06-29,1.78,3.1,0.5741935483870968
2022-06-30,1.72,2.98,0.5771812080536912
2022-07-01,1.73,2.88,0.6006944444444444
2022-07-04,,,
2022-07-05,1.9,2.82,0.6737588652482269
2022-07-06,1.9,2.93,0.6484641638225256
2022-07-07,1.95,3.01,0.6478405315614618
2022-07-08,1.98,3.09,0.6407766990291263
2022-07-11,2.18,2.99,0.7290969899665551
2022-07-12,2.22,2.96,0.7500000000000001
2022-07-13,2.39,2.91,0.8213058419243986
2022-07-14,2.4,2.96,0.8108108108108107
2022-07-15,2.37,2.93,0.8088737201365188
2022-07-18,2.5,2.96,0.8445945945945946
2022-07-19,2.52,3.01,0.8372093023255814
2022-07-20,2.51,3.04,0.825657894736842
2022-07-21,2.48,2.91,0.852233676975945
2022-07-22,2.49,2.77,0.8989169675090254
2022-07-25,2.62,2.81,0.9323843416370107
2022-07-26,2.55,2.81,0.9074733096085409
2022-07-27,2.44,2.78,0.8776978417266188
2022-07-28,2.42,2.68,0.9029850746268656
2022-07-29,2.41,2.67,0.902621722846442
2022-08-01,2.56,2.6,0.9846153846153846
2022-08-02,2.56,2.75,0.9309090909090909
2022-08-03,2.52,2.73,0.9230769230769231
2022-08-04,2.5,2.68,0.9328358208955223
2022-08-05,2.58,2.83,0.911660777385159
2022-08-08,2.65,2.77,0.9566787003610108
2022-08-09,2.67,2.8,0.9535714285714286
2022-08-10,2.65,2.78,0.9532374100719425
2022-08-11,2.62,2.87,0.9128919860627178
2022-08-12,2.63,2.84,0.926056338028169
2022-08-15,2.72,2.79,0.9749103942652331
2022-08-16,2.7,2.82,0.9574468085106385
2022-08-17,2.68,2.89,0.9273356401384083
2022-08-18,2.71,2.88,0.9409722222222222
2022-08-19,2.74,2.98,0.9194630872483223
2022-08-22,2.82,3.03,0.9306930693069307
2022-08-23,2.8,3.05,0.9180327868852459
2022-08-24,2.82,3.11,0.9067524115755626
2022-08-25,2.88,3.03,0.9504950495049506
2022-08-26,2.89,3.04,0.9506578947368421
2022-08-29,2.97,3.12,0.951923076923077
2022-08-30,2.97,3.11,0.9549839228295821
2022-08-31,2.96,3.15,0.9396825396825397
2022-09-01,2.97,3.26,0.9110429447852761
2022-09-02,2.94,3.2,0.91875
2022-09-05,,,
2022-09-06,3.04,3.33,0.9129129129129129
2022-09-07,3.07,3.27,0.9388379204892966
2022-09-08,3.06,3.29,0.9300911854103343
2022-09-09,3.08,3.33,0.924924924924925
2022-09-12,3.17,3.37,0.9406528189910979
2022-09-13,3.28,3.42,0.9590643274853801
2022-09-14,3.24,3.41,0.9501466275659824
2022-09-15,3.22,3.45,0.9333333333333333
2022-09-16,3.2,3.45,0.927536231884058
2022-09-19,3.37,3.49,0.9656160458452722
2022-09-20,3.35,3.57,0.9383753501400561
2022-09-21,3.31,3.51,0.9430199430199431
2022-09-22,3.29,3.7,0.8891891891891892
2022-09-23,3.24,3.69,0.878048780487805
2022-09-26,3.39,3.88,0.8737113402061856
2022-09-27,3.35,3.97,0.8438287153652393
2022-09-28,3.4,3.72,0.9139784946236559
2022-09-29,3.36,3.76,0.8936170212765958
2022-09-30,3.33,3.83,0.8694516971279374
2022-10-03,3.46,3.67,0.9427792915531336
2022-10-04,3.45,3.62,0.9530386740331492
2022-10-05,3.46,3.76,0.9202127659574468
2022-10-06,3.46,3.83,0.9033942558746736
2022-10-07,3.45,3.89,0.8868894601542416
2022-10-10,,,
2022-10-11,3.67,3.93,0.9338422391857506
2022-10-12,3.7,3.91,0.9462915601023018
2022-10-13,3.79,3.97,0.9546599496221662
2022-10-14,3.81,4.0,0.9525
2022-10-17,3.97,4.02,0.9875621890547265
2022-10-18,4.04,4.01,1.0074812967581048
2022-10-19,4.07,4.14,0.9830917874396137
2022-10-20,4.09,4.24,0.9646226415094339
2022-10-21,4.09,4.21,0.9714964370546318
2022-10-24,4.16,4.25,0.9788235294117648
2022-10-25,4.14,4.1,1.0097560975609756
2022-10-26,4.11,4.04,1.0173267326732673
2022-10-27,4.13,3.96,1.0429292929292928
2022-10-28,4.18,4.02,1.0398009950248757
2022-10-31,4.22,4.1,1.0292682926829269
2022-11-01,4.23,4.07,1.0393120393120394
2022-11-02,4.22,4.1,1.0292682926829269
2022-11-03,4.25,4.14,1.0265700483091789
2022-11-04,4.21,4.17,1.0095923261390887
2022-11-07,4.29,4.22,1.0165876777251186
2022-11-08,4.28,4.14,1.033816425120773
2022-11-09,4.29,4.12,1.0412621359223302
2022-11-10,4.28,3.82,1.1204188481675394
2022-11-11,,,
2022-11-14,4.34,3.88,1.1185567010309279
2022-11-15,4.31,3.8,1.1342105263157893
2022-11-16,4.32,3.67,1.1771117166212535
2022-11-17,4.32,3.77,1.1458885941644563
2022-11-18,4.34,3.82,1.1361256544502618
2022-11-21,4.41,3.83,1.1514360313315928
2022-11-22,4.4,3.76,1.170212765957447
2022-11-23,4.4,3.71,1.1859838274932615
2022-11-24,,,
2022-11-25,4.41,3.68,1.1983695652173914
2022-11-28,4.41,3.69,1.1951219512195121
2022-11-29,4.38,3.75,1.168
2022-11-30,4.37,3.68,1.1875
2022-12-01,4.33,3.53,1.226628895184136
2022-12-02,4.34,3.51,1.2364672364672364
2022-12-05,4.36,3.6,1.2111111111111112
2022-12-06,4.37,3.51,1.2450142450142452
2022-12-07,4.29,3.42,1.2543859649122808
2022-12-08,4.28,3.48,1.2298850574712645
2022-12-09,4.31,3.57,1.207282913165266
2022-12-12,4.38,3.61,1.2132963988919667
2022-12-13,4.35,3.51,1.2393162393162394
2022-12-14,4.33,3.49,1.2406876790830945
2022-12-15,4.34,3.44,1.2616279069767442
2022-12-16,4.31,3.48,1.2385057471264367
2022-12-19,4.37,3.57,1.2240896358543418
2022-12-20,4.35,3.69,1.178861788617886
2022-12-21,4.33,3.68,1.1766304347826086
2022-12-22,4.35,3.67,1.1852861035422342
2022-12-23,4.34,3.75,1.1573333333333333
2022-12-26,,,
2022-12-27,4.46,3.84,1.1614583333333333
2022-12-28,4.46,3.88,1.1494845360824741
2022-12-29,4.45,3.83,1.1618798955613576
2022-12-30,4.42,3.88,1.1391752577319587
2023-01-02,,,
2023-01-03,4.53,3.79,1.195250659630607
2023-01-04,4.55,3.69,1.2330623306233062
2023-01-05,4.66,3.71,1.2560646900269543
2023-01-06,4.67,3.55,1.315492957746479
2023-01-09,4.7,3.53,1.331444759206799
2023-01-10,4.73,3.61,1.3102493074792245
2023-01-11,4.72,3.54,1.3333333333333333
2023-01-12,4.66,3.43,1.358600583090379
2023-01-13,4.67,3.49,1.33810888252149
2023-01-16,,,
2023-01-17,4.71,3.53,1.3342776203966007
2023-01-18,4.69,3.37,1.3916913946587537
2023-01-19,4.71,3.39,1.3893805309734513
2023-01-20,4.72,3.48,1.3563218390804597
2023-01-23,4.73,3.52,1.3437500000000002
2023-01-24,4.72,3.46,1.3641618497109826
2023-01-25,4.72,3.46,1.3641618497109826
2023-01-26,4.71,3.49,1.3495702005730659
2023-01-27,4.73,3.52,1.3437500000000002
2023-01-30,4.72,3.55,1.3295774647887324
2023-01-31,4.7,3.52,1.3352272727272727
2023-02-01,4.66,3.39,1.3746312684365782
2023-02-02,4.66,3.4,1.3705882352941177
2023-02-03,4.7,3.53,1.331444759206799
2023-02-06,4.71,3.63,1.297520661157025
2023-02-07,4.71,3.67,1.2833787465940054
2023-02-08,4.72,3.63,1.300275482093664
2023-02-09,4.77,3.67,1.2997275204359673
2023-02-10,4.79,3.74,1.2807486631016043
2023-02-13,4.81,3.72,1.2930107526881718
2023-02-14,4.8,3.77,1.273209549071618
2023-02-15,4.79,3.81,1.2572178477690288
2023-02-16,4.84,3.86,1.2538860103626943
2023-02-17,4.84,3.82,1.2670157068062828
2023-02-20,,,
2023-02-21,4.86,3.95,1.2303797468354432
2023-02-22,4.84,3.93,1.2315521628498727
2023-02-23,4.84,3.88,1.2474226804123711
2023-02-24,4.86,3.95,1.2303797468354432
2023-02-27,4.89,3.92,1.2474489795918366
2023-02-28,4.88,3.92,1.2448979591836735
2023-03-01,4.9,4.01,1.2219451371571073
2023-03-02,4.91,4.08,1.2034313725490196
2023-03-03,4.91,3.97,1.2367758186397986
2023-03-06,4.93,3.98,1.2386934673366834
2023-03-07,5.04,3.97,1.269521410579345
2023-03-08,5.06,3.98,1.2713567839195978
2023-03-09,5.05,3.93,1.2849872773536894
2023-03-10,5.01,3.7,1.354054054054054
2023-03-13,4.87,3.55,1.3718309859154931
2023-03-14,4.88,3.64,1.3406593406593406
2023-03-15,4.75,3.51,1.3532763532763534
2023-03-16,4.74,3.56,1.3314606741573034
2023-03-17,4.52,3.39,1.3333333333333333
2023-03-20,4.81,3.47,1.3861671469740633
2023-03-21,4.78,3.59,1.3314763231197773
2023-03-22,4.79,3.48,1.3764367816091954
2023-03-23,4.73,3.38,1.3994082840236688
2023-03-24,4.74,3.38,1.4023668639053255
2023-03-27,4.91,3.53,1.3909348441926346
2023-03-28,4.8,3.55,1.352112676056338
2023-03-29,4.8,3.57,1.3445378151260505
2023-03-30,4.97,3.55,1.4
2023-03-31,4.85,3.48,1.39367816091954
2023-04-03,4.9,3.43,1.4285714285714286
2023-04-04,4.88,3.35,1.4567164179104477
2023-04-05,4.86,3.3,1.4727272727272729
2023-04-06,4.91,3.3,1.487878787878788
2023-04-07,4.95,3.39,1.4601769911504425
2023-04-10,5.08,3.41,1.4897360703812317
2023-04-11,5.04,3.43,1.4693877551020407
2023-04-12,5.02,3.41,1.472140762463343
2023-04-13,5.1,3.45,1.4782608695652173
2023-04-14,5.14,3.52,1.4602272727272727
2023-04-17,5.21,3.6,1.4472222222222222
2023-04-18,5.2,3.58,1.452513966480447
2023-04-19,5.16,3.6,1.4333333333333333
2023-04-20,5.12,3.54,1.4463276836158192
2023-04-21,5.14,3.57,1.4397759103641457
2023-04-24,5.2,3.52,1.4772727272727273
2023-04-25,5.12,3.4,1.5058823529411764
2023-04-26,5.16,3.43,1.5043731778425655
2023-04-27,5.18,3.53,1.4674220963172804
2023-04-28,5.1,3.44,1.4825581395348837
2023-05-01,5.27,3.59,1.467966573816156
2023-05-02,5.24,3.44,1.5232558139534884
2023-05-03,5.26,3.38,1.5562130177514792
2023-05-04,5.26,3.37,1.5608308605341246
2023-05-05,5.26,3.44,1.5290697674418605
2023-05-08,5.31,3.52,1.508522727272727
2023-05-09,5.29,3.53,1.4985835694050993
2023-05-10,5.24,3.43,1.5276967930029155
2023-05-11,5.2,3.39,1.5339233038348083
2023-05-12,5.25,3.46,1.5173410404624277
2023-05-15,5.21,3.5,1.4885714285714287
2023-05-16,5.23,3.54,1.477401129943503
2023-05-17,5.26,3.57,1.473389355742297
2023-05-18,5.31,3.65,1.4547945205479451
2023-05-19,5.29,3.7,1.4297297297297298
2023-05-22,5.4,3.72,1.4516129032258065
2023-05-23,5.34,3.7,1.4432432432432432
2023-05-24,5.37,3.73,1.4396782841823057
2023-05-25,5.38,3.83,1.4046997389033942
2023-05-26,5.34,3.8,1.4052631578947368
2023-05-29,,,
2023-05-30,5.55,3.69,1.5040650406504066
2023-05-31,5.52,3.64,1.5164835164835164
2023-06-01,5.5,3.61,1.5235457063711912
2023-06-02,5.5,3.69,1.4905149051490516
2023-06-05,5.46,3.69,1.4796747967479675
2023-06-06,5.44,3.7,1.4702702702702704
2023-06-07,5.42,3.79,1.4300791556728232
2023-06-08,5.38,3.73,1.4423592493297588
2023-06-09,5.37,3.75,1.432
2023-06-12,5.4,3.73,1.447721179624665
2023-06-13,5.36,3.84,1.3958333333333335
2023-06-14,5.36,3.83,1.3994778067885119
2023-06-15,5.33,3.72,1.432795698924731
2023-06-16,5.34,3.77,1.416445623342175
2023-06-19,,,
2023-06-20,5.39,3.74,1.441176470588235
2023-06-21,5.4,3.72,1.4516129032258065
2023-06-22,5.4,3.8,1.4210526315789476
2023-06-23,5.41,3.74,1.446524064171123
2023-06-26,5.5,3.72,1.478494623655914
2023-06-27,5.44,3.77,1.4429708222811672
2023-06-28,5.44,3.71,1.4663072776280324
2023-06-29,5.46,3.85,1.4181818181818182
2023-06-30,5.43,3.81,1.4251968503937007
2023-07-03,5.44,3.86,1.4093264248704664
2023-07-04,,,
2023-07-05,5.44,3.95,1.3772151898734177
2023-07-06,5.46,4.05,1.348148148148148
2023-07-07,5.46,4.06,1.3448275862068966
2023-07-10,5.48,4.01,1.3665835411471323
2023-07-11,5.49,3.99,1.3759398496240602
2023-07-12,5.47,3.86,1.4170984455958548
2023-07-13,5.47,3.76,1.4547872340425532
2023-07-14,5.49,3.83,1.433420365535248
2023-07-17,5.49,3.81,1.4409448818897639
2023-07-18,5.49,3.8,1.4447368421052633
2023-07-19,5.49,3.75,1.464
2023-07-20,5.49,3.85,1.425974025974026
2023-07-21,5.5,3.84,1.4322916666666667
2023-07-24,5.51,3.86,1.427461139896373
2023-07-25,5.51,3.91,1.4092071611253196
2023-07-26,5.51,3.86,1.427461139896373
2023-07-27,5.51,4.01,1.374064837905237
2023-07-28,5.52,3.96,1.3939393939393938
2023-07-31,5.55,3.97,1.3979848866498739
2023-08-01,5.54,4.05,1.3679012345679014
2023-08-02,5.53,4.08,1.3553921568627452
2023-08-03,5.54,4.2,1.319047619047619
2023-08-04,5.54,4.05,1.3679012345679014
2023-08-07,5.56,4.09,1.3594132029339854
2023-08-08,5.57,4.02,1.3855721393034828
2023-08-09,5.55,4.0,1.3875
2023-08-10,5.54,4.09,1.3545232273838632
2023-08-11,5.54,4.16,1.3317307692307692
2023-08-14,5.56,4.19,1.3269689737470165
2023-08-15,5.56,4.21,1.3206650831353919
2023-08-16,5.56,4.28,1.2990654205607475
2023-08-17,5.56,4.3,1.2930232558139534
2023-08-18,5.55,4.26,1.3028169014084507
2023-08-21,5.57,4.34,1.283410138248848
2023-08-22,5.57,4.34,1.283410138248848
2023-08-23,5.57,4.19,1.3293556085918854
2023-08-24,5.58,4.23,1.3191489361702127
2023-08-25,5.61,4.25,1.32
2023-08-28,5.58,4.2,1.3285714285714285
2023-08-29,5.56,4.12,1.349514563106796
2023-08-30,5.56,4.12,1.349514563106796
2023-08-31,5.56,4.09,1.3594132029339854
2023-09-01,5.53,4.18,1.3229665071770336
2023-09-04,,,
2023-09-05,5.55,4.27,1.2997658079625294
2023-09-06,5.55,4.3,1.2906976744186047
2023-09-07,5.53,4.27,1.2950819672131149
2023-09-08,5.55,4.26,1.3028169014084507
2023-09-11,5.55,4.29,1.2937062937062938
2023-09-12,5.56,4.27,1.3021077283372366
2023-09-13,5.55,4.25,1.3058823529411765
2023-09-14,5.55,4.29,1.2937062937062938
2023-09-15,5.56,4.33,1.2840646651270207
2023-09-18,5.55,4.32,1.284722222222222
2023-09-19,5.54,4.37,1.2677345537757436
2023-09-20,5.56,4.35,1.27816091954023
2023-09-21,5.57,4.49,1.2405345211581291
2023-09-22,5.56,4.44,1.2522522522522521
2023-09-25,5.58,4.55,1.2263736263736265
2023-09-26,5.58,4.56,1.223684210526316
2023-09-27,5.58,4.61,1.210412147505423
2023-09-28,5.56,4.59,1.2113289760348585
2023-09-29,5.55,4.59,1.2091503267973855
2023-10-02,5.62,4.69,1.1982942430703625
2023-10-03,5.62,4.81,1.1683991683991686
2023-10-04,5.61,4.73,1.1860465116279069
2023-10-05,5.61,4.72,1.1885593220338984
2023-10-06,5.63,4.78,1.1778242677824267
2023-10-09,,,
2023-10-10,5.61,4.66,1.203862660944206
2023-10-11,5.61,4.58,1.2248908296943233
2023-10-12,5.63,4.7,1.1978723404255318
2023-10-13,5.62,4.63,1.2138228941684666
2023-10-16,5.61,4.71,1.1910828025477709
2023-10-17,5.62,4.83,1.1635610766045548
2023-10-18,5.61,4.91,1.1425661914460286
2023-10-19,5.6,4.98,1.1244979919678713
2023-10-20,5.58,4.93,1.13184584178499
2023-10-23,5.58,4.86,1.1481481481481481
2023-10-24,5.58,4.83,1.15527950310559
2023-10-25,5.59,4.95,1.1292929292929292
2023-10-26,5.59,4.86,1.1502057613168724
2023-10-27,5.59,4.84,1.1549586776859504
2023-10-30,5.6,4.88,1.1475409836065573
2023-10-31,5.59,4.88,1.1454918032786885
2023-11-01,5.57,4.77,1.167714884696017
2023-11-02,5.54,4.67,1.1862955032119915
2023-11-03,5.53,4.57,1.2100656455142231
2023-11-06,5.56,4.67,1.190578158458244
2023-11-07,5.55,4.58,1.2117903930131004
2023-11-08,5.54,4.49,1.2338530066815143
2023-11-09,5.54,4.62,1.199134199134199
2023-11-10,5.53,4.61,1.1995661605206074
2023-11-13,5.55,4.63,1.1987041036717063
2023-11-14,5.52,4.44,1.243243243243243
2023-11-15,5.53,4.53,1.2207505518763797
2023-11-16,5.51,4.45,1.2382022471910112
2023-11-17,5.5,4.44,1.2387387387387385
2023-11-20,5.54,4.42,1.253393665158371
2023-11-21,5.53,4.41,1.253968253968254
2023-11-22,5.54,4.42,1.253393665158371
2023-11-23,,,
2023-11-24,5.54,4.47,1.2393736017897092
2023-11-27,5.49,4.39,1.2505694760820047
2023-11-28,5.47,4.34,1.26036866359447
2023-11-29,5.45,4.27,1.2763466042154568
2023-11-30,5.45,4.37,1.2471395881006866
2023-12-01,5.43,4.22,1.2867298578199051
2023-12-04,5.46,4.28,1.2757009345794392
2023-12-05,5.45,4.18,1.3038277511961724
2023-12-06,5.45,4.12,1.3228155339805825
2023-12-07,5.44,4.14,1.314009661835749
2023-12-08,5.44,4.23,1.2860520094562646
2023-12-11,5.47,4.23,1.2931442080378248
2023-12-12,5.46,4.2,1.3
2023-12-13,5.44,4.04,1.3465346534653466
2023-12-14,5.43,3.92,1.385204081632653
2023-12-15,5.44,3.91,1.391304347826087
2023-12-18,5.46,3.95,1.3822784810126583
2023-12-19,5.43,3.93,1.381679389312977
2023-12-20,5.44,3.86,1.4093264248704664
2023-12-21,5.42,3.89,1.3933161953727506
2023-12-22,5.44,3.9,1.394871794871795
2023-12-25,,,
2023-12-26,5.45,3.89,1.4010282776349614
2023-12-27,5.44,3.79,1.4353562005277045
2023-12-28,5.45,3.84,1.4192708333333335
2023-12-29,5.4,3.88,1.3917525773195878
2024-01-01,,,
2024-01-02,5.46,3.95,1.3822784810126583
2024-01-03,5.48,3.91,1.40153452685422
2024-01-04,5.48,3.99,1.3734335839598997
2024-01-05,5.47,4.05,1.3506172839506172
2024-01-08,5.49,4.01,1.3690773067331672
2024-01-09,5.47,4.02,1.3606965174129355
2024-01-10,5.46,4.04,1.3514851485148516
2024-01-11,5.46,3.98,1.3718592964824121
2024-01-12,5.45,3.96,1.3762626262626263
2024-01-15,,,
2024-01-16,5.45,4.07,1.339066339066339
2024-01-17,5.47,4.1,1.3341463414634147
2024-01-18,5.45,4.14,1.316425120772947
2024-01-19,5.45,4.15,1.3132530120481927
2024-01-22,5.46,4.11,1.3284671532846715
2024-01-23,5.45,4.14,1.316425120772947
2024-01-24,5.44,4.18,1.3014354066985647
2024-01-25,5.44,4.14,1.314009661835749
2024-01-26,5.44,4.15,1.310843373493976
2024-01-29,5.42,4.08,1.3284313725490196
2024-01-30,5.42,4.06,1.3349753694581281
2024-01-31,5.42,3.99,1.3583959899749372
2024-02-01,5.42,3.87,1.400516795865633
2024-02-02,5.43,4.03,1.347394540942928
2024-02-05,5.42,4.17,1.2997601918465227
2024-02-06,5.44,4.09,1.330073349633252
2024-02-07,5.43,4.09,1.3276283618581908
2024-02-08,5.44,4.15,1.310843373493976
2024-02-09,5.44,4.17,1.3045563549160673
2024-02-12,5.43,4.17,1.3021582733812949
2024-02-13,5.45,4.31,1.2645011600928076
2024-02-14,5.43,4.27,1.2716627634660422
2024-02-15,5.43,4.24,1.2806603773584904
2024-02-16,5.44,4.3,1.2651162790697676
2024-02-19,,,
2024-02-20,5.44,4.27,1.2740046838407497
2024-02-21,5.44,4.32,1.2592592592592593
2024-02-22,5.45,4.33,1.258660508083141
2024-02-23,5.46,4.26,1.2816901408450705
2024-02-26,5.47,4.28,1.27803738317757
2024-02-27,5.45,4.31,1.2645011600928076
2024-02-28,5.45,4.27,1.2763466042154568
2024-02-29,5.45,4.25,1.2823529411764707
2024-03-01,5.42,4.19,1.2935560859188542
2024-03-04,5.48,4.22,1.2985781990521328
2024-03-05,5.47,4.13,1.324455205811138
2024-03-06,5.47,4.11,1.3309002433090023
2024-03-07,5.47,4.09,1.337408312958435
2024-03-08,5.46,4.09,1.3349633251833741
2024-03-11,5.48,4.1,1.3365853658536588
2024-03-12,5.48,4.16,1.3173076923076923
2024-03-13,5.48,4.19,1.307875894988067
2024-03-14,5.48,4.29,1.2773892773892774
2024-03-15,5.48,4.31,1.2714617169373552
2024-03-18,5.48,4.34,1.262672811059908
2024-03-19,5.48,4.3,1.274418604651163
2024-03-20,5.47,4.27,1.2810304449648713
2024-03-21,5.48,4.27,1.2833723653395788
2024-03-22,5.46,4.22,1.2938388625592419
2024-03-25,5.46,4.25,1.2847058823529411
2024-03-26,5.46,4.24,1.2877358490566038
2024-03-27,5.45,4.2,1.2976190476190477
2024-03-28,5.46,4.2,1.3
2024-03-29,,,
2024-04-01,5.44,4.33,1.25635103926097
2024-04-02,5.42,4.36,1.2431192660550459
2024-04-03,5.42,4.36,1.2431192660550459
2024-04-04,5.41,4.31,1.2552204176334107
2024-04-05,5.43,4.39,1.2369020501138952
2024-04-08,5.43,4.42,1.2285067873303166
2024-04-09,5.43,4.36,1.2454128440366972
2024-04-10,5.45,4.55,1.197802197802198
2024-04-11,5.45,4.56,1.1951754385964914
2024-04-12,5.45,4.5,1.2111111111111112
2024-04-15,5.45,4.63,1.1771058315334775
2024-04-16,5.45,4.67,1.1670235546038545
2024-04-17,5.45,4.59,1.187363834422658
2024-04-18,5.46,4.64,1.1767241379310345
2024-04-19,5.45,4.62,1.1796536796536796
2024-04-22,5.42,4.62,1.173160173160173
2024-04-23,5.45,4.61,1.1822125813449023
2024-04-24,5.46,4.65,1.1741935483870967
2024-04-25,5.47,4.7,1.1638297872340424
2024-04-26,5.46,4.67,1.1691648822269807
2024-04-29,5.45,4.63,1.1771058315334775
2024-04-30,5.46,4.69,1.1641791044776117
2024-05-01,5.46,4.63,1.1792656587473003
2024-05-02,5.46,4.58,1.1921397379912664
2024-05-03,5.45,4.5,1.2111111111111112
2024-05-06,5.45,4.49,1.2138084632516704
2024-05-07,5.45,4.47,1.21923937360179
2024-05-08,5.45,4.48,1.216517857142857
2024-05-09,5.46,4.45,1.2269662921348314
2024-05-10,5.47,4.5,1.2155555555555555
2024-05-13,5.45,4.48,1.216517857142857
2024-05-14,5.44,4.45,1.2224719101123596
2024-05-15,5.45,4.36,1.25
2024-05-16,5.45,4.38,1.2442922374429224
2024-05-17,5.46,4.42,1.2352941176470589
2024-05-20,5.45,4.44,1.2274774774774775
2024-05-21,5.45,4.41,1.2358276643990929
2024-05-22,5.45,4.43,1.2302483069977428
2024-05-23,5.46,4.47,1.221476510067114
2024-05-24,5.46,4.46,1.2242152466367713
2024-05-27,,,
2024-05-28,5.46,4.54,1.2026431718061674
2024-05-29,5.46,4.61,1.1843817787418653
2024-05-30,5.46,4.55,1.2
2024-05-31,5.46,4.51,1.2106430155210643
2024-06-03,5.52,4.41,1.2517006802721087
2024-06-04,5.52,4.33,1.274826789838337
2024-06-05,5.51,4.29,1.2843822843822843
2024-06-06,5.51,4.28,1.2873831775700932
2024-06-07,5.52,4.43,1.2460496613995484
2024-06-10,5.52,4.47,1.2348993288590604
2024-06-11,5.52,4.39,1.2574031890660593
2024-06-12,5.51,4.31,1.2784222737819027
2024-06-13,5.51,4.24,1.2995283018867922
2024-06-14,5.51,4.2,1.311904761904762
2024-06-17,5.52,4.28,1.2897196261682242
2024-06-18,5.5,4.22,1.3033175355450237
2024-06-19,,,
2024-06-20,5.5,4.25,1.2941176470588236
2024-06-21,5.49,4.25,1.291764705882353
2024-06-24,5.5,4.25,1.2941176470588236
2024-06-25,5.49,4.23,1.297872340425532
2024-06-26,5.5,4.32,1.2731481481481481
2024-06-27,5.49,4.29,1.2797202797202798
2024-06-28,5.48,4.36,1.2568807339449541
2024-07-01,5.47,4.48,1.2209821428571428
2024-07-02,5.47,4.43,1.234762979683973
2024-07-03,5.47,4.36,1.2545871559633026
2024-07-04,,,
2024-07-05,5.46,4.28,1.2757009345794392
2024-07-08,5.46,4.28,1.2757009345794392
2024-07-09,5.46,4.3,1.2697674418604652
2024-07-10,5.46,4.28,1.2757009345794392
2024-07-11,5.44,4.2,1.2952380952380953
2024-07-12,5.43,4.18,1.299043062200957
2024-07-15,5.43,4.23,1.283687943262411
2024-07-16,5.43,4.17,1.3021582733812949
2024-07-17,5.43,4.16,1.3052884615384615
2024-07-18,5.43,4.2,1.2928571428571427
2024-07-19,5.43,4.25,1.2776470588235294
2024-07-22,5.43,4.26,1.2746478873239437
2024-07-23,5.41,4.25,1.2729411764705882
2024-07-24,5.4,4.28,1.2616822429906542
2024-07-25,5.39,4.27,1.2622950819672132
2024-07-26,5.38,4.2,1.2809523809523808
2024-07-29,5.41,4.17,1.2973621103117507
2024-07-30,5.4,4.15,1.3012048192771084
2024-07-31,5.41,4.09,1.3227383863080686
2024-08-01,5.37,3.99,1.3458646616541352
2024-08-02,5.29,3.8,1.3921052631578947
2024-08-05,5.35,3.78,1.4153439153439153
2024-08-06,5.34,3.9,1.3692307692307693
2024-08-07,5.34,3.96,1.3484848484848484
2024-08-08,5.34,3.99,1.338345864661654
2024-08-09,5.33,3.94,1.352791878172589
2024-08-12,5.33,3.9,1.3666666666666667
2024-08-13,5.32,3.85,1.3818181818181818
2024-08-14,5.32,3.83,1.3890339425587468
2024-08-15,5.34,3.92,1.3622448979591837
2024-08-16,5.33,3.89,1.3701799485861181
2024-08-19,5.31,3.86,1.3756476683937824
2024-08-20,5.29,3.82,1.3848167539267016
2024-08-21,5.26,3.79,1.3878627968337731
2024-08-22,5.28,3.86,1.367875647668394
2024-08-23,5.25,3.81,1.3779527559055118
2024-08-26,5.24,3.82,1.3717277486910995
2024-08-27,5.23,3.83,1.3655352480417755
2024-08-28,5.21,3.84,1.3567708333333335
2024-08-29,5.22,3.87,1.3488372093023255
2024-08-30,5.21,3.91,1.3324808184143222
2024-09-02,,,
2024-09-03,5.19,3.84,1.3515625000000002
2024-09-04,5.18,3.77,1.3740053050397878
2024-09-05,5.15,3.73,1.3806970509383378
2024-09-06,5.13,3.72,1.379032258064516
2024-09-09,5.11,3.7,1.3810810810810812
2024-09-10,5.06,3.65,1.3863013698630136
2024-09-11,5.1,3.65,1.3972602739726028
2024-09-12,5.06,3.68,1.3749999999999998
2024-09-13,4.97,3.66,1.3579234972677594
2024-09-16,4.96,3.63,1.3663911845730028
2024-09-17,4.95,3.65,1.356164383561644
2024-09-18,4.84,3.7,1.308108108108108
2024-09-19,4.8,3.73,1.2868632707774799
2024-09-20,4.75,3.73,1.2734584450402144
2024-09-23,4.72,3.75,1.2586666666666666
2024-09-24,4.69,3.74,1.254010695187166
2024-09-25,4.69,3.79,1.237467018469657
2024-09-26,4.68,3.79,1.2348284960422162
2024-09-27,4.68,3.75,1.248
2024-09-30,4.73,3.81,1.241469816272966
2024-10-01,4.71,3.74,1.2593582887700534
2024-10-02,4.69,3.79,1.237467018469657
2024-10-03,4.68,3.85,1.2155844155844155
2024-10-04,4.73,3.98,1.1884422110552766
2024-10-07,4.77,4.03,1.1836228287841188
2024-10-08,4.75,4.04,1.1757425742574257
2024-10-09,4.75,4.06,1.1699507389162562
2024-10-10,4.75,4.09,1.1613691931540342
2024-10-11,4.73,4.08,1.1593137254901962
2024-10-14,,,
2024-10-15,4.73,4.03,1.173697270471464
2024-10-16,4.72,4.02,1.1741293532338308
2024-10-17,4.74,4.09,1.1589242053789732
2024-10-18,4.73,4.08,1.1593137254901962
2024-10-21,4.73,4.19,1.1288782816229117
2024-10-22,4.72,4.2,1.1238095238095238
2024-10-23,4.73,4.24,1.1155660377358492
2024-10-24,4.7,4.21,1.1163895486935866
2024-10-25,4.73,4.25,1.1129411764705883
2024-10-28,4.7,4.28,1.0981308411214954
2024-10-29,4.7,4.28,1.0981308411214954
2024-10-30,4.67,4.29,1.0885780885780885
2024-10-31,4.64,4.28,1.0841121495327102
2024-11-01,4.61,4.37,1.0549199084668193
2024-11-04,4.65,4.31,1.0788863109048725
2024-11-05,4.64,4.26,1.0892018779342723
2024-11-06,4.64,4.42,1.0497737556561086
2024-11-07,4.63,4.31,1.074245939675174
2024-11-08,4.63,4.3,1.0767441860465117
2024-11-11,,,
2024-11-12,4.63,4.43,1.0451467268623025
2024-11-13,4.6,4.44,1.036036036036036
2024-11-14,4.61,4.43,1.0406320541760723
2024-11-15,4.6,4.43,1.0383747178329572
2024-11-18,4.63,4.42,1.0475113122171946
2024-11-19,4.62,4.39,1.0523917995444192
2024-11-20,4.62,4.41,1.0476190476190477
2024-11-21,4.63,4.43,1.0451467268623025
2024-11-22,4.63,4.41,1.0498866213151927
2024-11-25,4.62,4.27,1.0819672131147542
2024-11-26,4.61,4.3,1.0720930232558141
2024-11-27,4.6,4.25,1.0823529411764705
2024-11-28,,,
2024-11-29,4.58,4.18,1.0956937799043063
2024-12-02,4.51,4.19,1.0763723150357993
2024-12-03,4.49,4.23,1.061465721040189
2024-12-04,4.47,4.19,1.0668257756563244
2024-12-05,4.46,4.17,1.0695443645083933
2024-12-06,4.42,4.15,1.0650602409638552
2024-12-09,4.42,4.2,1.0523809523809524
2024-12-10,4.41,4.22,1.0450236966824646
2024-12-11,4.38,4.26,1.028169014084507
2024-12-12,4.35,4.32,1.0069444444444442
2024-12-13,4.34,4.4,0.9863636363636362
2024-12-16,4.37,4.39,0.9954441913439637
2024-12-17,4.38,4.4,0.9954545454545454
2024-12-18,4.36,4.5,0.9688888888888889
2024-12-19,4.35,4.57,0.9518599562363237
2024-12-20,4.34,4.52,0.9601769911504425
2024-12-23,4.36,4.59,0.9498910675381265
2024-12-24,4.4,4.59,0.9586056644880175
2024-12-25,,,
2024-12-26,4.35,4.58,0.9497816593886462
2024-12-27,4.31,4.62,0.9329004329004328
2024-12-30,4.37,4.55,0.9604395604395605
2024-12-31,4.37,4.58,0.9541484716157206
2025-01-01,,,
2025-01-02,4.36,4.57,0.9540481400437637
2025-01-03,4.34,4.6,0.9434782608695652
2025-01-06,4.35,4.62,0.9415584415584415
2025-01-07,4.35,4.67,0.9314775160599571
2025-01-08,4.35,4.67,0.9314775160599571
2025-01-09,4.35,4.68,0.9294871794871795
2025-01-10,4.36,4.77,0.9140461215932916
2025-01-13,4.37,4.79,0.9123173277661796
2025-01-14,4.36,4.78,0.9121338912133892
2025-01-15,4.35,4.66,0.9334763948497853
2025-01-16,4.34,4.61,0.9414316702819956
2025-01-17,4.34,4.61,0.9414316702819956
2025-01-20,,,
2025-01-21,4.36,4.57,0.9540481400437637
2025-01-22,4.36,4.6,0.9478260869565219
2025-01-23,4.36,4.65,0.9376344086021505
2025-01-24,4.35,4.63,0.9395248380129589
2025-01-27,4.32,4.53,0.9536423841059603
2025-01-28,4.31,4.55,0.9472527472527472
2025-01-29,4.31,4.55,0.9472527472527472
2025-01-30,4.3,4.52,0.9513274336283186
2025-01-31,4.31,4.58,0.9410480349344977
2025-02-03,4.34,4.54,0.9559471365638766
2025-02-04,4.33,4.52,0.9579646017699116
2025-02-05,4.33,4.43,0.9774266365688489
2025-02-06,4.34,4.45,0.9752808988764045
2025-02-07,4.35,4.49,0.9688195991091313
2025-02-10,4.35,4.51,0.9645232815964523
2025-02-11,4.35,4.54,0.9581497797356827
2025-02-12,4.35,4.62,0.9415584415584415
2025-02-13,4.34,4.52,0.9601769911504425
2025-02-14,4.34,4.47,0.970917225950783
2025-02-17,,,
2025-02-18,4.34,4.55,0.9538461538461539
2025-02-19,4.34,4.53,0.9580573951434878
2025-02-20,4.33,4.5,0.9622222222222222
2025-02-21,4.32,4.42,0.9773755656108598
2025-02-24,4.31,4.4,0.9795454545454544
2025-02-25,4.3,4.3,1.0
2025-02-26,4.31,4.25,1.0141176470588233
2025-02-27,4.32,4.29,1.006993006993007
2025-02-28,4.32,4.24,1.0188679245283019
2025-03-03,4.35,4.16,1.0456730769230769
2025-03-04,4.34,4.22,1.028436018957346
2025-03-05,4.35,4.28,1.0163551401869158
2025-03-06,4.34,4.29,1.0116550116550116
2025-03-07,4.34,4.32,1.0046296296296295
2025-03-10,4.33,4.22,1.0260663507109005
2025-03-11,4.34,4.28,1.014018691588785
2025-03-12,4.35,4.32,1.0069444444444442
2025-03-13,4.34,4.27,1.0163934426229508
2025-03-14,4.33,4.31,1.0046403712296985
2025-03-17,4.34,4.31,1.0069605568445477
2025-03-18,4.34,4.29,1.0116550116550116
2025-03-19,4.33,4.25,1.0188235294117647
2025-03-20,4.33,4.24,1.0212264150943395
2025-03-21,4.33,4.25,1.0188235294117647
2025-03-24,4.33,4.34,0.9976958525345623
2025-03-25,4.33,4.31,1.0046403712296985
2025-03-26,4.33,4.35,0.9954022988505749
2025-03-27,4.33,4.38,0.9885844748858448
2025-03-28,4.33,4.27,1.0140515222482436
2025-03-31,4.32,4.23,1.0212765957446808
2025-04-01,4.32,4.17,1.0359712230215827
2025-04-02,4.32,4.2,1.0285714285714287
2025-04-03,4.31,4.06,1.061576354679803
2025-04-04,4.28,4.01,1.0673316708229428
2025-04-07,4.29,4.15,1.033734939759036
2025-04-08,4.31,4.26,1.011737089201878
2025-04-09,4.35,4.34,1.0023041474654377
2025-04-10,4.34,4.4,0.9863636363636362
2025-04-11,4.34,4.48,0.9687499999999999
2025-04-14,4.33,4.38,0.9885844748858448
2025-04-15,4.33,4.35,0.9954022988505749
2025-04-16,4.33,4.29,1.0093240093240092
2025-04-17,4.34,4.34,1.0
2025-04-18,,,
2025-04-21,4.34,4.42,0.9819004524886877
2025-04-22,4.33,4.41,0.981859410430839
2025-04-23,4.33,4.4,0.984090909090909
2025-04-24,4.32,4.32,1.0
2025-04-25,4.32,4.29,1.006993006993007
2025-04-28,4.32,4.23,1.0212765957446808
2025-04-29,4.31,4.19,1.0286396181384245
2025-04-30,4.31,4.17,1.0335731414868106
2025-05-01,4.31,4.25,1.0141176470588233
2025-05-02,4.33,4.33,1.0
2025-05-05,4.33,4.36,0.9931192660550459
2025-05-06,4.33,4.3,1.0069767441860467
2025-05-07,4.34,4.26,1.0187793427230047
2025-05-08,4.34,4.37,0.9931350114416475
2025-05-09,4.34,4.37,0.9931350114416475
2025-05-12,4.42,4.45,0.9932584269662921
2025-05-13,4.41,4.49,0.9821826280623608
2025-05-14,4.41,4.53,0.9735099337748344
2025-05-15,4.38,4.45,0.9842696629213482
2025-05-16,4.37,4.43,0.9864559819413093
2025-05-19,4.39,4.46,0.984304932735426
2025-05-20,4.38,4.48,0.9776785714285713
2025-05-21,4.36,4.58,0.9519650655021835
2025-05-22,4.37,4.54,0.9625550660792952
2025-05-23,4.36,4.51,0.9667405764966742
2025-05-26,,,
2025-05-27,4.35,4.43,0.9819413092550789
2025-05-28,4.35,4.47,0.9731543624161073
2025-05-29,4.36,4.43,0.9841986455981943
2025-05-30,4.36,4.41,0.9886621315192744
2025-06-02,4.44,4.46,0.9955156950672647
2025-06-03,4.43,4.46,0.9932735426008968
2025-06-04,4.44,4.37,1.0160183066361557
2025-06-05,4.44,4.4,1.009090909090909
2025-06-06,4.43,4.51,0.9822616407982262
2025-06-09,4.44,4.49,0.9888641425389756
2025-06-10,4.45,4.47,0.9955257270693513
2025-06-11,4.45,4.41,1.0090702947845804
2025-06-12,4.46,4.36,1.0229357798165137
2025-06-13,4.45,4.41,1.0090702947845804
2025-06-16,4.43,4.46,0.9932735426008968
2025-06-17,4.42,4.39,1.0068337129840548
2025-06-18,4.42,4.38,1.0091324200913243
2025-06-19,,,
2025-06-20,4.39,4.38,1.002283105022831
2025-06-23,4.38,4.34,1.0092165898617511
2025-06-24,4.38,4.3,1.0186046511627906
2025-06-25,4.38,4.29,1.020979020979021
2025-06-26,4.39,4.26,1.0305164319248825
2025-06-27,4.39,4.29,1.0233100233100232
2025-06-30,4.41,4.24,1.0400943396226414
2025-07-01,4.4,4.26,1.0328638497652582
2025-07-02,4.41,4.3,1.0255813953488373
2025-07-03,4.42,4.35,1.0160919540229885
2025-07-04,,,
2025-07-07,4.42,4.4,1.0045454545454544
2025-07-08,4.42,4.42,1.0
2025-07-09,4.42,4.34,1.0184331797235022
2025-07-10,4.42,4.35,1.0160919540229885
2025-07-11,4.41,4.43,0.9954853273137698
2025-07-14,4.42,4.43,0.9977426636568849
2025-07-15,4.42,4.5,0.9822222222222222
2025-07-16,4.41,4.46,0.9887892376681615
2025-07-17,4.41,4.47,0.9865771812080538
2025-07-18,4.4,4.44,0.990990990990991
2025-07-21,4.41,4.38,1.0068493150684932
2025-07-22,4.41,4.35,1.013793103448276
2025-07-23,4.41,4.4,1.0022727272727272
2025-07-24,4.42,4.43,0.9977426636568849
2025-07-25,4.42,4.4,1.0045454545454544
2025-07-28,4.4,4.42,0.9954751131221721
2025-07-29,4.4,4.34,1.0138248847926268
2025-07-30,4.41,4.38,1.0068493150684932
2025-07-31,4.41,4.37,1.0091533180778032
2025-08-01,4.35,4.23,1.028368794326241
2025-08-04,4.35,4.22,1.0308056872037914
2025-08-05,4.34,4.22,1.028436018957346
2025-08-06,4.32,4.22,1.023696682464455
2025-08-07,4.32,4.23,1.0212765957446808
2025-08-08,4.32,4.27,1.0117096018735365
2025-08-11,4.34,4.27,1.0163934426229508
2025-08-12,4.33,4.29,1.0093240093240092
2025-08-13,4.29,4.24,1.0117924528301887
2025-08-14,4.3,4.29,1.0023310023310024
2025-08-15,4.3,4.33,0.9930715935334873
2025-08-18,4.33,4.34,0.9976958525345623
2025-08-19,4.3,4.3,1.0
2025-08-20,4.3,4.29,1.0023310023310024
2025-08-21,4.32,4.33,0.9976905311778291
2025-08-22,4.27,4.26,1.0023474178403755
2025-08-25,4.29,4.28,1.0023364485981308
2025-08-26,4.28,4.26,1.0046948356807512
2025-08-27,4.26,4.24,1.0047169811320753
2025-08-28,4.26,4.22,1.009478672985782
2025-08-29,4.23,4.23,1.0
2025-09-01,,,
2025-09-02,4.2,4.28,0.9813084112149533
2025-09-03,4.18,4.22,0.990521327014218
2025-09-04,4.16,4.17,0.9976019184652278
2025-09-05,4.07,4.1,0.9926829268292684
2025-09-08,4.1,4.05,1.0123456790123457
2025-09-09,4.1,4.08,1.0049019607843137
2025-09-10,4.09,4.04,1.0123762376237624
2025-09-11,4.08,4.01,1.0174563591022445
2025-09-12,4.08,4.06,1.0049261083743843
2025-09-15,4.06,4.05,1.002469135802469
2025-09-16,4.04,4.04,1.0
2025-09-17,4.02,4.06,0.9901477832512315
2025-09-18,4.03,4.11,0.9805352798053528
2025-09-19,4.03,4.14,0.9734299516908214
2025-09-22,4.0,4.15,0.9638554216867469
2025-09-23,4.0,4.12,0.970873786407767
2025-09-24,4.02,4.16,0.9663461538461537
2025-09-25,4.04,4.18,0.9665071770334929
2025-09-26,4.02,4.2,0.957142857142857
2025-09-29,4.04,4.15,0.9734939759036144
2025-09-30,4.02,4.16,0.9663461538461537
2025-10-01,4.01,4.12,0.9733009708737863
2025-10-02,4.02,4.1,0.9804878048780488
2025-10-03,4.03,4.13,0.9757869249394674
2025-10-06,4.02,4.18,0.9617224880382774
2025-10-07,4.01,4.14,0.9685990338164251
2025-10-08,4.01,4.13,0.9709443099273607
2025-10-09,4.03,4.14,0.9734299516908214
2025-10-10,4.02,4.05,0.9925925925925926
2025-10-13,,,
2025-10-14,4.02,4.03,0.9975186104218361
2025-10-15,4.03,4.05,0.9950617283950618
2025-10-16,4.02,3.99,1.007518796992481
2025-10-17,4.0,4.02,0.9950248756218907
2025-10-20,3.97,4.0,0.9925
2025-10-21,3.96,3.98,0.9949748743718593
2025-10-22,3.96,3.97,0.9974811083123425
2025-10-23,3.95,4.01,0.9850374064837906
2025-10-24,3.93,4.02,0.9776119402985076
2025-10-27,3.89,4.01,0.9700748129675811
2025-10-28,3.89,3.99,0.974937343358396
2025-10-29,3.93,4.08,0.9632352941176471
2025-10-30,3.92,4.11,0.9537712895377128
2025-10-31,3.89,4.11,0.9464720194647201
2025-11-03,3.98,4.13,0.963680387409201
2025-11-04,3.96,4.1,0.9658536585365854
2025-11-05,3.96,4.17,0.9496402877697842
2025-11-06,3.93,4.11,0.9562043795620437
2025-11-07,3.92,4.11,0.9537712895377128
2025-11-10,3.95,4.13,0.9564164648910413
2025-11-11,,,
2025-11-12,3.95,4.08,0.9681372549019608
2025-11-13,3.96,4.11,0.9635036496350364
2025-11-14,3.95,4.14,0.9541062801932368
2025-11-17,3.97,4.13,0.9612590799031477
2025-11-18,3.94,4.12,0.9563106796116504
2025-11-19,3.95,4.13,0.9564164648910413
2025-11-20,3.94,4.1,0.9609756097560976
2025-11-21,3.9,4.06,0.9605911330049262
2025-11-24,3.91,4.04,0.9678217821782178
2025-11-25,3.9,4.01,0.972568578553616
2025-11-26,3.92,4.0,0.98
2025-11-27,,,
2025-11-28,3.88,4.02,0.9651741293532339
2025-12-01,3.81,4.09,0.9315403422982885
2025-12-02,3.77,4.09,0.9217603911980441
2025-12-03,3.72,4.06,0.9162561576354681
2025-12-04,3.71,4.11,0.9026763990267639
2025-12-05,3.71,4.14,0.8961352657004832
2025-12-08,3.73,4.17,0.894484412470024
2025-12-09,3.73,4.18,0.8923444976076556
2025-12-10,3.69,4.13,0.8934624697336562
2025-12-11,3.66,4.14,0.8840579710144929
2025-12-12,3.63,4.19,0.8663484486873507
2025-12-15,3.65,4.18,0.8732057416267943
2025-12-16,3.64,4.15,0.8771084337349397
2025-12-17,3.64,4.16,0.875
2025-12-18,3.62,4.12,0.8786407766990292
2025-12-19,3.62,4.16,0.8701923076923077
2025-12-22,3.64,4.17,0.8729016786570744
2025-12-23,3.65,4.18,0.8732057416267943
2025-12-24,3.69,4.15,0.889156626506024
2025-12-25,,,
2025-12-26,3.64,4.14,0.8792270531400967
2025-12-29,3.68,4.12,0.8932038834951457
2025-12-30,3.65,4.14,0.8816425120772947
2025-12-31,3.67,4.18,0.8779904306220097
2026-01-01,,,
2026-01-02,3.65,4.19,0.8711217183770882
2026-01-05,3.64,4.17,0.8729016786570744
2026-01-06,3.63,4.18,0.868421052631579
2026-01-07,3.62,4.15,0.872289156626506
2026-01-08,3.62,4.19,0.863961813842482
2026-01-09,3.62,4.18,0.8660287081339714
2026-01-12,3.67,4.19,0.8758949880668256
2026-01-13,3.67,4.18,0.8779904306220097
2026-01-14,3.67,4.15,0.8843373493975902
2026-01-15,3.68,4.17,0.8824940047961631
2026-01-16,3.67,4.24,0.865566037735849
2026-01-19,,,
2026-01-20,3.7,4.3,0.8604651162790699
2026-01-21,3.7,4.26,0.8685446009389672
2026-01-22,3.71,4.26,0.8708920187793427
2026-01-23,3.7,4.24,0.8726415094339622
2026-01-26,3.67,4.22,0.8696682464454977
2026-01-27,3.67,4.24,0.865566037735849
2026-01-28,3.68,4.26,0.863849765258216
2026-01-29,3.67,4.24,0.865566037735849
2026-01-30,3.67,4.26,0.8615023474178404
2026-02-02,3.69,4.29,0.8601398601398601
2026-02-03,3.69,4.28,0.8621495327102803
2026-02-04,3.69,4.29,0.8601398601398601
2026-02-05,3.67,4.21,0.8717339667458432
2026-02-06,3.68,4.22,0.8720379146919433
2026-02-09,3.69,4.22,0.8744075829383887
2026-02-10,3.69,4.16,0.8870192307692307
2026-02-11,3.7,4.18,0.8851674641148326
2026-02-12,3.7,4.09,0.9046454767726162
2026-02-13,3.68,4.04,0.9108910891089109
2026-02-16,,,
2026-02-17,3.69,4.05,0.9111111111111111
2026-02-18,3.7,4.09,0.9046454767726162
2026-02-19,3.69,4.08,0.9044117647058824
2026-02-20,3.69,4.08,0.9044117647058824
2026-02-23,3.69,4.03,0.9156327543424317
2026-02-24,3.69,4.04,0.9133663366336634
2026-02-25,3.69,4.05,0.9111111111111111
2026-02-26,3.68,4.02,0.9154228855721395
2026-02-27,3.67,3.97,0.924433249370277
2026-03-02,3.72,4.05,0.9185185185185186
2026-03-03,3.71,4.06,0.9137931034482759
2026-03-04,3.71,4.09,0.9070904645476773
2026-03-05,3.7,4.13,0.8958837772397095
2026-03-06,3.69,4.15,0.889156626506024
2026-03-09,3.71,4.12,0.9004854368932038
2026-03-10,3.71,4.15,0.8939759036144578
2026-03-11,3.71,4.21,0.8812351543942993
2026-03-12,3.72,4.27,0.8711943793911008
2026-03-13,3.72,4.28,0.8691588785046729
2026-03-16,3.72,4.23,0.8794326241134751
2026-03-17,3.72,4.2,0.8857142857142857
2026-03-18,3.73,4.26,0.875586854460094
2026-03-19,3.73,4.25,0.8776470588235294
2026-03-20,3.74,4.39,0.8519362186788156
2026-03-23,3.74,4.34,0.8617511520737328
2026-03-24,3.74,4.39,0.8519362186788156
2026-03-25,3.73,4.33,0.8614318706697459
2026-03-26,3.73,4.42,0.8438914027149321
2026-03-27,3.73,4.44,0.8400900900900901
2026-03-30,3.71,4.35,0.8528735632183909
2026-03-31,3.7,4.3,0.8604651162790699
2026-04-01,3.7,4.33,0.8545034642032333
2026-04-02,3.7,4.31,0.8584686774941996
2026-04-03,3.71,4.35,0.8528735632183909
2026-04-06,3.72,4.34,0.8571428571428572
2026-04-07,3.71,4.33,0.8568129330254042
2026-04-08,3.69,4.29,0.8601398601398601
2026-04-09,3.68,4.29,0.8578088578088578
2026-04-10,3.69,4.31,0.8561484918793504
2026-04-13,3.71,4.3,0.8627906976744186
2026-04-14,3.71,4.26,0.8708920187793427
2026-04-15,3.71,4.29,0.8648018648018648
2026-04-16,3.7,4.32,0.8564814814814815
2026-04-17,3.7,4.26,0.8685446009389672
2026-04-20,3.71,4.26,0.8708920187793427
2026-04-21,3.69,4.3,0.858139534883721
2026-04-22,3.69,4.3,0.858139534883721
2026-04-23,3.69,4.34,0.8502304147465438
2026-04-24,3.69,4.31,0.8561484918793504
2026-04-27,3.68,4.35,0.845977011494253
2026-04-28,3.68,4.36,0.8440366972477064
2026-04-29,3.68,4.42,0.832579185520362
2026-04-30,3.68,4.4,0.8363636363636363
2026-05-01,3.68,4.39,0.8382687927107062
2026-05-04,3.7,4.45,0.8314606741573034
2026-05-05,3.69,4.43,0.8329571106094809
2026-05-06,3.69,4.36,0.8463302752293578
2026-05-07,3.69,4.41,0.836734693877551
2026-05-08,3.69,4.38,0.8424657534246576
2026-05-11,3.7,4.42,0.8371040723981901
2026-05-12,3.7,4.46,0.8295964125560539
2026-05-13,3.69,4.46,0.827354260089686
2026-05-14,3.69,4.47,0.825503355704698
2026-05-15,3.69,4.59,0.803921568627451
2026-05-18,3.68,4.61,0.7982646420824295
2026-05-19,3.67,4.67,0.7858672376873662
2026-05-20,3.65,4.57,0.798687089715536
2026-05-21,3.68,4.57,0.8052516411378555
2026-05-22,3.68,4.56,0.8070175438596492
2026-05-25,,,
2026-05-26,3.68,4.5,0.8177777777777778
2026-05-27,3.68,4.48,0.8214285714285714
2026-05-28,3.69,4.45,0.8292134831460674
2026-05-29,3.69,4.45,0.8292134831460674
2026-06-01,3.78,4.47,0.8456375838926175
2026-06-02,3.77,4.46,0.8452914798206278
2026-06-03,3.78,4.49,0.841870824053452
2026-06-04,3.78,4.47,0.8456375838926175
2026-06-05,3.78,4.55,0.8307692307692307
2026-06-08,3.8,4.56,0.8333333333333334
2026-06-09,3.79,4.53,0.836644591611479
2026-06-10,3.79,4.55,0.832967032967033
2026-06-11,3.78,4.45,0.8494382022471909
2026-06-12,3.78,4.48,0.8437499999999999
2026-06-15,3.79,4.47,0.8478747203579419
2026-06-16,3.79,4.43,0.8555304740406321
2026-06-17,3.83,4.49,0.8530066815144766
2026-06-18,3.83,4.46,0.8587443946188341
2026-06-19,,,
2026-06-22,3.85,4.51,0.853658536585366
2026-06-23,3.85,4.5,0.8555555555555556
2026-06-24,3.85,4.41,0.873015873015873
2026-06-25,3.84,4.4,0.8727272727272726
2026-06-26,3.83,4.38,0.8744292237442923
2026-06-29,3.87,4.38,0.8835616438356165
2026-06-30,3.87,4.44,0.8716216216216216
2026-07-01,3.85,4.48,0.8593749999999999
2026-07-02,3.82,4.49,0.8507795100222716
2026-07-03,,,
2026-07-06,3.87,4.48,0.8638392857142857
2026-07-07,3.86,4.55,0.8483516483516483
2026-07-08,3.87,4.56,0.8486842105263159
2026-07-09,3.83,4.54,0.8436123348017621
2026-07-10,3.85,4.56,0.8442982456140352
2026-07-13,3.89,4.62,0.841991341991342
2026-07-14,3.84,4.58,0.8384279475982532
2026-07-15,3.83,4.55,0.8417582417582418
2026-07-16,3.84,4.57,0.8402625820568927
2026-07-17,3.85,4.55,0.8461538461538463
2026-07-20,3.86,4.6,0.8391304347826087
2026-07-21,3.87,4.63,0.8358531317494601
2026-07-22,3.89,4.67,0.8329764453961457
2026-07-23,3.95,4.71,0.8386411889596603
2026-07-24,3.96,4.69,0.8443496801705757
2026-07-27,3.96,4.65,0.8516129032258064
2026-07-28,3.9,4.61,0.8459869848156182
2026-07-29,3.83,4.67,0.8201284796573876
2026-07-30,3.82,4.68,0.8162393162393162
2026-07-31,3.83,4.75,0.8063157894736842
2026-08-03,3.91,4.7,0.8319148936170213
2026-08-04,3.89,4.63,0.8401727861771059
2026-08-05,3.89,4.63,0.8401727861771059
2026-08-06,3.9,4.69,0.8315565031982941
2026-08-07,3.87,4.65,0.8322580645161289
2026-08-10,3.89,4.72,0.8241525423728814
2026-08-11,3.89,4.7,0.8276595744680851
2026-08-12,3.87,4.68,0.826923076923077
2026-08-13,3.87,4.63,0.8358531317494601
2026-08-14,3.86,4.68,0.8247863247863249
2026-08-17,3.87,4.72,0.8199152542372882
2026-08-18,3.86,4.71,0.8195329087048832
2026-08-19,3.86,4.65,0.8301075268817203
2026-08-20,3.87,4.69,0.8251599147121534
2026-08-21,3.88,4.74,0.8185654008438819
2026-08-24,3.87,4.7,0.823404255319149
2026-08-25,3.86,4.64,0.831896551724138
2026-08-26,3.85,4.66,0.8261802575107297
2026-08-27,3.84,4.67,0.8222698072805139
2026-08-28,3.9,4.73,0.8245243128964058
2026-08-31,3.91,4.75,0.8231578947368421
2026-09-01,3.92,4.79,0.8183716075156576
